source,item,code,wave,cut,n,n_wgt,metric,mean,top3,bot3,net,pct,val,f1,f2,f3,f4,f5,f6,f7,sig,stat
items,QHIVSTIGMAr1,HIVSTIGMA_SB_1,,TOTAL,833,805.7,top3,4.6,56.8,22.0,34.8,,,6.2,6.1,9.7,21.1,24.3,21.6,10.9,0,0.0
items,QHIVSTIGMAr1,HIVSTIGMA_SB_1,,TSP,30,9.8,top3,5.17,75.3,10.9,64.4,,,0.0,0.0,10.9,13.8,32.4,33.1,9.8,1,2.14
items,QHIVSTIGMAr1,HIVSTIGMA_SB_1,,CEC,68,68.3,top3,5.52,76.6,4.6,72.0,,,0.0,0.0,4.6,18.8,21.2,30.2,25.2,2,2.59
items,QHIVSTIGMAr1,HIVSTIGMA_SB_1,,TC,69,59.7,top3,5.51,79.6,6.5,73.1,,,0.0,0.0,6.5,14.0,27.2,26.6,25.8,1,2.4
items,QHIVSTIGMAr1,HIVSTIGMA_SB_1,,HF,26,11.3,top3,4.94,64.4,24.5,39.9,,,9.6,0.0,14.9,11.1,10.9,33.6,19.9,0,0.87
items,QHIVSTIGMAr1,HIVSTIGMA_SB_1,,PP,37,14.9,top3,4.88,63.2,20.2,43.0,,,1.4,10.5,8.3,16.7,20.4,27.9,14.9,0,-0.38
items,QHIVSTIGMAr1,HIVSTIGMA_SB_1,,WE,62,79.2,top3,5.4,77.9,3.6,74.3,,,2.4,0.0,1.2,18.5,26.6,32.3,19.0,1,2.4
items,QHIVSTIGMAr1,HIVSTIGMA_SB_1,,PFF,31,20.6,top3,5.27,76.2,10.9,65.3,,,10.9,0.0,0.0,12.9,13.4,42.5,20.3,1,2.24
items,QHIVSTIGMAr1,HIVSTIGMA_SB_1,,HHN,38,14.4,top3,4.55,59.6,27.4,32.2,,,3.8,14.0,9.6,13.0,30.2,14.6,14.8,0,-0.95
items,QHIVSTIGMAr1,HIVSTIGMA_SB_1,,MFL,49,30.6,top3,5.3,76.6,8.6,68.0,,,0.0,2.8,5.8,14.8,34.4,19.8,22.4,1,2.2
items,QHIVSTIGMAr1,HIVSTIGMA_SB_1,,VS,50,33.8,top3,5.19,70.4,4.0,66.4,,,0.0,3.4,0.6,25.6,29.1,26.3,15.0,2,2.59
items,QHIVSTIGMAr1,HIVSTIGMA_SB_1,,UCP,39,31.8,top3,3.37,28.2,49.7,-21.5,,,4.3,42.0,3.4,22.1,21.0,5.3,1.9,2,-4.95
items,QHIVSTIGMAr1,HIVSTIGMA_SB_1,,FJP,72,105.6,top3,3.68,31.8,39.1,-7.3,,,14.1,11.9,13.1,29.1,16.7,14.4,0.7,2,-5.13
items,QHIVSTIGMAr1,HIVSTIGMA_SB_1,,HCP,70,81.2,top3,4.33,50.7,28.2,22.5,,,13.0,6.4,8.8,21.1,16.5,25.4,8.8,2,-2.76
items,QHIVSTIGMAr1,HIVSTIGMA_SB_1,,HAD,54,65.0,top3,4.38,50.8,26.7,24.1,,,2.2,0.3,24.2,22.4,34.9,12.8,3.1,0,-0.04
items,QHIVSTIGMAr1,HIVSTIGMA_SB_1,,HCI,67,72.9,top3,4.53,57.8,18.9,38.9,,,8.6,9.3,1.0,23.3,24.9,25.5,7.4,0,1.71
items,QHIVSTIGMAr1,HIVSTIGMA_SB_1,,GHI,71,106.5,top3,3.91,39.3,37.1,2.2,,,8.9,5.1,23.1,23.6,28.6,9.9,0.8,2,-3.69
items,QHIVSTIGMAr2,HIVSTIGMA_SB_2,,TOTAL,833,805.7,top3,4.6,59.0,19.6,39.4,,,7.3,6.9,5.4,21.4,27.9,19.8,11.3,0,0.0
items,QHIVSTIGMAr2,HIVSTIGMA_SB_2,,TSP,30,9.8,top3,5.2,67.8,9.6,58.2,,,0.0,2.1,7.5,22.7,26.3,18.7,22.8,0,1.92
items,QHIVSTIGMAr2,HIVSTIGMA_SB_2,,CEC,68,68.3,top3,5.17,73.9,8.3,65.6,,,3.8,0.6,3.9,17.7,30.0,27.6,16.3,1,2.41
items,QHIVSTIGMAr2,HIVSTIGMA_SB_2,,TC,69,59.7,top3,5.23,76.1,7.2,68.9,,,1.1,0.9,5.2,16.8,39.2,16.7,20.2,2,2.76
items,QHIVSTIGMAr2,HIVSTIGMA_SB_2,,HF,26,11.3,top3,5.51,75.6,3.5,72.1,,,3.5,0.0,0.0,21.1,21.2,23.1,31.3,1,2.22
items,QHIVSTIGMAr2,HIVSTIGMA_SB_2,,PP,37,14.9,top3,5.08,65.3,12.7,52.6,,,1.4,3.7,7.6,22.0,15.4,38.2,11.7,0,-0.38
items,QHIVSTIGMAr2,HIVSTIGMA_SB_2,,WE,62,79.2,top3,5.17,71.9,11.8,60.1,,,3.8,3.0,5.0,16.3,22.3,31.8,17.8,0,1.6
items,QHIVSTIGMAr2,HIVSTIGMA_SB_2,,PFF,31,20.6,top3,5.06,68.7,11.0,57.7,,,3.6,3.3,4.1,20.3,28.4,21.0,19.3,1,2.04
items,QHIVSTIGMAr2,HIVSTIGMA_SB_2,,HHN,38,14.4,top3,4.91,67.5,10.6,56.9,,,3.8,3.5,3.3,21.9,28.9,32.4,6.2,0,-0.24
items,QHIVSTIGMAr2,HIVSTIGMA_SB_2,,MFL,49,30.6,top3,5.16,67.1,9.1,58.0,,,0.0,0.0,9.1,23.8,25.8,24.3,17.0,0,1.41
items,QHIVSTIGMAr2,HIVSTIGMA_SB_2,,VS,50,33.8,top3,4.86,61.0,7.3,53.7,,,1.1,5.1,1.1,31.7,33.1,16.2,11.7,1,2.11
items,QHIVSTIGMAr2,HIVSTIGMA_SB_2,,UCP,39,31.8,top3,4.47,42.6,20.2,22.4,,,6.2,10.2,3.8,37.1,16.4,5.3,20.9,2,-3.79
items,QHIVSTIGMAr2,HIVSTIGMA_SB_2,,FJP,72,105.6,top3,3.71,39.2,44.2,-5.0,,,14.5,11.9,17.8,16.7,22.9,15.8,0.5,2,-3.03
items,QHIVSTIGMAr2,HIVSTIGMA_SB_2,,HCP,70,81.2,top3,4.32,58.8,24.5,34.3,,,13.6,8.2,2.7,16.6,34.3,15.6,8.9,2,-2.76
items,QHIVSTIGMAr2,HIVSTIGMA_SB_2,,HAD,54,65.0,top3,5.2,68.6,5.3,63.3,,,2.2,0.9,2.2,26.0,27.8,19.1,21.7,0,-0.37
items,QHIVSTIGMAr2,HIVSTIGMA_SB_2,,HCI,67,72.9,top3,4.35,57.3,20.4,36.9,,,9.5,9.3,1.6,22.3,35.1,17.7,4.5,0,0.77
items,QHIVSTIGMAr2,HIVSTIGMA_SB_2,,GHI,71,106.5,top3,3.8,40.5,32.9,7.6,,,13.0,17.3,2.6,26.5,24.5,15.8,0.2,2,-4.92
items,QHIVSTIGMAr3,HIVSTIGMA_SD_1,,TOTAL,833,805.7,top3,4.84,57.6,20.6,37.0,,,3.8,6.0,10.8,21.9,17.7,19.4,20.5,0,0.0
items,QHIVSTIGMAr3,HIVSTIGMA_SD_1,,TSP,30,9.8,top3,4.75,55.1,23.2,31.9,,,0.0,14.6,8.6,21.8,15.3,22.3,17.5,0,-0.74
items,QHIVSTIGMAr3,HIVSTIGMA_SD_1,,CEC,68,68.3,top3,4.62,51.7,15.3,36.4,,,4.9,5.6,4.8,33.1,25.5,11.6,14.6,0,-0.63
items,QHIVSTIGMAr3,HIVSTIGMA_SD_1,,TC,69,59.7,top3,4.67,59.4,15.4,44.0,,,4.6,2.0,8.8,25.1,29.4,25.7,4.3,0,-0.26
items,QHIVSTIGMAr3,HIVSTIGMA_SD_1,,HF,26,11.3,top3,3.84,41.4,34.8,6.6,,,21.3,7.7,5.8,23.8,20.1,14.7,6.6,0,-1.49
items,QHIVSTIGMAr3,HIVSTIGMA_SD_1,,PP,37,14.9,top3,4.7,55.5,20.6,34.9,,,2.5,4.2,13.9,23.9,21.6,23.1,10.8,0,-0.31
items,QHIVSTIGMAr3,HIVSTIGMA_SD_1,,WE,62,79.2,top3,4.29,38.9,26.2,12.7,,,2.5,10.2,13.5,35.0,11.6,22.5,4.8,2,-3.21
items,QHIVSTIGMAr3,HIVSTIGMA_SD_1,,PFF,31,20.6,top3,4.05,54.7,36.1,18.6,,,18.7,9.0,8.4,9.2,22.9,30.6,1.2,0,-0.56
items,QHIVSTIGMAr3,HIVSTIGMA_SD_1,,HHN,38,14.4,top3,5.09,63.1,16.9,46.2,,,1.7,2.8,12.4,20.0,18.9,19.5,24.7,0,-0.16
items,QHIVSTIGMAr3,HIVSTIGMA_SD_1,,MFL,49,30.6,top3,4.18,41.8,41.2,0.6,,,5.7,16.3,19.2,17.0,6.8,24.4,10.6,1,-1.99
items,QHIVSTIGMAr3,HIVSTIGMA_SD_1,,VS,50,33.8,top3,4.12,36.8,32.1,4.7,,,5.7,9.5,16.9,31.2,17.8,10.0,9.0,2,-3.32
items,QHIVSTIGMAr3,HIVSTIGMA_SD_1,,UCP,39,31.8,top3,6.57,97.5,0.6,96.9,,,0.6,0.0,0.0,1.9,10.2,13.1,74.2,2,4.28
items,QHIVSTIGMAr3,HIVSTIGMA_SD_1,,FJP,72,105.6,top3,5.28,73.5,15.7,57.8,,,3.5,5.7,6.5,10.8,13.9,36.3,23.3,2,2.81
items,QHIVSTIGMAr3,HIVSTIGMA_SD_1,,HCP,70,81.2,top3,4.84,51.4,21.1,30.3,,,0.2,7.4,13.5,27.3,16.5,8.5,26.4,0,1.62
items,QHIVSTIGMAr3,HIVSTIGMA_SD_1,,HAD,54,65.0,top3,4.37,48.1,34.0,14.1,,,12.2,1.6,20.2,18.0,21.6,4.2,22.3,0,-1.29
items,QHIVSTIGMAr3,HIVSTIGMA_SD_1,,HCI,67,72.9,top3,4.24,42.4,32.0,10.4,,,0.0,8.6,23.4,25.6,23.5,15.5,3.4,0,-0.23
items,QHIVSTIGMAr3,HIVSTIGMA_SD_1,,GHI,71,106.5,top3,5.9,80.8,2.7,78.1,,,0.0,2.1,0.6,16.4,12.3,23.4,45.1,2,4.22
items,QHIVSTIGMAr4,HIVSTIGMA_SD_2,,TOTAL,833,805.7,top3,4.97,61.9,16.5,45.4,,,2.8,5.8,7.9,21.6,18.7,23.7,19.5,0,0.0
items,QHIVSTIGMAr4,HIVSTIGMA_SD_2,,TSP,30,9.8,top3,4.44,42.7,28.4,14.3,,,4.1,9.6,14.7,28.9,6.4,24.7,11.6,1,-2.1
items,QHIVSTIGMAr4,HIVSTIGMA_SD_2,,CEC,68,68.3,top3,4.51,50.8,21.4,29.4,,,6.1,9.7,5.6,27.8,23.4,11.2,16.2,0,-1.24
items,QHIVSTIGMAr4,HIVSTIGMA_SD_2,,TC,69,59.7,top3,4.73,60.2,16.3,43.9,,,3.7,5.1,7.5,23.7,24.6,29.8,5.8,0,0.66
items,QHIVSTIGMAr4,HIVSTIGMA_SD_2,,HF,26,11.3,top3,4.12,39.9,29.7,10.2,,,13.7,1.8,14.2,30.4,18.9,11.2,9.8,1,-2.12
items,QHIVSTIGMAr4,HIVSTIGMA_SD_2,,PP,37,14.9,top3,4.79,57.4,20.2,37.2,,,2.5,2.8,14.9,22.4,21.7,21.4,14.3,0,-0.23
items,QHIVSTIGMAr4,HIVSTIGMA_SD_2,,WE,62,79.2,top3,4.47,47.5,24.0,23.5,,,1.5,9.9,12.6,28.6,15.9,26.3,5.3,2,-2.77
items,QHIVSTIGMAr4,HIVSTIGMA_SD_2,,PFF,31,20.6,top3,4.1,50.2,30.5,19.7,,,15.4,3.3,11.8,19.2,28.3,19.5,2.4,0,-1.17
items,QHIVSTIGMAr4,HIVSTIGMA_SD_2,,HHN,38,14.4,top3,5.08,59.7,15.2,44.5,,,1.4,1.4,12.4,25.0,13.8,24.5,21.4,0,-0.43
items,QHIVSTIGMAr4,HIVSTIGMA_SD_2,,MFL,49,30.6,top3,4.38,38.0,25.9,12.1,,,5.7,1.3,18.9,36.1,8.3,21.1,8.6,2,-2.9
items,QHIVSTIGMAr4,HIVSTIGMA_SD_2,,VS,50,33.8,top3,4.4,37.4,28.0,9.4,,,2.0,7.4,18.6,34.5,12.6,8.1,16.7,2,-3.34
items,QHIVSTIGMAr4,HIVSTIGMA_SD_2,,UCP,39,31.8,top3,6.4,98.1,0.0,98.1,,,0.0,0.0,0.0,1.9,13.6,26.8,57.7,2,4.38
items,QHIVSTIGMAr4,HIVSTIGMA_SD_2,,FJP,72,105.6,top3,5.48,77.2,10.5,66.7,,,0.0,9.0,1.5,12.4,14.5,34.9,27.8,2,3.71
items,QHIVSTIGMAr4,HIVSTIGMA_SD_2,,HCP,70,81.2,top3,5.35,71.1,10.0,61.1,,,0.2,0.8,9.0,18.8,22.9,21.6,26.6,1,2.28
items,QHIVSTIGMAr4,HIVSTIGMA_SD_2,,HAD,54,65.0,top3,4.15,40.8,41.7,-0.9,,,10.6,20.2,10.9,17.5,5.9,12.8,22.1,0,-1.04
items,QHIVSTIGMAr4,HIVSTIGMA_SD_2,,HCI,67,72.9,top3,4.89,73.2,11.5,61.7,,,0.0,0.6,10.9,15.5,47.8,22.6,2.8,0,-0.06
items,QHIVSTIGMAr4,HIVSTIGMA_SD_2,,GHI,71,106.5,top3,5.74,74.7,0.2,74.5,,,0.0,0.0,0.2,25.2,9.2,31.4,34.1,2,4.13
items,QHIVSTIGMAr5,HIVSTIGMA_EQ_1,,TOTAL,833,805.7,top3,4.06,43.8,38.4,5.4,,,14.7,14.6,9.1,17.9,14.5,14.4,14.9,0,0.0
items,QHIVSTIGMAr5,HIVSTIGMA_EQ_1,,TSP,30,9.8,top3,4.77,62.4,20.0,42.4,,,0.0,9.9,10.1,17.7,28.1,24.5,9.8,0,1.18
items,QHIVSTIGMAr5,HIVSTIGMA_EQ_1,,CEC,68,68.3,top3,5.1,61.5,15.9,45.6,,,2.3,4.0,9.6,22.6,16.1,17.9,27.5,1,2.12
items,QHIVSTIGMAr5,HIVSTIGMA_EQ_1,,TC,69,59.7,top3,4.86,63.0,14.3,48.7,,,2.0,4.8,7.5,22.6,25.5,28.8,8.7,2,2.73
items,QHIVSTIGMAr5,HIVSTIGMA_EQ_1,,HF,26,11.3,top3,5.73,80.0,3.5,76.5,,,0.0,3.5,0.0,16.6,14.6,30.4,35.0,2,2.85
items,QHIVSTIGMAr5,HIVSTIGMA_EQ_1,,PP,37,14.9,top3,5.39,67.5,12.4,55.1,,,1.4,6.6,4.4,20.0,16.4,9.0,42.1,0,0.91
items,QHIVSTIGMAr5,HIVSTIGMA_EQ_1,,WE,62,79.2,top3,5.63,75.8,11.7,64.1,,,4.9,0.0,6.8,12.6,9.4,24.5,41.9,2,5.11
items,QHIVSTIGMAr5,HIVSTIGMA_EQ_1,,PFF,31,20.6,top3,5.84,82.5,4.1,78.4,,,4.1,0.0,0.0,13.4,8.9,33.8,39.8,2,3.91
items,QHIVSTIGMAr5,HIVSTIGMA_EQ_1,,HHN,38,14.4,top3,5.4,75.9,9.5,66.4,,,1.7,3.1,4.7,14.6,26.5,18.5,30.9,0,1.73
items,QHIVSTIGMAr5,HIVSTIGMA_EQ_1,,MFL,49,30.6,top3,5.27,68.4,12.1,56.3,,,0.0,6.0,6.1,19.5,14.6,30.8,23.0,2,2.88
items,QHIVSTIGMAr5,HIVSTIGMA_EQ_1,,VS,50,33.8,top3,5.68,82.6,9.4,73.2,,,0.0,4.1,5.3,8.1,19.2,27.3,36.1,2,4.16
items,QHIVSTIGMAr5,HIVSTIGMA_EQ_1,,UCP,39,31.8,top3,1.9,5.3,92.2,-86.9,,,38.8,50.2,3.2,2.5,0.6,4.7,0.0,2,-5.67
items,QHIVSTIGMAr5,HIVSTIGMA_EQ_1,,FJP,72,105.6,top3,3.07,26.4,64.4,-38.0,,,32.0,20.0,12.4,9.3,5.8,11.8,8.8,2,-4.34
items,QHIVSTIGMAr5,HIVSTIGMA_EQ_1,,HCP,70,81.2,top3,3.18,31.6,52.3,-20.7,,,32.2,3.4,16.7,16.1,28.1,1.2,2.3,2,-4.15
items,QHIVSTIGMAr5,HIVSTIGMA_EQ_1,,HAD,54,65.0,top3,4.23,37.1,20.0,17.1,,,3.2,10.7,6.1,42.9,24.0,2.9,10.2,0,-1.89
items,QHIVSTIGMAr5,HIVSTIGMA_EQ_1,,HCI,67,72.9,top3,3.6,31.7,48.8,-17.1,,,8.3,28.3,12.2,19.4,11.3,19.3,1.1,0,-1.31
items,QHIVSTIGMAr5,HIVSTIGMA_EQ_1,,GHI,71,106.5,top3,2.45,8.0,73.7,-65.7,,,28.2,36.2,9.3,18.2,6.1,0.8,1.1,2,-6.98
items,QHIVSTIGMAr6,HIVSTIGMA_EQ_2,,TOTAL,833,805.7,top3,4.41,52.2,31.1,21.1,,,13.2,10.8,7.1,16.7,17.2,12.9,22.1,0,0.0
items,QHIVSTIGMAr6,HIVSTIGMA_EQ_2,,TSP,30,9.8,top3,5.01,64.0,18.8,45.2,,,9.3,0.0,9.5,17.1,12.7,28.3,23.0,1,2.03
items,QHIVSTIGMAr6,HIVSTIGMA_EQ_2,,CEC,68,68.3,top3,5.88,80.7,4.6,76.1,,,0.6,1.3,2.7,14.7,15.2,16.7,48.8,2,3.93
items,QHIVSTIGMAr6,HIVSTIGMA_EQ_2,,TC,69,59.7,top3,5.3,71.5,3.9,67.6,,,0.0,2.3,1.6,24.6,30.8,17.2,23.5,2,3.01
items,QHIVSTIGMAr6,HIVSTIGMA_EQ_2,,HF,26,11.3,top3,5.21,67.5,11.0,56.5,,,11.0,0.0,0.0,21.5,15.3,18.0,34.2,0,1.46
items,QHIVSTIGMAr6,HIVSTIGMA_EQ_2,,PP,37,14.9,top3,5.48,79.2,6.1,73.1,,,0.0,6.1,0.0,14.6,32.8,12.3,34.1,1,2.22
items,QHIVSTIGMAr6,HIVSTIGMA_EQ_2,,WE,62,79.2,top3,5.95,86.9,4.7,82.2,,,0.0,0.0,4.7,8.4,18.4,24.1,44.4,2,4.72
items,QHIVSTIGMAr6,HIVSTIGMA_EQ_2,,PFF,31,20.6,top3,5.84,81.3,0.0,81.3,,,0.0,0.0,0.0,18.7,23.6,12.2,45.5,2,3.64
items,QHIVSTIGMAr6,HIVSTIGMA_EQ_2,,HHN,38,14.4,top3,5.36,74.7,4.4,70.3,,,0.0,1.4,3.0,20.9,39.1,4.5,31.1,0,1.67
items,QHIVSTIGMAr6,HIVSTIGMA_EQ_2,,MFL,49,30.6,top3,5.68,83.1,10.9,72.2,,,3.0,1.0,6.9,6.1,9.0,45.2,28.9,2,3.54
items,QHIVSTIGMAr6,HIVSTIGMA_EQ_2,,VS,50,33.8,top3,5.99,80.6,5.7,74.9,,,0.0,4.6,1.1,13.7,11.2,9.7,59.7,2,3.34
items,QHIVSTIGMAr6,HIVSTIGMA_EQ_2,,UCP,39,31.8,top3,3.88,49.9,48.2,1.7,,,27.2,1.3,19.7,1.9,23.7,10.8,15.4,2,-4.79
items,QHIVSTIGMAr6,HIVSTIGMA_EQ_2,,FJP,72,105.6,top3,3.04,24.0,57.6,-33.6,,,30.4,21.7,5.5,18.5,11.0,6.1,6.9,2,-6.39
items,QHIVSTIGMAr6,HIVSTIGMA_EQ_2,,HCP,70,81.2,top3,3.79,47.9,42.6,5.3,,,23.2,14.5,4.9,9.6,22.7,15.6,9.6,2,-3.43
items,QHIVSTIGMAr6,HIVSTIGMA_EQ_2,,HAD,54,65.0,top3,4.71,46.3,18.9,27.4,,,0.9,1.3,16.7,34.8,21.3,3.5,21.5,0,-1.93
items,QHIVSTIGMAr6,HIVSTIGMA_EQ_2,,HCI,67,72.9,top3,4.01,39.4,43.0,-3.6,,,0.6,30.3,12.1,17.5,14.0,14.9,10.5,0,-1.02
items,QHIVSTIGMAr6,HIVSTIGMA_EQ_2,,GHI,71,106.5,top3,2.35,8.7,72.6,-63.9,,,39.6,22.5,10.5,18.7,8.3,0.2,0.2,2,-8.54
items,QHIVSTIGMAr7,HIVSTIGMA_SC_1,,TOTAL,833,805.7,top3,5.58,79.0,10.0,69.0,,,2.3,4.4,3.3,11.0,16.5,27.0,35.5,0,0.0
items,QHIVSTIGMAr7,HIVSTIGMA_SC_1,,TSP,30,9.8,top3,5.25,69.7,18.2,51.5,,,0.0,2.1,16.1,12.1,15.3,33.5,20.9,0,-0.36
items,QHIVSTIGMAr7,HIVSTIGMA_SC_1,,CEC,68,68.3,top3,4.9,64.0,20.5,43.5,,,1.3,13.7,5.5,15.5,21.4,22.0,20.6,2,-2.6
items,QHIVSTIGMAr7,HIVSTIGMA_SC_1,,TC,69,59.7,top3,5.3,79.7,10.4,69.3,,,5.7,0.0,4.7,9.9,23.3,41.0,15.4,0,1.32
items,QHIVSTIGMAr7,HIVSTIGMA_SC_1,,HF,26,11.3,top3,4.92,68.9,16.5,52.4,,,9.9,4.6,2.0,14.6,27.7,18.7,22.5,0,-1.77
items,QHIVSTIGMAr7,HIVSTIGMA_SC_1,,PP,37,14.9,top3,5.5,78.7,9.1,69.6,,,3.9,2.7,2.5,12.2,16.2,34.1,28.4,0,-0.06
items,QHIVSTIGMAr7,HIVSTIGMA_SC_1,,WE,62,79.2,top3,4.59,56.9,23.4,33.5,,,7.7,10.0,5.7,19.7,17.0,28.5,11.4,2,-3.77
items,QHIVSTIGMAr7,HIVSTIGMA_SC_1,,PFF,31,20.6,top3,4.68,53.0,20.4,32.6,,,7.5,3.3,9.6,26.6,6.0,40.1,6.9,2,-4.98
items,QHIVSTIGMAr7,HIVSTIGMA_SC_1,,HHN,38,14.4,top3,5.54,80.6,6.1,74.5,,,4.4,0.0,1.7,13.3,21.9,29.6,29.1,0,-0.36
items,QHIVSTIGMAr7,HIVSTIGMA_SC_1,,MFL,49,30.6,top3,5.42,71.8,11.1,60.7,,,6.1,2.6,2.4,16.9,15.0,17.7,39.1,0,-1.83
items,QHIVSTIGMAr7,HIVSTIGMA_SC_1,,VS,50,33.8,top3,4.74,58.8,24.1,34.7,,,5.5,8.8,9.8,17.2,15.5,27.7,15.6,2,-3.1
items,QHIVSTIGMAr7,HIVSTIGMA_SC_1,,UCP,39,31.8,top3,6.88,99.4,0.0,99.4,,,0.0,0.0,0.0,0.6,0.6,8.5,90.3,2,3.2
items,QHIVSTIGMAr7,HIVSTIGMA_SC_1,,FJP,72,105.6,top3,6.39,94.3,0.0,94.3,,,0.0,0.0,0.0,5.7,5.1,33.4,55.8,2,3.82
items,QHIVSTIGMAr7,HIVSTIGMA_SC_1,,HCP,70,81.2,top3,5.82,90.5,0.2,90.3,,,0.0,0.0,0.2,9.3,32.5,24.7,33.3,1,2.55
items,QHIVSTIGMAr7,HIVSTIGMA_SC_1,,HAD,54,65.0,top3,5.58,80.8,11.5,69.3,,,1.3,9.6,0.6,7.7,15.7,29.4,35.7,0,-0.03
items,QHIVSTIGMAr7,HIVSTIGMA_SC_1,,HCI,67,72.9,top3,5.5,79.5,9.8,69.7,,,0.0,8.3,1.5,10.6,20.0,30.5,29.0,0,1.5
items,QHIVSTIGMAr7,HIVSTIGMA_SC_1,,GHI,71,106.5,top3,6.19,88.6,5.1,83.5,,,0.0,0.0,5.1,6.3,12.2,17.0,59.4,2,3.77
items,QHIVSTIGMAr8,HIVSTIGMA_SC_2,,TOTAL,833,805.7,top3,5.58,79.0,11.6,67.4,,,2.9,3.6,5.1,9.4,14.7,27.9,36.4,0,0.0
items,QHIVSTIGMAr8,HIVSTIGMA_SC_2,,TSP,30,9.8,top3,5.36,71.7,14.7,57.0,,,0.0,2.1,12.6,13.5,21.9,18.7,31.1,0,-0.17
items,QHIVSTIGMAr8,HIVSTIGMA_SC_2,,CEC,68,68.3,top3,5.12,68.6,12.9,55.7,,,0.0,6.6,6.3,18.5,20.9,32.4,15.3,0,-1.82
items,QHIVSTIGMAr8,HIVSTIGMA_SC_2,,TC,69,59.7,top3,5.22,73.6,12.7,60.9,,,5.7,2.5,4.5,13.7,15.4,40.9,17.3,0,-0.23
items,QHIVSTIGMAr8,HIVSTIGMA_SC_2,,HF,26,11.3,top3,5.04,71.0,15.2,55.8,,,4.6,10.6,0.0,13.8,24.5,25.2,21.3,0,-1.56
items,QHIVSTIGMAr8,HIVSTIGMA_SC_2,,PP,37,14.9,top3,5.58,71.0,7.8,63.2,,,3.9,1.4,2.5,21.1,7.2,23.5,40.3,0,-1.15
items,QHIVSTIGMAr8,HIVSTIGMA_SC_2,,WE,62,79.2,top3,4.87,69.3,25.5,43.8,,,1.6,7.5,16.4,5.2,23.2,38.3,7.8,0,-1.37
items,QHIVSTIGMAr8,HIVSTIGMA_SC_2,,PFF,31,20.6,top3,4.71,61.3,24.3,37.0,,,16.9,1.3,6.1,14.5,12.5,28.2,20.6,2,-3.6
items,QHIVSTIGMAr8,HIVSTIGMA_SC_2,,HHN,38,14.4,top3,4.99,65.3,22.3,43.0,,,3.0,7.0,12.3,12.5,14.1,33.1,18.1,0,-1.84
items,QHIVSTIGMAr8,HIVSTIGMA_SC_2,,MFL,49,30.6,top3,5.24,70.0,16.6,53.4,,,8.1,3.1,5.4,13.3,9.9,30.4,29.7,1,-2.19
items,QHIVSTIGMAr8,HIVSTIGMA_SC_2,,VS,50,33.8,top3,5.07,66.7,16.5,50.2,,,4.3,4.6,7.6,16.8,20.5,21.8,24.4,0,-1.74
items,QHIVSTIGMAr8,HIVSTIGMA_SC_2,,UCP,39,31.8,top3,6.92,99.4,0.0,99.4,,,0.0,0.0,0.0,0.6,1.3,3.8,94.3,2,3.01
items,QHIVSTIGMAr8,HIVSTIGMA_SC_2,,FJP,72,105.6,top3,6.34,99.5,0.0,99.5,,,0.0,0.0,0.0,0.5,16.3,32.3,50.9,2,4.13
items,QHIVSTIGMAr8,HIVSTIGMA_SC_2,,HCP,70,81.2,top3,5.62,82.8,11.2,71.6,,,3.8,0.0,7.4,5.9,13.3,41.2,28.3,0,1.95
items,QHIVSTIGMAr8,HIVSTIGMA_SC_2,,HAD,54,65.0,top3,5.39,68.6,18.6,50.0,,,9.3,0.0,9.3,12.9,11.5,6.1,51.0,0,0.31
items,QHIVSTIGMAr8,HIVSTIGMA_SC_2,,HCI,67,72.9,top3,5.54,79.1,8.3,70.8,,,0.0,8.3,0.0,12.5,16.3,33.9,28.9,0,0.86
items,QHIVSTIGMAr8,HIVSTIGMA_SC_2,,GHI,71,106.5,top3,6.18,86.7,6.3,80.4,,,0.6,5.7,0.0,7.0,7.5,13.9,65.3,2,2.9
items,QHIVSTIGMAr9,HIVSTIGMA_CTRL_1,,TOTAL,833,805.7,top3,5.82,84.9,5.1,79.8,,,1.4,2.5,1.2,9.9,15.8,30.7,38.4,0,0.0
items,QHIVSTIGMAr9,HIVSTIGMA_CTRL_1,,TSP,30,9.8,top3,5.51,77.4,9.9,67.5,,,0.0,0.0,9.9,12.6,22.1,27.4,27.9,0,-0.44
items,QHIVSTIGMAr9,HIVSTIGMA_CTRL_1,,CEC,68,68.3,top3,6.09,90.3,1.3,89.0,,,0.0,0.0,1.3,8.4,15.7,28.9,45.7,0,1.27
items,QHIVSTIGMAr9,HIVSTIGMA_CTRL_1,,TC,69,59.7,top3,6.14,93.2,0.9,92.3,,,0.0,0.0,0.9,5.9,16.2,32.3,44.7,0,1.67
items,QHIVSTIGMAr9,HIVSTIGMA_CTRL_1,,HF,26,11.3,top3,5.36,70.0,8.9,61.1,,,6.3,2.6,0.0,21.0,12.2,25.2,32.6,1,-2.52
items,QHIVSTIGMAr9,HIVSTIGMA_CTRL_1,,PP,37,14.9,top3,5.65,83.5,7.0,76.5,,,3.1,1.4,2.5,9.4,17.0,37.1,29.4,0,-0.9
items,QHIVSTIGMAr9,HIVSTIGMA_CTRL_1,,WE,62,79.2,top3,5.89,85.4,3.5,81.9,,,0.0,0.0,3.5,11.1,10.6,42.4,32.4,0,0.24
items,QHIVSTIGMAr9,HIVSTIGMA_CTRL_1,,PFF,31,20.6,top3,5.13,71.1,8.7,62.4,,,7.2,0.0,1.5,20.2,33.3,10.7,27.1,0,-1.95
items,QHIVSTIGMAr9,HIVSTIGMA_CTRL_1,,HHN,38,14.4,top3,5.91,85.9,0.0,85.9,,,0.0,0.0,0.0,14.1,23.8,19.1,43.0,0,-0.82
items,QHIVSTIGMAr9,HIVSTIGMA_CTRL_1,,MFL,49,30.6,top3,6.28,93.6,3.3,90.3,,,0.0,1.3,2.0,3.0,5.3,37.3,51.0,0,0.78
items,QHIVSTIGMAr9,HIVSTIGMA_CTRL_1,,VS,50,33.8,top3,5.65,75.2,4.8,70.4,,,0.0,0.0,4.8,20.0,9.5,36.7,29.0,1,-2.54
items,QHIVSTIGMAr9,HIVSTIGMA_CTRL_1,,UCP,39,31.8,top3,6.02,88.6,4.0,84.6,,,0.0,4.0,0.0,7.4,19.7,15.9,53.0,0,-1.22
items,QHIVSTIGMAr9,HIVSTIGMA_CTRL_1,,FJP,72,105.6,top3,6.12,93.3,0.5,92.8,,,0.0,0.0,0.5,6.2,19.4,28.4,45.5,0,1.79
items,QHIVSTIGMAr9,HIVSTIGMA_CTRL_1,,HCP,70,81.2,top3,5.57,82.4,15.1,67.3,,,7.4,7.4,0.3,2.4,5.0,42.9,34.5,0,0.99
items,QHIVSTIGMAr9,HIVSTIGMA_CTRL_1,,HAD,54,65.0,top3,5.85,87.8,0.0,87.8,,,0.0,0.0,0.0,12.2,24.2,29.4,34.2,0,0.62
items,QHIVSTIGMAr9,HIVSTIGMA_CTRL_1,,HCI,67,72.9,top3,5.36,81.2,9.0,72.2,,,0.3,8.3,0.4,9.7,29.4,31.1,20.7,0,0.86
items,QHIVSTIGMAr9,HIVSTIGMA_CTRL_1,,GHI,71,106.5,top3,5.68,75.4,8.4,67.0,,,2.3,5.9,0.2,16.2,9.0,21.6,44.8,0,-0.4
items,QHIVSTIGMAr10,HIVSTIGMA_CTRL_2,,TOTAL,833,805.7,top3,4.88,60.0,17.3,42.7,,,4.4,5.3,7.6,22.6,18.1,24.5,17.4,0,0.0
items,QHIVSTIGMAr10,HIVSTIGMA_CTRL_2,,TSP,30,9.8,top3,5.34,69.4,7.5,61.9,,,0.0,0.0,7.5,23.1,19.0,29.2,21.2,0,1.36
items,QHIVSTIGMAr10,HIVSTIGMA_CTRL_2,,CEC,68,68.3,top3,5.56,76.4,5.0,71.4,,,0.0,0.0,5.0,18.7,21.9,24.5,30.0,1,2.39
items,QHIVSTIGMAr10,HIVSTIGMA_CTRL_2,,TC,69,59.7,top3,5.51,74.8,5.9,68.9,,,0.0,5.9,0.0,19.3,15.7,30.5,28.6,1,2.22
items,QHIVSTIGMAr10,HIVSTIGMA_CTRL_2,,HF,26,11.3,top3,5.43,81.8,8.1,73.7,,,3.5,4.6,0.0,10.1,23.7,35.7,22.4,0,1.65
items,QHIVSTIGMAr10,HIVSTIGMA_CTRL_2,,PP,37,14.9,top3,5.29,70.3,11.6,58.7,,,0.0,0.0,11.6,18.1,18.6,32.8,18.9,0,0.43
items,QHIVSTIGMAr10,HIVSTIGMA_CTRL_2,,WE,62,79.2,top3,5.88,95.0,3.9,91.1,,,0.0,0.0,3.9,1.2,25.9,40.8,28.3,2,5.4
items,QHIVSTIGMAr10,HIVSTIGMA_CTRL_2,,PFF,31,20.6,top3,5.55,79.8,2.1,77.7,,,2.1,0.0,0.0,18.1,22.2,33.3,24.3,2,2.61
items,QHIVSTIGMAr10,HIVSTIGMA_CTRL_2,,HHN,38,14.4,top3,5.4,65.5,1.4,64.1,,,0.0,0.0,1.4,33.1,19.4,15.9,30.2,0,0.56
items,QHIVSTIGMAr10,HIVSTIGMA_CTRL_2,,MFL,49,30.6,top3,5.69,74.8,0.8,74.0,,,0.0,0.0,0.8,24.5,13.6,27.3,33.9,2,2.69
items,QHIVSTIGMAr10,HIVSTIGMA_CTRL_2,,VS,50,33.8,top3,5.79,85.0,3.4,81.6,,,0.6,0.9,1.9,11.6,15.3,40.2,29.5,2,2.78
items,QHIVSTIGMAr10,HIVSTIGMA_CTRL_2,,UCP,39,31.8,top3,4.01,41.6,34.8,6.8,,,8.4,22.8,3.6,23.5,20.3,8.7,12.6,2,-4.71
items,QHIVSTIGMAr10,HIVSTIGMA_CTRL_2,,FJP,72,105.6,top3,4.45,51.4,25.0,26.4,,,7.0,5.4,12.6,23.6,19.2,26.0,6.2,2,-3.61
items,QHIVSTIGMAr10,HIVSTIGMA_CTRL_2,,HCP,70,81.2,top3,4.1,44.7,28.8,15.9,,,12.6,9.8,6.4,26.5,24.0,12.0,8.7,2,-3.6
items,QHIVSTIGMAr10,HIVSTIGMA_CTRL_2,,HAD,54,65.0,top3,4.95,58.6,16.7,41.9,,,2.2,0.3,14.2,24.7,18.9,21.5,18.2,0,-0.63
items,QHIVSTIGMAr10,HIVSTIGMA_CTRL_2,,HCI,67,72.9,top3,4.64,53.2,21.7,31.5,,,8.3,0.6,12.8,25.1,13.7,29.0,10.5,0,-1.36
items,QHIVSTIGMAr10,HIVSTIGMA_CTRL_2,,GHI,71,106.5,top3,3.85,25.2,34.7,-9.5,,,6.4,16.2,12.1,40.2,7.7,11.8,5.7,2,-6.03
items,QHIVSTIGMAr11,HIVSTIGMA_CTRL_3,,TOTAL,833,805.7,top3,4.33,52.5,28.8,23.7,,,6.1,9.3,13.4,18.8,30.6,13.4,8.5,0,0.0
items,QHIVSTIGMAr11,HIVSTIGMA_CTRL_3,,TSP,30,9.8,top3,4.89,56.3,8.8,47.5,,,6.7,0.0,2.1,34.9,24.0,9.6,22.7,0,1.11
items,QHIVSTIGMAr11,HIVSTIGMA_CTRL_3,,CEC,68,68.3,top3,4.63,62.7,19.5,43.2,,,1.9,6.0,11.6,17.8,39.5,16.4,6.8,1,2.2
items,QHIVSTIGMAr11,HIVSTIGMA_CTRL_3,,TC,69,59.7,top3,4.84,58.8,20.5,38.3,,,1.3,0.0,19.2,20.6,27.7,13.7,17.4,0,0.79
items,QHIVSTIGMAr11,HIVSTIGMA_CTRL_3,,HF,26,11.3,top3,4.68,65.3,19.2,46.1,,,8.8,3.5,6.9,15.4,33.3,20.7,11.3,0,1.64
items,QHIVSTIGMAr11,HIVSTIGMA_CTRL_3,,PP,37,14.9,top3,4.97,70.4,16.8,53.6,,,0.0,8.0,8.8,12.8,27.6,34.3,8.5,0,1.43
items,QHIVSTIGMAr11,HIVSTIGMA_CTRL_3,,WE,62,79.2,top3,4.78,73.7,14.8,58.9,,,3.2,4.7,6.9,11.5,48.9,18.8,6.0,2,2.61
items,QHIVSTIGMAr11,HIVSTIGMA_CTRL_3,,PFF,31,20.6,top3,4.9,71.9,17.0,54.9,,,6.4,7.7,2.9,11.2,35.2,17.8,18.9,0,1.63
items,QHIVSTIGMAr11,HIVSTIGMA_CTRL_3,,HHN,38,14.4,top3,4.85,63.5,13.9,49.6,,,1.4,1.4,11.1,22.6,33.2,20.7,9.6,0,0.23
items,QHIVSTIGMAr11,HIVSTIGMA_CTRL_3,,MFL,49,30.6,top3,4.61,57.4,18.9,38.5,,,6.1,2.1,10.7,23.8,30.1,17.7,9.6,0,0.54
items,QHIVSTIGMAr11,HIVSTIGMA_CTRL_3,,VS,50,33.8,top3,4.69,52.7,21.9,30.8,,,1.5,6.2,14.2,25.4,19.7,19.1,13.9,0,1.55
items,QHIVSTIGMAr11,HIVSTIGMA_CTRL_3,,UCP,39,31.8,top3,3.21,22.8,65.1,-42.3,,,7.6,27.6,29.9,12.1,19.0,1.9,1.9,2,-3.23
items,QHIVSTIGMAr11,HIVSTIGMA_CTRL_3,,FJP,72,105.6,top3,3.56,35.8,51.2,-15.4,,,12.2,20.2,18.8,13.1,20.2,15.4,0.2,2,-4.07
items,QHIVSTIGMAr11,HIVSTIGMA_CTRL_3,,HCP,70,81.2,top3,4.04,36.2,40.3,-4.1,,,11.5,11.9,16.9,23.6,11.0,7.8,17.4,1,-2.1
items,QHIVSTIGMAr11,HIVSTIGMA_CTRL_3,,HAD,54,65.0,top3,4.89,64.4,14.6,49.8,,,0.3,11.4,2.9,21.0,33.7,10.5,20.2,0,-0.24
items,QHIVSTIGMAr11,HIVSTIGMA_CTRL_3,,HCI,67,72.9,top3,4.01,41.8,25.3,16.5,,,8.9,8.9,7.5,33.0,32.0,8.9,0.9,0,-0.2
items,QHIVSTIGMAr11,HIVSTIGMA_CTRL_3,,GHI,71,106.5,top3,4.14,53.5,32.8,20.7,,,7.1,6.8,18.9,13.8,41.7,9.5,2.3,1,-2.22
items,QHIVSTIGMAr12,HIVSTIGMA_CTRL_4,,TOTAL,833,805.7,top3,5.44,78.0,8.6,69.4,,,1.1,2.9,4.6,13.4,23.8,28.5,25.7,0,0.0
items,QHIVSTIGMAr12,HIVSTIGMA_CTRL_4,,TSP,30,9.8,top3,5.3,70.2,12.5,57.7,,,0.0,2.1,10.4,17.3,22.1,22.5,25.6,0,-0.56
items,QHIVSTIGMAr12,HIVSTIGMA_CTRL_4,,CEC,68,68.3,top3,5.22,76.6,7.5,69.1,,,1.0,0.0,6.5,16.0,40.2,17.8,18.6,0,-0.83
items,QHIVSTIGMAr12,HIVSTIGMA_CTRL_4,,TC,69,59.7,top3,5.16,74.9,12.6,62.3,,,2.1,3.1,7.4,12.5,32.4,23.9,18.6,0,-1.06
items,QHIVSTIGMAr12,HIVSTIGMA_CTRL_4,,HF,26,11.3,top3,5.51,85.0,6.8,78.2,,,0.0,0.0,6.8,8.1,27.2,43.3,14.5,0,0.4
items,QHIVSTIGMAr12,HIVSTIGMA_CTRL_4,,PP,37,14.9,top3,4.96,72.0,10.8,61.2,,,0.0,5.5,5.3,17.2,43.9,15.8,12.3,0,-0.68
items,QHIVSTIGMAr12,HIVSTIGMA_CTRL_4,,WE,62,79.2,top3,5.07,71.8,13.0,58.8,,,4.0,2.7,6.3,15.1,26.8,32.0,13.0,0,-0.66
items,QHIVSTIGMAr12,HIVSTIGMA_CTRL_4,,PFF,31,20.6,top3,5.39,82.1,7.4,74.7,,,1.2,2.1,4.1,10.4,31.4,32.7,18.0,0,-0.9
items,QHIVSTIGMAr12,HIVSTIGMA_CTRL_4,,HHN,38,14.4,top3,5.19,80.8,13.6,67.2,,,1.4,10.8,1.4,5.6,32.9,30.6,17.3,0,1.41
items,QHIVSTIGMAr12,HIVSTIGMA_CTRL_4,,MFL,49,30.6,top3,5.19,71.1,20.4,50.7,,,0.0,4.1,16.3,8.6,17.1,35.1,18.9,0,-0.35
items,QHIVSTIGMAr12,HIVSTIGMA_CTRL_4,,VS,50,33.8,top3,4.74,68.0,16.1,51.9,,,5.2,7.5,3.4,16.0,36.0,23.9,8.1,2,-2.72
items,QHIVSTIGMAr12,HIVSTIGMA_CTRL_4,,UCP,39,31.8,top3,6.3,98.1,1.2,96.9,,,0.6,0.0,0.6,0.6,24.4,12.7,61.0,1,2.26
items,QHIVSTIGMAr12,HIVSTIGMA_CTRL_4,,FJP,72,105.6,top3,6.06,90.4,6.0,84.4,,,0.0,0.0,6.0,3.8,16.6,26.1,47.7,2,3.3
items,QHIVSTIGMAr12,HIVSTIGMA_CTRL_4,,HCP,70,81.2,top3,5.65,79.8,3.2,76.6,,,0.4,0.7,2.1,17.0,12.9,44.1,22.8,0,0.81
items,QHIVSTIGMAr12,HIVSTIGMA_CTRL_4,,HAD,54,65.0,top3,5.66,80.5,6.4,74.1,,,1.3,0.0,5.1,13.1,16.9,32.9,30.7,0,-1.65
items,QHIVSTIGMAr12,HIVSTIGMA_CTRL_4,,HCI,67,72.9,top3,4.69,56.4,18.6,37.8,,,0.0,16.6,2.0,25.0,26.0,12.6,17.8,0,-0.6
items,QHIVSTIGMAr12,HIVSTIGMA_CTRL_4,,GHI,71,106.5,top3,5.78,83.4,0.6,82.8,,,0.0,0.0,0.6,15.9,16.8,37.9,28.7,0,1.47
items,QHIVSTIGMAr13,HIVSTIGMA_CTRL_5,,TOTAL,833,805.7,top3,5.74,85.6,5.7,79.9,,,0.3,2.0,3.4,8.7,21.1,32.0,32.5,0,0.0
items,QHIVSTIGMAr13,HIVSTIGMA_CTRL_5,,TSP,30,9.8,top3,5.45,75.3,9.6,65.7,,,0.0,0.0,9.6,15.2,13.7,44.1,17.5,0,-0.7
items,QHIVSTIGMAr13,HIVSTIGMA_CTRL_5,,CEC,68,68.3,top3,5.72,89.8,3.9,85.9,,,0.0,3.9,0.0,6.4,27.3,35.0,27.5,0,0.89
items,QHIVSTIGMAr13,HIVSTIGMA_CTRL_5,,TC,69,59.7,top3,5.63,86.9,6.1,80.8,,,0.0,0.0,6.1,6.9,23.5,44.5,18.9,0,0.59
items,QHIVSTIGMAr13,HIVSTIGMA_CTRL_5,,HF,26,11.3,top3,5.31,78.2,13.8,64.4,,,6.2,2.0,5.6,8.1,19.9,35.5,22.8,0,-1.09
items,QHIVSTIGMAr13,HIVSTIGMA_CTRL_5,,PP,37,14.9,top3,6.05,88.9,1.4,87.5,,,0.0,0.0,1.4,9.8,16.7,26.5,45.7,0,-0.13
items,QHIVSTIGMAr13,HIVSTIGMA_CTRL_5,,WE,62,79.2,top3,5.63,87.8,2.5,85.3,,,0.0,1.5,1.0,9.8,25.3,45.9,16.6,0,0.58
items,QHIVSTIGMAr13,HIVSTIGMA_CTRL_5,,PFF,31,20.6,top3,5.35,78.3,17.4,60.9,,,4.1,4.6,8.7,4.3,19.4,30.4,28.5,0,-1.62
items,QHIVSTIGMAr13,HIVSTIGMA_CTRL_5,,HHN,38,14.4,top3,5.52,77.9,6.2,71.7,,,0.0,2.8,3.4,15.9,22.6,27.1,28.2,0,-0.97
items,QHIVSTIGMAr13,HIVSTIGMA_CTRL_5,,MFL,49,30.6,top3,5.41,68.8,10.0,58.8,,,0.0,7.2,2.8,21.1,13.9,20.0,34.9,1,-2.2
items,QHIVSTIGMAr13,HIVSTIGMA_CTRL_5,,VS,50,33.8,top3,5.21,76.7,13.2,63.5,,,1.5,5.1,6.6,10.0,27.8,32.8,16.1,1,-2.12
items,QHIVSTIGMAr13,HIVSTIGMA_CTRL_5,,UCP,39,31.8,top3,6.76,99.4,0.0,99.4,,,0.0,0.0,0.0,0.6,7.2,7.3,84.9,1,2.28
items,QHIVSTIGMAr13,HIVSTIGMA_CTRL_5,,FJP,72,105.6,top3,6.21,90.7,0.0,90.7,,,0.0,0.0,0.0,9.3,6.4,38.0,46.3,0,1.76
items,QHIVSTIGMAr13,HIVSTIGMA_CTRL_5,,HCP,70,81.2,top3,5.99,98.1,1.1,97.0,,,0.0,0.0,1.1,0.7,34.1,25.8,38.2,2,2.71
items,QHIVSTIGMAr13,HIVSTIGMA_CTRL_5,,HAD,54,65.0,top3,5.36,73.4,23.7,49.7,,,0.6,1.0,22.1,2.9,18.6,21.4,33.4,0,-1.41
items,QHIVSTIGMAr13,HIVSTIGMA_CTRL_5,,HCI,67,72.9,top3,4.95,68.8,9.2,59.6,,,0.0,8.3,0.9,22.0,35.0,24.0,9.8,0,-1.28
items,QHIVSTIGMAr13,HIVSTIGMA_CTRL_5,,GHI,71,106.5,top3,6.12,92.3,0.2,92.1,,,0.0,0.0,0.2,7.5,14.9,34.5,42.9,0,1.03
items,QMFQr1,MFQ_CARE_1,,TOTAL,829,819.0,top3,5.38,76.5,4.1,72.4,,,2.0,0.3,1.8,19.5,30.1,23.4,23.0,0,0.0
items,QMFQr1,MFQ_CARE_1,,TSP,38,14.4,top3,5.25,62.1,0.0,62.1,,,0.0,0.0,0.0,37.8,20.8,19.6,21.7,0,-0.93
items,QMFQr1,MFQ_CARE_1,,CEC,68,68.3,top3,5.08,69.6,5.6,64.0,,,1.5,0.0,4.1,24.7,34.5,23.7,11.4,0,-0.54
items,QMFQr1,MFQ_CARE_1,,TC,69,59.7,top3,5.16,66.9,6.2,60.7,,,0.0,0.0,6.2,26.9,28.4,21.2,17.3,1,-2.2
items,QMFQr1,MFQ_CARE_1,,HF,23,13.4,top3,5.16,66.8,0.0,66.8,,,0.0,0.0,0.0,33.1,30.7,23.4,12.7,0,-0.59
items,QMFQr1,MFQ_CARE_1,,PP,32,11.7,top3,4.76,65.8,16.2,49.6,,,5.2,9.3,1.7,17.9,31.3,22.7,11.8,0,-0.8
items,QMFQr1,MFQ_CARE_1,,WE,58,74.3,top3,4.96,59.1,3.3,55.8,,,1.1,0.0,2.2,37.6,28.1,19.2,11.8,1,-2.0
items,QMFQr1,MFQ_CARE_1,,PFF,37,23.7,top3,4.96,62.8,6.1,56.7,,,2.9,3.2,0.0,31.1,29.3,18.7,14.8,1,-2.2
items,QMFQr1,MFQ_CARE_1,,HHN,34,13.8,top3,5.15,70.6,12.2,58.4,,,9.0,0.0,3.2,17.1,16.6,33.3,20.7,0,-0.98
items,QMFQr1,MFQ_CARE_1,,MFL,49,30.9,top3,5.43,86.0,2.3,83.7,,,0.0,0.0,2.3,11.7,35.6,41.5,8.9,0,1.48
items,QMFQr1,MFQ_CARE_1,,VS,41,27.2,top3,4.96,68.0,4.3,63.7,,,3.5,0.0,0.8,27.7,37.9,21.4,8.7,0,-0.61
items,QMFQr1,MFQ_CARE_1,,UCP,40,48.4,top3,5.84,90.9,3.4,87.5,,,0.0,0.0,3.4,5.7,26.4,32.0,32.5,0,1.9
items,QMFQr1,MFQ_CARE_1,,FJP,72,105.6,top3,5.9,89.0,2.3,86.7,,,2.1,0.0,0.2,8.6,21.7,27.3,40.0,1,2.03
items,QMFQr1,MFQ_CARE_1,,HCP,70,81.2,top3,5.54,84.4,8.8,75.6,,,7.4,0.4,1.0,6.8,20.5,34.0,29.9,0,1.62
items,QMFQr1,MFQ_CARE_1,,HAD,60,66.9,top3,5.6,88.6,0.9,87.7,,,0.0,0.0,0.9,10.5,50.1,5.1,33.4,0,0.97
items,QMFQr1,MFQ_CARE_1,,HCI,67,72.9,top3,5.21,71.8,2.0,69.8,,,0.0,0.3,1.7,26.2,32.4,27.1,12.3,0,0.85
items,QMFQr1,MFQ_CARE_1,,GHI,71,106.5,top3,5.42,76.4,2.9,73.5,,,2.3,0.0,0.6,20.8,31.9,16.1,28.4,0,0.83
items,QMFQr2,MFQ_CARE_2,,TOTAL,829,819.0,top3,5.54,78.4,5.1,73.3,,,2.7,0.4,2.0,16.5,22.9,24.2,31.3,0,0.0
items,QMFQr2,MFQ_CARE_2,,TSP,38,14.4,top3,5.08,59.0,8.8,50.2,,,0.0,0.0,8.8,32.1,19.3,22.1,17.6,0,-1.91
items,QMFQr2,MFQ_CARE_2,,CEC,68,68.3,top3,5.48,86.8,0.0,86.8,,,0.0,0.0,0.0,13.2,41.1,30.2,15.5,0,1.77
items,QMFQr2,MFQ_CARE_2,,TC,69,59.7,top3,5.4,71.9,2.4,69.5,,,0.0,0.0,2.4,25.6,24.7,24.2,23.0,0,-0.92
items,QMFQr2,MFQ_CARE_2,,HF,23,13.4,top3,5.32,68.7,4.3,64.4,,,0.0,4.3,0.0,27.0,17.8,30.0,20.9,0,-1.03
items,QMFQr2,MFQ_CARE_2,,PP,32,11.7,top3,5.02,67.2,7.1,60.1,,,5.2,0.0,1.9,25.7,24.6,32.5,10.1,0,-0.46
items,QMFQr2,MFQ_CARE_2,,WE,58,74.3,top3,5.12,64.2,11.9,52.3,,,2.7,1.2,8.0,24.0,18.1,26.0,20.1,1,-2.12
items,QMFQr2,MFQ_CARE_2,,PFF,37,23.7,top3,5.19,67.7,5.7,62.0,,,0.0,2.3,3.4,26.6,24.4,27.3,16.0,0,-1.21
items,QMFQr2,MFQ_CARE_2,,HHN,34,13.8,top3,4.91,63.8,17.5,46.3,,,11.0,2.7,3.8,18.7,20.9,16.2,26.7,1,-1.96
items,QMFQr2,MFQ_CARE_2,,MFL,49,30.9,top3,5.39,80.3,4.5,75.8,,,2.3,1.4,0.8,15.2,27.6,36.3,16.4,0,-0.13
items,QMFQr2,MFQ_CARE_2,,VS,41,27.2,top3,5.22,77.6,5.7,71.9,,,3.5,0.0,2.2,16.8,31.4,35.6,10.6,0,-0.43
items,QMFQr2,MFQ_CARE_2,,UCP,40,48.4,top3,5.42,73.5,11.3,62.2,,,11.3,0.0,0.0,15.2,3.5,37.9,32.1,0,1.84
items,QMFQr2,MFQ_CARE_2,,FJP,72,105.6,top3,6.29,88.6,3.6,85.0,,,1.8,0.0,1.8,7.8,8.3,13.6,66.7,1,2.28
items,QMFQr2,MFQ_CARE_2,,HCP,70,81.2,top3,6.17,91.0,2.3,88.7,,,1.8,0.2,0.3,6.6,13.9,21.9,55.2,0,0.67
items,QMFQr2,MFQ_CARE_2,,HAD,60,66.9,top3,5.66,75.4,1.2,74.2,,,0.0,0.0,1.2,23.4,25.6,7.7,42.1,0,-0.32
items,QMFQr2,MFQ_CARE_2,,HCI,67,72.9,top3,5.44,85.3,3.5,81.8,,,0.0,0.6,2.9,11.3,45.3,17.2,22.8,0,1.71
items,QMFQr2,MFQ_CARE_2,,GHI,71,106.5,top3,5.23,75.4,7.3,68.1,,,7.3,0.0,0.0,17.3,24.3,32.6,18.5,0,0.43
items,QMFQr3,MFQ_PURITY_1,,TOTAL,829,819.0,top3,5.01,63.7,11.5,52.2,,,4.4,2.9,4.2,24.8,21.3,24.7,17.7,0,0.0
items,QMFQr3,MFQ_PURITY_1,,TSP,38,14.4,top3,4.83,56.9,19.2,37.7,,,1.4,4.0,13.8,23.9,19.8,21.5,15.6,0,-1.19
items,QMFQr3,MFQ_PURITY_1,,CEC,68,68.3,top3,4.81,60.9,15.3,45.6,,,4.8,3.6,6.9,23.8,26.9,19.5,14.5,0,-0.45
items,QMFQr3,MFQ_PURITY_1,,TC,69,59.7,top3,5.15,66.6,9.4,57.2,,,0.0,2.0,7.4,24.0,25.5,22.9,18.2,0,0.43
items,QMFQr3,MFQ_PURITY_1,,HF,23,13.4,top3,5.55,81.1,0.0,81.1,,,0.0,0.0,0.0,18.9,35.6,16.8,28.7,0,1.42
items,QMFQr3,MFQ_PURITY_1,,PP,32,11.7,top3,4.82,69.9,16.4,53.5,,,12.8,0.0,3.6,13.8,28.4,28.3,13.2,0,0.91
items,QMFQr3,MFQ_PURITY_1,,WE,58,74.3,top3,5.39,73.1,2.5,70.6,,,0.0,0.0,2.5,24.4,23.1,32.0,18.0,0,1.91
items,QMFQr3,MFQ_PURITY_1,,PFF,37,23.7,top3,5.48,79.2,6.9,72.3,,,5.7,0.0,1.2,13.9,18.6,34.2,26.4,1,2.18
items,QMFQr3,MFQ_PURITY_1,,HHN,34,13.8,top3,5.3,74.2,12.3,61.9,,,9.0,1.5,1.8,13.6,15.6,29.9,28.7,0,0.78
items,QMFQr3,MFQ_PURITY_1,,MFL,49,30.9,top3,5.25,70.6,6.3,64.3,,,0.0,1.8,4.5,23.2,25.0,29.3,16.3,0,0.15
items,QMFQr3,MFQ_PURITY_1,,VS,41,27.2,top3,5.31,79.8,7.2,72.6,,,7.2,0.0,0.0,13.1,27.6,31.8,20.4,0,0.88
items,QMFQr3,MFQ_PURITY_1,,UCP,40,48.4,top3,4.68,59.9,25.4,34.5,,,0.8,23.8,0.8,14.7,16.1,28.2,15.6,0,-0.24
items,QMFQr3,MFQ_PURITY_1,,FJP,72,105.6,top3,5.34,70.4,0.6,69.8,,,0.2,0.0,0.4,29.0,22.9,29.9,17.6,0,0.95
items,QMFQr3,MFQ_PURITY_1,,HCP,70,81.2,top3,4.45,58.5,25.3,33.2,,,16.3,8.1,0.9,16.2,21.3,21.5,15.7,0,-1.57
items,QMFQr3,MFQ_PURITY_1,,HAD,60,66.9,top3,5.49,60.8,3.6,57.2,,,1.2,0.3,2.1,35.6,6.1,14.2,40.5,1,-2.12
items,QMFQr3,MFQ_PURITY_1,,HCI,67,72.9,top3,5.02,57.9,16.4,41.5,,,0.0,0.6,15.8,25.8,9.3,35.6,13.0,0,0.51
items,QMFQr3,MFQ_PURITY_1,,GHI,71,106.5,top3,4.38,49.5,15.4,34.1,,,11.3,0.0,4.1,35.1,29.3,13.6,6.6,2,-3.02
items,QMFQr4,MFQ_PURITY_2,,TOTAL,829,819.0,top3,4.59,51.9,19.6,32.3,,,6.8,4.2,8.6,28.4,20.7,17.5,13.7,0,0.0
items,QMFQr4,MFQ_PURITY_2,,TSP,38,14.4,top3,4.8,58.3,5.6,52.7,,,0.0,1.4,4.2,36.1,37.0,14.2,7.1,0,-0.33
items,QMFQr4,MFQ_PURITY_2,,CEC,68,68.3,top3,4.77,50.3,8.7,41.6,,,0.0,0.8,7.9,41.1,23.4,17.8,9.1,0,0.31
items,QMFQr4,MFQ_PURITY_2,,TC,69,59.7,top3,4.98,63.1,9.4,53.7,,,0.0,3.2,6.2,27.5,28.1,22.6,12.4,0,1.44
items,QMFQr4,MFQ_PURITY_2,,HF,23,13.4,top3,5.2,67.1,9.7,57.4,,,3.1,0.0,6.6,23.2,24.5,16.5,26.1,0,0.81
items,QMFQr4,MFQ_PURITY_2,,PP,32,11.7,top3,5.17,63.7,0.0,63.7,,,0.0,0.0,0.0,36.4,25.8,22.2,15.7,0,1.87
items,QMFQr4,MFQ_PURITY_2,,WE,58,74.3,top3,5.24,66.7,7.3,59.4,,,0.0,0.7,6.6,26.0,17.4,33.1,16.2,1,2.04
items,QMFQr4,MFQ_PURITY_2,,PFF,37,23.7,top3,5.24,75.8,7.0,68.8,,,0.0,3.2,3.8,17.2,42.3,8.5,25.0,1,2.2
items,QMFQr4,MFQ_PURITY_2,,HHN,34,13.8,top3,5.32,68.3,0.0,68.3,,,0.0,0.0,0.0,31.7,31.0,10.4,26.9,0,1.8
items,QMFQr4,MFQ_PURITY_2,,MFL,49,30.9,top3,5.01,65.7,16.8,48.9,,,0.0,6.7,10.1,17.5,14.9,43.2,7.6,0,1.54
items,QMFQr4,MFQ_PURITY_2,,VS,41,27.2,top3,4.88,67.8,8.2,59.6,,,4.4,0.0,3.8,23.9,44.0,9.7,14.1,0,1.74
items,QMFQr4,MFQ_PURITY_2,,UCP,40,48.4,top3,3.79,45.8,44.1,1.7,,,19.5,23.8,0.8,10.1,19.5,12.9,13.4,1,-2.28
items,QMFQr4,MFQ_PURITY_2,,FJP,72,105.6,top3,4.68,47.7,16.5,31.2,,,6.2,0.2,10.1,35.7,17.7,10.6,19.4,0,0.03
items,QMFQr4,MFQ_PURITY_2,,HCP,70,81.2,top3,4.28,44.0,34.5,9.5,,,9.5,12.2,12.8,21.5,14.6,9.3,20.1,2,-2.96
items,QMFQr4,MFQ_PURITY_2,,HAD,60,66.9,top3,5.09,72.3,13.9,58.4,,,1.2,0.9,11.8,13.7,27.7,34.7,9.9,0,0.66
items,QMFQr4,MFQ_PURITY_2,,HCI,67,72.9,top3,4.6,43.8,19.4,24.4,,,2.3,3.5,13.6,36.7,10.8,22.7,10.3,0,-1.34
items,QMFQr4,MFQ_PURITY_2,,GHI,71,106.5,top3,3.41,22.7,39.9,-17.2,,,26.3,3.5,10.1,37.5,14.3,2.2,6.2,2,-5.3
items,QMFQr5,MFQ_FAIR,,TOTAL,829,819.0,top3,5.34,73.0,5.8,67.2,,,0.9,0.8,4.1,21.2,25.5,25.3,22.2,0,0.0
items,QMFQr5,MFQ_FAIR,,TSP,38,14.4,top3,4.93,56.5,8.7,47.8,,,0.0,0.0,8.7,34.8,21.8,24.5,10.2,0,-1.28
items,QMFQr5,MFQ_FAIR,,CEC,68,68.3,top3,5.29,77.3,4.9,72.4,,,0.0,3.2,1.7,18.0,36.3,22.2,18.8,0,0.81
items,QMFQr5,MFQ_FAIR,,TC,69,59.7,top3,5.15,70.0,8.8,61.2,,,0.0,0.0,8.8,21.1,32.0,22.6,15.4,0,-0.24
items,QMFQr5,MFQ_FAIR,,HF,23,13.4,top3,5.43,76.0,0.0,76.0,,,0.0,0.0,0.0,24.0,25.9,33.5,16.6,0,-0.29
items,QMFQr5,MFQ_FAIR,,PP,32,11.7,top3,4.68,62.8,14.5,48.3,,,12.8,0.0,1.7,22.7,25.5,29.0,8.3,0,-0.45
items,QMFQr5,MFQ_FAIR,,WE,58,74.3,top3,4.95,64.2,9.1,55.1,,,0.0,0.0,9.1,26.8,30.1,28.4,5.7,1,-2.1
items,QMFQr5,MFQ_FAIR,,PFF,37,23.7,top3,5.6,76.6,1.1,75.5,,,0.0,0.0,1.1,22.3,8.7,51.0,16.9,0,0.48
items,QMFQr5,MFQ_FAIR,,HHN,34,13.8,top3,5.67,72.3,3.0,69.3,,,0.0,0.0,3.0,24.7,15.9,15.0,41.4,0,-1.79
items,QMFQr5,MFQ_FAIR,,MFL,49,30.9,top3,5.19,73.7,4.9,68.8,,,0.0,0.0,4.9,21.4,33.0,31.2,9.5,0,-0.46
items,QMFQr5,MFQ_FAIR,,VS,41,27.2,top3,5.35,76.4,5.0,71.4,,,3.5,1.5,0.0,18.6,31.2,18.4,26.8,0,0.85
items,QMFQr5,MFQ_FAIR,,UCP,40,48.4,top3,5.83,78.1,3.4,74.7,,,0.0,0.4,3.0,18.4,14.2,19.0,44.9,0,0.76
items,QMFQr5,MFQ_FAIR,,FJP,72,105.6,top3,5.38,72.4,9.9,62.5,,,0.4,2.8,6.7,17.6,24.1,17.3,31.0,0,-0.56
items,QMFQr5,MFQ_FAIR,,HCP,70,81.2,top3,5.61,81.0,5.6,75.4,,,3.2,1.1,1.3,13.4,15.3,38.6,27.1,0,-0.16
items,QMFQr5,MFQ_FAIR,,HAD,60,66.9,top3,5.65,78.4,1.2,77.2,,,1.2,0.0,0.0,20.4,19.4,27.0,32.0,0,1.39
items,QMFQr5,MFQ_FAIR,,HCI,67,72.9,top3,4.99,63.0,9.4,53.6,,,0.0,0.0,9.4,27.5,30.3,20.2,12.5,0,1.02
items,QMFQr5,MFQ_FAIR,,GHI,71,106.5,top3,5.4,74.7,1.4,73.3,,,1.2,0.0,0.2,23.9,28.0,24.0,22.7,0,1.3
items,QMFQr6,MFQ_LIBERTY,,TOTAL,829,819.0,top3,5.57,77.6,3.9,73.7,,,1.4,0.6,1.9,18.5,19.3,29.2,29.1,0,0.0
items,QMFQr6,MFQ_LIBERTY,,TSP,38,14.4,top3,5.1,66.0,11.5,54.5,,,0.0,0.0,11.5,22.5,21.6,33.6,10.8,0,-1.75
items,QMFQr6,MFQ_LIBERTY,,CEC,68,68.3,top3,5.4,68.3,2.7,65.6,,,0.0,0.0,2.7,29.1,19.7,22.4,26.2,0,-1.79
items,QMFQr6,MFQ_LIBERTY,,TC,69,59.7,top3,5.23,71.9,8.4,63.5,,,0.0,4.5,3.9,19.6,28.5,22.7,20.7,0,-0.25
items,QMFQr6,MFQ_LIBERTY,,HF,23,13.4,top3,5.08,69.8,3.1,66.7,,,3.1,0.0,0.0,27.1,37.4,18.0,14.4,0,-1.12
items,QMFQr6,MFQ_LIBERTY,,PP,32,11.7,top3,4.93,63.0,21.7,41.3,,,0.0,9.3,12.4,15.3,14.9,35.3,12.8,0,-1.27
items,QMFQr6,MFQ_LIBERTY,,WE,58,74.3,top3,5.42,81.8,3.2,78.6,,,1.0,1.0,1.2,15.0,32.1,32.7,17.0,0,0.76
items,QMFQr6,MFQ_LIBERTY,,PFF,37,23.7,top3,5.4,77.1,2.6,74.5,,,1.3,0.0,1.3,20.3,31.0,23.7,22.4,0,0.08
items,QMFQr6,MFQ_LIBERTY,,HHN,34,13.8,top3,4.86,53.4,15.3,38.1,,,0.0,0.0,15.3,31.3,18.2,22.5,12.7,1,-2.25
items,QMFQr6,MFQ_LIBERTY,,MFL,49,30.9,top3,5.58,83.8,1.0,82.8,,,0.0,0.0,1.0,15.2,33.6,25.0,25.2,0,0.4
items,QMFQr6,MFQ_LIBERTY,,VS,41,27.2,top3,5.4,74.5,5.8,68.7,,,3.5,1.5,0.8,19.8,22.3,25.1,27.1,0,0.07
items,QMFQr6,MFQ_LIBERTY,,UCP,40,48.4,top3,6.27,93.1,3.0,90.1,,,0.0,0.0,3.0,3.9,5.8,37.5,49.8,1,2.23
items,QMFQr6,MFQ_LIBERTY,,FJP,72,105.6,top3,5.86,87.3,1.3,86.0,,,0.0,0.0,1.3,11.4,17.3,40.2,29.8,0,1.11
items,QMFQr6,MFQ_LIBERTY,,HCP,70,81.2,top3,5.14,67.1,13.0,54.1,,,11.5,0.4,1.1,19.8,14.5,22.3,30.3,0,-0.46
items,QMFQr6,MFQ_LIBERTY,,HAD,60,66.9,top3,5.93,79.7,0.0,79.7,,,0.0,0.0,0.0,20.4,11.7,23.0,45.0,0,0.9
items,QMFQr6,MFQ_LIBERTY,,HCI,67,72.9,top3,5.44,69.4,1.1,68.3,,,0.0,0.0,1.1,29.5,19.4,24.5,25.5,0,0.19
items,QMFQr6,MFQ_LIBERTY,,GHI,71,106.5,top3,5.96,85.3,0.0,85.3,,,0.0,0.0,0.0,14.6,11.8,36.8,36.7,0,1.91
items,QMFQr7,MFQ_LOYALTY,,TOTAL,829,819.0,top3,4.71,52.9,13.8,39.1,,,3.3,3.1,7.4,33.4,23.7,16.5,12.7,0,0.0
items,QMFQr7,MFQ_LOYALTY,,TSP,38,14.4,top3,4.47,45.0,29.4,15.6,,,2.4,9.0,18.0,25.8,8.1,29.0,7.9,0,-0.24
items,QMFQr7,MFQ_LOYALTY,,CEC,68,68.3,top3,4.87,60.4,5.5,54.9,,,0.8,1.5,3.2,34.3,34.8,15.6,10.0,0,0.94
items,QMFQr7,MFQ_LOYALTY,,TC,69,59.7,top3,4.85,52.3,4.1,48.2,,,1.6,0.0,2.5,43.5,25.1,14.4,12.8,0,-0.45
items,QMFQr7,MFQ_LOYALTY,,HF,23,13.4,top3,5.05,67.1,7.4,59.7,,,3.1,0.0,4.3,25.6,32.9,17.3,16.9,0,1.72
items,QMFQr7,MFQ_LOYALTY,,PP,32,11.7,top3,4.62,58.4,24.6,33.8,,,7.1,0.0,17.5,17.0,29.9,14.3,14.2,0,0.51
items,QMFQr7,MFQ_LOYALTY,,WE,58,74.3,top3,4.57,53.0,17.9,35.1,,,3.7,4.3,9.9,29.1,25.9,20.7,6.4,0,-0.02
items,QMFQr7,MFQ_LOYALTY,,PFF,37,23.7,top3,5.21,67.1,2.3,64.8,,,0.0,2.3,0.0,30.5,24.1,27.9,15.1,0,1.62
items,QMFQr7,MFQ_LOYALTY,,HHN,34,13.8,top3,4.82,47.0,6.5,40.5,,,3.5,0.0,3.0,46.6,13.8,17.5,15.7,0,-1.27
items,QMFQr7,MFQ_LOYALTY,,MFL,49,30.9,top3,5.02,62.5,2.5,60.0,,,1.0,1.5,0.0,35.0,22.5,34.7,5.3,0,1.35
items,QMFQr7,MFQ_LOYALTY,,VS,41,27.2,top3,4.91,58.3,9.0,49.3,,,6.8,2.2,0.0,32.7,22.5,14.3,21.5,0,0.24
items,QMFQr7,MFQ_LOYALTY,,UCP,40,48.4,top3,4.16,48.7,29.7,19.0,,,14.6,3.3,11.8,21.5,21.1,25.1,2.5,0,0.08
items,QMFQr7,MFQ_LOYALTY,,FJP,72,105.6,top3,4.57,51.3,14.6,36.7,,,1.4,2.4,10.8,34.1,29.6,17.1,4.6,0,0.41
items,QMFQr7,MFQ_LOYALTY,,HCP,70,81.2,top3,5.05,63.3,9.1,54.2,,,2.2,4.6,2.3,27.7,30.6,5.2,27.5,0,-1.33
items,QMFQr7,MFQ_LOYALTY,,HAD,60,66.9,top3,5.42,67.1,19.9,47.2,,,0.0,0.6,19.3,13.0,11.5,15.4,40.2,0,1.58
items,QMFQr7,MFQ_LOYALTY,,HCI,67,72.9,top3,4.46,44.2,18.6,25.6,,,0.3,3.2,15.1,37.1,23.4,17.9,2.9,0,-1.21
items,QMFQr7,MFQ_LOYALTY,,GHI,71,106.5,top3,4.23,32.9,15.3,17.6,,,7.2,7.1,1.0,51.8,14.4,10.0,8.5,2,-2.69
items,QMFQr8,MFQ_AUTHORITY,,TOTAL,829,819.0,top3,4.85,64.5,15.6,48.9,,,7.2,3.5,4.9,19.8,25.1,24.6,14.8,0,0.0
items,QMFQr8,MFQ_AUTHORITY,,TSP,38,14.4,top3,4.95,62.3,19.1,43.2,,,0.0,10.3,8.8,18.5,13.6,35.9,12.8,0,-0.95
items,QMFQr8,MFQ_AUTHORITY,,CEC,68,68.3,top3,5.42,73.4,3.8,69.6,,,0.0,1.5,2.3,22.7,21.9,28.8,22.7,0,1.64
items,QMFQr8,MFQ_AUTHORITY,,TC,69,59.7,top3,5.44,77.0,4.9,72.1,,,0.0,0.0,4.9,18.1,30.1,21.8,25.1,1,1.98
items,QMFQr8,MFQ_AUTHORITY,,HF,23,13.4,top3,5.61,87.1,0.0,87.1,,,0.0,0.0,0.0,12.9,31.1,38.5,17.5,0,1.11
items,QMFQr8,MFQ_AUTHORITY,,PP,32,11.7,top3,4.73,58.9,16.0,42.9,,,3.5,9.3,3.2,25.1,21.2,29.4,8.3,0,-0.24
items,QMFQr8,MFQ_AUTHORITY,,WE,58,74.3,top3,5.6,88.5,2.4,86.1,,,1.0,0.0,1.4,9.2,30.5,40.3,17.7,2,3.44
items,QMFQr8,MFQ_AUTHORITY,,PFF,37,23.7,top3,5.35,64.2,0.0,64.2,,,0.0,0.0,0.0,35.9,24.1,9.1,31.0,0,0.36
items,QMFQr8,MFQ_AUTHORITY,,HHN,34,13.8,top3,4.87,70.9,10.5,60.4,,,9.0,1.5,0.0,18.6,41.7,12.0,17.2,0,0.39
items,QMFQr8,MFQ_AUTHORITY,,MFL,49,30.9,top3,5.66,88.1,2.6,85.5,,,0.0,0.0,2.6,9.2,26.7,42.6,18.8,2,2.8
items,QMFQr8,MFQ_AUTHORITY,,VS,41,27.2,top3,5.21,76.9,5.8,71.1,,,3.5,1.5,0.8,17.4,33.8,27.6,15.5,0,0.79
items,QMFQr8,MFQ_AUTHORITY,,UCP,40,48.4,top3,3.18,36.1,58.0,-21.9,,,41.4,4.9,11.7,5.9,9.7,24.7,1.7,2,-3.47
items,QMFQr8,MFQ_AUTHORITY,,FJP,72,105.6,top3,4.35,49.8,26.8,23.0,,,8.5,13.6,4.7,23.4,14.9,27.2,7.7,1,-2.01
items,QMFQr8,MFQ_AUTHORITY,,HCP,70,81.2,top3,4.88,65.1,11.0,54.1,,,8.7,0.5,1.8,24.0,28.7,20.6,15.8,0,-1.68
items,QMFQr8,MFQ_AUTHORITY,,HAD,60,66.9,top3,5.55,88.4,4.5,83.9,,,0.3,0.3,3.9,7.1,36.5,31.7,20.2,0,0.71
items,QMFQr8,MFQ_AUTHORITY,,HCI,67,72.9,top3,4.69,52.8,21.2,31.6,,,4.7,0.3,16.2,26.0,16.9,24.4,11.5,0,0.75
items,QMFQr8,MFQ_AUTHORITY,,GHI,71,106.5,top3,4.0,42.9,26.8,16.1,,,15.4,6.2,5.2,30.4,30.4,4.3,8.2,2,-5.03
items,QCRITICr1,CRITIC_1,,TOTAL,1044,1044.0,top3,4.19,50.5,30.8,19.7,,,12.2,9.3,9.3,18.8,28.3,11.8,10.4,0,0.0
items,QCRITICr1,CRITIC_1,,TSP,64,25.3,top3,4.52,48.8,18.0,30.8,,,4.6,4.0,9.4,33.1,26.0,11.4,11.4,0,0.61
items,QCRITICr1,CRITIC_1,,CEC,68,68.3,top3,4.94,64.9,10.1,54.8,,,0.0,6.4,3.7,25.1,34.2,15.4,15.3,1,2.32
items,QCRITICr1,CRITIC_1,,TC,69,59.7,top3,5.03,63.4,7.3,56.1,,,0.0,0.8,6.5,29.4,37.1,5.3,21.0,1,2.17
items,QCRITICr1,CRITIC_1,,HF,43,23.9,top3,4.85,60.0,14.4,45.6,,,1.6,5.0,7.8,25.5,30.0,12.0,18.0,0,1.37
items,QCRITICr1,CRITIC_1,,PP,62,25.8,top3,4.6,55.9,26.8,29.1,,,4.5,5.6,16.7,17.1,22.7,20.6,12.6,0,0.1
items,QCRITICr1,CRITIC_1,,WE,70,96.1,top3,5.08,74.1,10.8,63.3,,,5.1,0.0,5.7,15.2,35.2,23.1,15.8,2,4.01
items,QCRITICr1,CRITIC_1,,PFF,58,44.9,top3,5.02,64.5,12.6,51.9,,,6.5,2.0,4.1,23.0,21.5,20.7,22.3,2,2.84
items,QCRITICr1,CRITIC_1,,HHN,60,28.2,top3,4.92,64.6,15.3,49.3,,,7.4,1.6,6.3,20.0,34.5,0.7,29.4,0,0.65
items,QCRITICr1,CRITIC_1,,MFL,69,53.0,top3,5.13,67.7,19.7,48.0,,,0.0,2.6,17.1,12.7,23.1,21.1,23.5,0,1.68
items,QCRITICr1,CRITIC_1,,VS,67,52.6,top3,4.82,64.9,15.5,49.4,,,2.1,8.9,4.5,19.5,30.6,22.9,11.4,1,1.96
items,QCRITICr1,CRITIC_1,,UCP,69,114.0,top3,2.19,9.6,77.9,-68.3,,,42.8,27.8,7.3,12.5,9.2,0.4,0.0,2,-6.81
items,QCRITICr1,CRITIC_1,,FJP,72,105.6,top3,3.19,33.5,53.4,-19.9,,,30.6,10.6,12.2,13.1,22.6,10.9,0.0,2,-3.39
items,QCRITICr1,CRITIC_1,,HCP,70,81.2,top3,4.2,45.8,36.9,8.9,,,14.3,6.8,15.8,17.1,14.5,15.8,15.5,1,-2.18
items,QCRITICr1,CRITIC_1,,HAD,65,85.9,top3,4.62,52.1,12.7,39.4,,,0.0,2.0,10.7,35.2,38.9,2.0,11.2,0,-0.56
items,QCRITICr1,CRITIC_1,,HCI,67,72.9,top3,4.46,59.1,20.4,38.7,,,0.3,12.3,7.8,20.5,39.7,18.4,1.0,0,-0.31
items,QCRITICr1,CRITIC_1,,GHI,71,106.5,top3,3.34,41.1,51.4,-10.3,,,19.7,20.2,11.5,7.6,37.8,3.1,0.2,2,-3.78
items,QCRITICr2,CRITIC_2,,TOTAL,1044,1044.0,top3,3.29,24.2,55.8,-31.6,,,16.6,20.8,18.4,20.0,14.2,5.8,4.2,0,0.0
items,QCRITICr2,CRITIC_2,,TSP,64,25.3,top3,3.86,30.8,41.6,-10.8,,,7.4,13.3,20.9,27.6,13.3,9.9,7.6,0,1.86
items,QCRITICr2,CRITIC_2,,CEC,68,68.3,top3,3.98,30.4,35.3,-4.9,,,4.9,8.9,21.5,34.3,19.2,1.0,10.2,0,0.94
items,QCRITICr2,CRITIC_2,,TC,69,59.7,top3,3.81,22.2,38.2,-16.0,,,3.9,9.9,24.4,39.7,12.8,3.8,5.6,0,-1.13
items,QCRITICr2,CRITIC_2,,HF,43,23.9,top3,4.16,33.4,33.3,0.1,,,1.6,9.2,22.5,33.3,9.2,20.3,3.9,1,2.41
items,QCRITICr2,CRITIC_2,,PP,62,25.8,top3,3.8,40.2,38.7,1.5,,,16.2,5.8,16.7,21.3,25.4,12.5,2.3,0,1.45
items,QCRITICr2,CRITIC_2,,WE,70,96.1,top3,4.18,40.6,24.3,16.3,,,6.2,6.9,11.2,35.0,26.2,7.9,6.5,2,3.03
items,QCRITICr2,CRITIC_2,,PFF,58,44.9,top3,4.46,47.0,19.9,27.1,,,10.6,7.2,2.1,33.1,12.6,21.8,12.6,2,3.66
items,QCRITICr2,CRITIC_2,,HHN,60,28.2,top3,4.09,40.0,34.6,5.4,,,11.1,10.1,13.4,25.5,14.4,15.2,10.4,0,0.72
items,QCRITICr2,CRITIC_2,,MFL,69,53.0,top3,3.97,33.6,44.9,-11.3,,,6.2,5.4,33.3,21.6,12.4,16.4,4.8,0,1.71
items,QCRITICr2,CRITIC_2,,VS,67,52.6,top3,4.04,39.2,35.0,4.2,,,6.9,11.9,16.2,25.8,23.2,6.6,9.4,2,3.61
items,QCRITICr2,CRITIC_2,,UCP,69,114.0,top3,2.03,5.4,92.9,-87.5,,,32.6,44.3,16.0,1.8,5.2,0.2,0.0,2,-4.25
items,QCRITICr2,CRITIC_2,,FJP,72,105.6,top3,2.56,9.8,76.7,-66.9,,,24.6,40.0,12.1,13.4,3.9,0.2,5.7,2,-3.83
items,QCRITICr2,CRITIC_2,,HCP,70,81.2,top3,2.67,17.4,70.4,-53.0,,,31.8,29.2,9.4,12.2,5.5,11.5,0.4,2,-2.6
items,QCRITICr2,CRITIC_2,,HAD,65,85.9,top3,3.74,30.6,47.7,-17.1,,,1.7,11.9,34.1,21.7,25.8,2.9,1.9,0,0.89
items,QCRITICr2,CRITIC_2,,HCI,67,72.9,top3,3.03,18.7,71.2,-52.5,,,10.9,22.8,37.5,10.0,18.0,0.7,0.0,2,-3.01
items,QCRITICr2,CRITIC_2,,GHI,71,106.5,top3,2.21,11.5,80.3,-68.8,,,39.8,30.6,9.9,8.1,11.5,0.0,0.0,2,-4.34
items,QCRITICr3,CRITIC_3,,TOTAL,1044,1044.0,top3,4.19,46.9,30.5,16.4,,,6.2,10.8,13.5,22.6,26.6,15.2,5.1,0,0.0
items,QCRITICr3,CRITIC_3,,TSP,64,25.3,top3,4.13,38.6,27.8,10.8,,,9.8,7.6,10.4,33.6,14.9,18.5,5.2,0,-0.45
items,QCRITICr3,CRITIC_3,,CEC,68,68.3,top3,4.71,65.3,17.4,47.9,,,2.7,4.1,10.6,17.3,42.0,14.1,9.2,1,2.57
items,QCRITICr3,CRITIC_3,,TC,69,59.7,top3,4.85,66.7,14.7,52.0,,,0.0,3.3,11.4,18.5,40.7,15.8,10.2,2,2.68
items,QCRITICr3,CRITIC_3,,HF,43,23.9,top3,4.76,56.5,7.8,48.7,,,1.6,2.7,3.5,35.7,23.7,31.8,1.0,0,0.52
items,QCRITICr3,CRITIC_3,,PP,62,25.8,top3,4.63,55.0,18.6,36.4,,,5.7,4.6,8.3,26.5,22.9,21.7,10.4,0,1.11
items,QCRITICr3,CRITIC_3,,WE,70,96.1,top3,4.86,61.7,20.2,41.5,,,2.4,4.7,13.1,18.1,19.4,31.1,11.2,1,2.05
items,QCRITICr3,CRITIC_3,,PFF,58,44.9,top3,5.04,57.6,5.7,51.9,,,3.3,0.0,2.4,36.7,18.2,20.1,19.3,0,1.95
items,QCRITICr3,CRITIC_3,,HHN,60,28.2,top3,4.51,59.9,19.3,40.6,,,6.7,4.8,7.8,20.8,41.3,8.2,10.4,0,0.06
items,QCRITICr3,CRITIC_3,,MFL,69,53.0,top3,4.96,63.0,12.2,50.8,,,0.0,7.2,5.0,24.8,22.0,29.9,11.1,1,2.18
items,QCRITICr3,CRITIC_3,,VS,67,52.6,top3,4.76,66.2,19.1,47.1,,,0.0,9.4,9.7,14.8,35.7,22.8,7.7,2,2.72
items,QCRITICr3,CRITIC_3,,UCP,69,114.0,top3,2.97,21.4,66.0,-44.6,,,16.9,24.4,24.7,12.6,21.2,0.2,0.0,2,-5.04
items,QCRITICr3,CRITIC_3,,FJP,72,105.6,top3,3.4,24.8,54.2,-29.4,,,3.0,33.9,17.3,21.1,16.2,8.0,0.6,2,-2.86
items,QCRITICr3,CRITIC_3,,HCP,70,81.2,top3,3.57,24.0,44.9,-20.9,,,13.5,1.4,30.0,31.0,18.8,4.3,0.9,2,-3.4
items,QCRITICr3,CRITIC_3,,HAD,65,85.9,top3,4.88,67.0,8.2,58.8,,,0.0,7.5,0.7,24.8,33.9,29.4,3.7,0,1.47
items,QCRITICr3,CRITIC_3,,HCI,67,72.9,top3,4.46,59.8,23.2,36.6,,,0.7,9.7,12.8,17.0,39.4,20.1,0.3,0,-0.82
items,QCRITICr3,CRITIC_3,,GHI,71,106.5,top3,3.35,25.0,44.5,-19.5,,,17.5,11.1,15.9,30.5,24.4,0.6,0.0,2,-4.24
items,QCRITICr4,CRITIC_4,,TOTAL,1044,1044.0,top3,4.02,37.9,33.5,4.4,,,7.0,13.1,13.4,28.6,19.7,11.7,6.5,0,0.0
items,QCRITICr4,CRITIC_4,,TSP,64,25.3,top3,4.3,40.4,24.8,15.6,,,4.4,13.1,7.3,34.9,15.0,14.7,10.7,0,1.05
items,QCRITICr4,CRITIC_4,,CEC,68,68.3,top3,4.54,53.2,15.0,38.2,,,2.4,9.3,3.3,31.8,32.9,9.9,10.4,0,1.89
items,QCRITICr4,CRITIC_4,,TC,69,59.7,top3,4.61,49.0,9.7,39.3,,,0.0,4.1,5.6,41.4,31.7,8.4,8.9,0,1.01
items,QCRITICr4,CRITIC_4,,HF,43,23.9,top3,4.69,51.7,18.1,33.6,,,1.6,2.7,13.8,30.2,20.0,21.5,10.2,0,1.12
items,QCRITICr4,CRITIC_4,,PP,62,25.8,top3,4.3,50.1,24.0,26.1,,,7.0,6.4,10.6,26.0,28.8,18.2,3.1,0,1.02
items,QCRITICr4,CRITIC_4,,WE,70,96.1,top3,5.0,60.6,6.1,54.5,,,1.7,0.0,4.4,33.3,23.3,25.6,11.7,2,2.92
items,QCRITICr4,CRITIC_4,,PFF,58,44.9,top3,4.71,50.5,19.4,31.1,,,3.3,8.2,7.9,30.1,15.6,15.1,19.8,2,2.6
items,QCRITICr4,CRITIC_4,,HHN,60,28.2,top3,4.64,55.0,13.9,41.1,,,7.1,2.8,4.0,31.0,24.8,20.8,9.4,0,1.53
items,QCRITICr4,CRITIC_4,,MFL,69,53.0,top3,4.65,54.2,14.3,39.9,,,5.8,0.0,8.5,31.5,24.9,21.6,7.7,0,1.52
items,QCRITICr4,CRITIC_4,,VS,67,52.6,top3,4.75,58.1,11.1,47.0,,,0.0,3.9,7.2,30.9,35.2,13.5,9.4,2,2.77
items,QCRITICr4,CRITIC_4,,UCP,69,114.0,top3,2.85,12.2,69.6,-57.4,,,18.3,32.8,18.5,18.2,5.8,1.4,5.0,2,-5.33
items,QCRITICr4,CRITIC_4,,FJP,72,105.6,top3,3.59,26.7,50.8,-24.1,,,3.6,25.5,21.7,22.5,14.3,9.6,2.8,0,-1.8
items,QCRITICr4,CRITIC_4,,HCP,70,81.2,top3,2.86,13.7,61.9,-48.2,,,21.0,27.2,13.7,24.3,10.8,2.5,0.4,2,-3.89
items,QCRITICr4,CRITIC_4,,HAD,65,85.9,top3,4.25,35.9,26.6,9.3,,,1.9,2.8,21.9,37.5,16.6,16.4,2.9,0,1.2
items,QCRITICr4,CRITIC_4,,HCI,67,72.9,top3,4.05,43.7,32.0,11.7,,,9.1,14.4,8.5,24.3,26.5,8.9,8.3,1,-2.11
items,QCRITICr4,CRITIC_4,,GHI,71,106.5,top3,3.4,21.1,52.4,-31.3,,,9.7,15.3,27.4,26.5,15.0,6.1,0.0,2,-4.71
items,QCRITICr5,CRITIC_5,,TOTAL,1044,1044.0,top3,4.0,39.5,36.1,3.4,,,9.1,13.7,13.3,24.3,20.0,10.6,8.9,0,0.0
items,QCRITICr5,CRITIC_5,,TSP,64,25.3,top3,4.63,47.3,17.7,29.6,,,4.6,2.4,10.7,35.0,15.8,18.3,13.2,0,1.92
items,QCRITICr5,CRITIC_5,,CEC,68,68.3,top3,4.66,56.5,22.3,34.2,,,2.4,11.0,8.9,21.2,15.8,33.4,7.3,1,2.2
items,QCRITICr5,CRITIC_5,,TC,69,59.7,top3,4.8,52.2,18.6,33.6,,,0.0,2.7,15.9,29.2,19.9,15.0,17.3,0,1.58
items,QCRITICr5,CRITIC_5,,HF,43,23.9,top3,4.58,47.7,21.2,26.5,,,1.6,6.3,13.3,31.1,19.7,14.3,13.7,0,0.97
items,QCRITICr5,CRITIC_5,,PP,62,25.8,top3,4.87,61.5,15.1,46.4,,,6.5,3.6,5.0,23.4,19.3,26.7,15.5,2,2.7
items,QCRITICr5,CRITIC_5,,WE,70,96.1,top3,5.11,75.0,8.7,66.3,,,3.1,2.9,2.7,16.3,39.5,16.7,18.8,2,4.98
items,QCRITICr5,CRITIC_5,,PFF,58,44.9,top3,4.9,52.9,15.5,37.4,,,3.3,3.7,8.5,31.6,16.7,9.7,26.5,2,3.24
items,QCRITICr5,CRITIC_5,,HHN,60,28.2,top3,4.73,60.4,8.1,52.3,,,0.9,2.9,4.3,31.5,40.5,14.1,5.8,0,1.62
items,QCRITICr5,CRITIC_5,,MFL,69,53.0,top3,4.78,48.9,15.3,33.6,,,0.0,8.7,6.6,35.7,17.8,9.0,22.1,0,0.57
items,QCRITICr5,CRITIC_5,,VS,67,52.6,top3,4.75,56.7,16.6,40.1,,,1.2,6.5,8.9,26.7,28.5,12.6,15.6,2,2.58
items,QCRITICr5,CRITIC_5,,UCP,69,114.0,top3,2.53,3.4,74.2,-70.8,,,27.7,24.1,22.4,22.3,0.2,3.2,0.0,2,-6.51
items,QCRITICr5,CRITIC_5,,FJP,72,105.6,top3,3.32,19.9,57.3,-37.4,,,11.1,22.9,23.3,22.8,11.7,2.0,6.2,2,-3.96
items,QCRITICr5,CRITIC_5,,HCP,70,81.2,top3,3.0,16.0,65.8,-49.8,,,18.8,18.3,28.7,18.3,11.3,4.3,0.4,2,-3.3
items,QCRITICr5,CRITIC_5,,HAD,65,85.9,top3,4.55,50.1,7.1,43.0,,,1.7,2.1,3.3,42.9,33.8,14.8,1.5,0,0.24
items,QCRITICr5,CRITIC_5,,HCI,67,72.9,top3,4.01,44.0,38.4,5.6,,,1.1,23.6,13.7,17.5,33.1,0.6,10.3,1,-2.03
items,QCRITICr5,CRITIC_5,,GHI,71,106.5,top3,2.86,21.5,66.0,-44.5,,,22.8,29.9,13.3,12.5,15.6,5.9,0.0,2,-5.88
items,QCRITICr6,CRITIC_6,,TOTAL,1044,1044.0,top3,3.95,33.2,33.0,0.2,,,8.9,9.9,14.2,33.8,16.4,11.0,5.8,0,0.0
items,QCRITICr6,CRITIC_6,,TSP,64,25.3,top3,4.18,33.8,24.9,8.9,,,2.4,10.1,12.4,41.3,15.7,12.7,5.4,0,0.8
items,QCRITICr6,CRITIC_6,,CEC,68,68.3,top3,3.97,22.9,22.6,0.3,,,2.1,8.8,11.7,54.5,15.1,6.5,1.3,0,-1.18
items,QCRITICr6,CRITIC_6,,TC,69,59.7,top3,4.24,26.1,20.0,6.1,,,0.0,1.9,18.1,53.9,14.5,3.8,7.8,0,-0.46
items,QCRITICr6,CRITIC_6,,HF,43,23.9,top3,4.74,52.5,17.4,35.1,,,1.6,0.0,15.8,30.1,24.3,14.6,13.6,2,3.26
items,QCRITICr6,CRITIC_6,,PP,62,25.8,top3,4.42,42.4,16.4,26.0,,,5.3,2.3,8.8,41.1,19.6,16.6,6.2,0,0.99
items,QCRITICr6,CRITIC_6,,WE,70,96.1,top3,4.29,37.5,16.5,21.0,,,2.4,5.8,8.3,46.1,22.7,11.1,3.7,0,1.04
items,QCRITICr6,CRITIC_6,,PFF,58,44.9,top3,4.92,55.4,12.2,43.2,,,3.3,3.7,5.2,32.4,12.3,26.8,16.3,2,3.7
items,QCRITICr6,CRITIC_6,,HHN,60,28.2,top3,4.32,40.2,14.7,25.5,,,6.8,4.4,3.5,45.2,19.3,17.9,3.0,0,0.91
items,QCRITICr6,CRITIC_6,,MFL,69,53.0,top3,4.18,25.9,24.1,1.8,,,1.5,4.5,18.1,50.0,10.3,7.5,8.1,0,-0.99
items,QCRITICr6,CRITIC_6,,VS,67,52.6,top3,4.53,42.2,13.0,29.2,,,0.0,3.8,9.2,44.8,20.4,16.4,5.4,0,1.59
items,QCRITICr6,CRITIC_6,,UCP,69,114.0,top3,3.28,25.6,56.0,-30.4,,,25.2,18.2,12.6,18.4,1.6,20.7,3.3,2,-3.91
items,QCRITICr6,CRITIC_6,,FJP,72,105.6,top3,3.55,31.2,50.4,-19.2,,,15.5,15.1,19.8,18.4,19.4,4.1,7.7,0,-0.19
items,QCRITICr6,CRITIC_6,,HCP,70,81.2,top3,3.9,34.6,43.5,-8.9,,,13.2,2.6,27.7,22.0,14.8,11.5,8.3,0,-1.07
items,QCRITICr6,CRITIC_6,,HAD,65,85.9,top3,4.15,31.4,32.2,-0.8,,,0.5,7.5,24.2,36.3,13.2,12.0,6.2,0,0.43
items,QCRITICr6,CRITIC_6,,HCI,67,72.9,top3,4.07,39.6,23.2,16.4,,,0.6,18.4,4.2,37.2,30.1,9.5,0.0,0,-0.83
items,QCRITICr6,CRITIC_6,,GHI,71,106.5,top3,3.16,27.4,56.9,-29.5,,,24.2,20.1,12.6,15.7,19.4,2.3,5.7,2,-2.98
items,QCRITICr7,CRITIC_7,,TOTAL,1044,1044.0,top3,3.69,36.1,44.6,-8.5,,,14.0,14.9,15.7,19.2,20.3,11.2,4.6,0,0.0
items,QCRITICr7,CRITIC_7,,TSP,64,25.3,top3,4.31,45.7,29.6,16.1,,,8.2,3.8,17.6,24.7,17.4,21.3,7.0,0,1.63
items,QCRITICr7,CRITIC_7,,CEC,68,68.3,top3,4.31,44.8,33.8,11.0,,,0.0,10.2,23.6,21.4,24.4,10.4,10.0,0,1.19
items,QCRITICr7,CRITIC_7,,TC,69,59.7,top3,4.5,49.7,22.6,27.1,,,1.6,4.9,16.1,27.8,25.1,18.5,6.1,0,1.34
items,QCRITICr7,CRITIC_7,,HF,43,23.9,top3,4.38,42.8,22.7,20.1,,,4.6,4.7,13.4,34.6,17.5,19.0,6.3,0,1.06
items,QCRITICr7,CRITIC_7,,PP,62,25.8,top3,4.09,37.3,39.2,-1.9,,,8.9,6.7,23.6,23.5,10.8,17.8,8.7,0,-0.55
items,QCRITICr7,CRITIC_7,,WE,70,96.1,top3,4.58,59.1,20.0,39.1,,,5.5,2.9,11.6,20.9,34.3,17.1,7.7,2,3.52
items,QCRITICr7,CRITIC_7,,PFF,58,44.9,top3,4.78,59.7,18.1,41.6,,,4.1,3.5,10.5,22.2,25.3,20.3,14.1,2,3.74
items,QCRITICr7,CRITIC_7,,HHN,60,28.2,top3,4.49,60.0,22.2,37.8,,,10.8,3.9,7.5,17.8,29.9,23.1,7.0,0,1.84
items,QCRITICr7,CRITIC_7,,MFL,69,53.0,top3,4.69,61.3,20.8,40.5,,,0.8,5.7,14.3,17.9,34.6,18.1,8.6,2,3.13
items,QCRITICr7,CRITIC_7,,VS,67,52.6,top3,4.4,45.8,26.5,19.3,,,2.6,3.3,20.6,27.7,21.0,20.3,4.5,0,1.56
items,QCRITICr7,CRITIC_7,,UCP,69,114.0,top3,1.97,5.3,88.2,-82.9,,,46.6,27.1,14.5,6.6,4.9,0.4,0.0,2,-4.54
items,QCRITICr7,CRITIC_7,,FJP,72,105.6,top3,2.94,18.8,62.4,-43.6,,,22.9,29.2,10.3,18.9,12.5,0.6,5.7,2,-4.24
items,QCRITICr7,CRITIC_7,,HCP,70,81.2,top3,2.86,15.6,65.6,-50.0,,,22.2,26.0,17.4,19.0,9.9,5.3,0.4,2,-3.85
items,QCRITICr7,CRITIC_7,,HAD,65,85.9,top3,4.39,46.3,22.9,23.4,,,2.2,9.2,11.5,30.9,20.5,22.6,3.2,0,0.21
items,QCRITICr7,CRITIC_7,,HCI,67,72.9,top3,3.74,39.7,48.5,-8.8,,,0.6,26.9,21.0,11.8,29.8,9.5,0.4,0,-1.03
items,QCRITICr7,CRITIC_7,,GHI,71,106.5,top3,2.75,20.3,68.7,-48.4,,,28.5,20.3,19.9,11.1,19.9,0.4,0.0,2,-4.17
items,QCRITICr8,CRITIC_8,,TOTAL,1044,1044.0,top3,3.57,29.3,45.8,-16.5,,,14.9,15.4,15.5,24.9,15.9,7.8,5.6,0,0.0
items,QCRITICr8,CRITIC_8,,TSP,64,25.3,top3,4.47,42.5,27.0,15.5,,,0.0,14.2,12.8,30.5,10.1,19.0,13.4,0,1.15
items,QCRITICr8,CRITIC_8,,CEC,68,68.3,top3,4.09,34.6,24.0,10.6,,,3.1,9.0,11.9,41.3,22.3,11.2,1.1,0,1.03
items,QCRITICr8,CRITIC_8,,TC,69,59.7,top3,4.42,42.3,20.2,22.1,,,1.2,4.4,14.6,37.5,26.6,5.4,10.3,0,1.46
items,QCRITICr8,CRITIC_8,,HF,43,23.9,top3,4.89,57.9,15.6,42.3,,,1.6,0.0,14.0,26.5,20.4,24.8,12.7,2,3.74
items,QCRITICr8,CRITIC_8,,PP,62,25.8,top3,4.05,35.7,24.6,11.1,,,7.1,7.9,9.6,39.8,23.2,9.6,2.9,0,0.53
items,QCRITICr8,CRITIC_8,,WE,70,96.1,top3,4.44,42.7,19.9,22.8,,,3.1,6.6,10.2,37.4,22.0,7.0,13.7,0,1.62
items,QCRITICr8,CRITIC_8,,PFF,58,44.9,top3,5.03,64.2,12.4,51.8,,,4.1,4.0,4.3,23.4,25.2,14.6,24.4,2,4.64
items,QCRITICr8,CRITIC_8,,HHN,60,28.2,top3,4.45,52.3,23.4,28.9,,,9.7,4.7,9.0,24.4,23.6,16.9,11.8,0,1.29
items,QCRITICr8,CRITIC_8,,MFL,69,53.0,top3,4.26,42.3,28.8,13.5,,,1.6,1.4,25.8,28.7,29.2,8.9,4.2,0,1.72
items,QCRITICr8,CRITIC_8,,VS,67,52.6,top3,4.24,36.3,25.5,10.8,,,3.8,5.0,16.7,38.2,17.8,10.7,7.8,0,1.39
items,QCRITICr8,CRITIC_8,,UCP,69,114.0,top3,2.03,0.6,93.3,-92.7,,,37.0,30.6,25.7,6.2,0.4,0.2,0.0,2,-5.38
items,QCRITICr8,CRITIC_8,,FJP,72,105.6,top3,2.77,18.8,65.1,-46.3,,,34.8,23.0,7.3,16.0,9.1,4.0,5.7,2,-2.96
items,QCRITICr8,CRITIC_8,,HCP,70,81.2,top3,2.68,12.2,73.5,-61.3,,,27.2,25.9,20.4,14.3,3.5,8.3,0.4,2,-3.08
items,QCRITICr8,CRITIC_8,,HAD,65,85.9,top3,4.04,36.7,35.7,1.0,,,1.9,16.7,17.1,27.5,18.5,13.0,5.2,0,1.59
items,QCRITICr8,CRITIC_8,,HCI,67,72.9,top3,3.56,26.5,49.6,-23.1,,,0.6,28.9,20.1,24.0,17.6,8.9,0.0,2,-2.87
items,QCRITICr8,CRITIC_8,,GHI,71,106.5,top3,2.62,14.9,66.9,-52.0,,,34.4,17.2,15.3,18.3,14.9,0.0,0.0,2,-4.45
items,QCRITICr9,CRITIC_9,,TOTAL,1044,1044.0,top3,4.0,33.2,29.9,3.3,,,6.0,11.0,12.9,36.9,18.9,9.4,4.9,0,0.0
items,QCRITICr9,CRITIC_9,,TSP,64,25.3,top3,4.81,55.1,14.2,40.9,,,0.0,1.1,13.1,30.8,25.7,17.9,11.5,2,2.73
items,QCRITICr9,CRITIC_9,,CEC,68,68.3,top3,4.37,43.5,18.5,25.0,,,3.8,6.0,8.7,38.0,24.5,12.5,6.5,0,0.45
items,QCRITICr9,CRITIC_9,,TC,69,59.7,top3,4.31,33.5,23.5,10.0,,,1.7,7.7,14.1,43.0,11.6,11.5,10.4,0,-0.93
items,QCRITICr9,CRITIC_9,,HF,43,23.9,top3,4.58,52.8,15.0,37.8,,,1.6,7.4,6.0,32.2,25.5,23.4,3.9,0,1.73
items,QCRITICr9,CRITIC_9,,PP,62,25.8,top3,4.56,54.7,16.6,38.1,,,8.4,0.8,7.4,28.7,27.7,18.3,8.7,2,3.25
items,QCRITICr9,CRITIC_9,,WE,70,96.1,top3,4.47,45.3,12.2,33.1,,,2.4,5.5,4.3,42.5,24.8,17.2,3.3,0,1.01
items,QCRITICr9,CRITIC_9,,PFF,58,44.9,top3,4.61,48.4,14.1,34.3,,,4.4,5.9,3.8,37.5,21.9,11.2,15.3,1,2.11
items,QCRITICr9,CRITIC_9,,HHN,60,28.2,top3,4.89,52.5,12.2,40.3,,,1.6,2.3,8.3,35.3,15.6,19.9,17.0,0,0.5
items,QCRITICr9,CRITIC_9,,MFL,69,53.0,top3,4.31,42.8,21.0,21.8,,,4.3,2.9,13.8,36.2,29.7,6.0,7.1,0,1.12
items,QCRITICr9,CRITIC_9,,VS,67,52.6,top3,4.67,56.8,15.6,41.2,,,0.0,3.6,12.0,27.6,35.1,14.1,7.6,2,3.15
items,QCRITICr9,CRITIC_9,,UCP,69,114.0,top3,2.96,2.3,60.5,-58.2,,,13.3,19.0,28.2,37.2,2.3,0.0,0.0,2,-5.02
items,QCRITICr9,CRITIC_9,,FJP,72,105.6,top3,4.02,42.5,28.1,14.4,,,9.3,9.8,9.0,29.4,29.8,10.0,2.7,0,0.8
items,QCRITICr9,CRITIC_9,,HCP,70,81.2,top3,3.6,21.7,38.9,-17.2,,,11.4,16.1,11.4,39.5,8.6,10.2,2.9,2,-2.8
items,QCRITICr9,CRITIC_9,,HAD,65,85.9,top3,4.16,29.3,32.9,-3.6,,,1.9,0.5,30.5,37.8,12.8,8.7,7.8,0,-0.29
items,QCRITICr9,CRITIC_9,,HCI,67,72.9,top3,3.86,29.8,27.3,2.5,,,0.3,16.8,10.2,43.0,28.7,1.1,0.0,2,-2.82
items,QCRITICr9,CRITIC_9,,GHI,71,106.5,top3,3.06,10.8,51.3,-40.5,,,12.7,31.8,6.8,37.9,8.0,2.4,0.4,2,-4.14
items,QCRITICr10,CRITIC_10,,TOTAL,1044,1044.0,top3,4.64,55.8,18.9,36.9,,,4.2,7.5,7.2,25.3,24.6,19.8,11.4,0,0.0
items,QCRITICr10,CRITIC_10,,TSP,64,25.3,top3,4.93,61.8,10.7,51.1,,,1.7,2.3,6.7,27.6,23.3,29.5,9.0,0,0.82
items,QCRITICr10,CRITIC_10,,CEC,68,68.3,top3,4.94,69.7,14.9,54.8,,,2.0,5.7,7.2,15.4,34.0,22.6,13.1,1,2.25
items,QCRITICr10,CRITIC_10,,TC,69,59.7,top3,5.04,64.6,6.8,57.8,,,0.0,0.0,6.8,28.5,30.2,23.1,11.3,0,0.57
items,QCRITICr10,CRITIC_10,,HF,43,23.9,top3,4.75,63.0,18.9,44.1,,,0.0,6.4,12.5,18.1,33.7,21.6,7.7,0,0.71
items,QCRITICr10,CRITIC_10,,PP,62,25.8,top3,4.56,53.2,13.7,39.5,,,4.5,5.0,4.2,33.1,30.2,15.2,7.8,0,-0.18
items,QCRITICr10,CRITIC_10,,WE,70,96.1,top3,5.06,68.0,9.6,58.4,,,1.2,3.3,5.1,22.4,30.9,21.2,15.9,0,1.68
items,QCRITICr10,CRITIC_10,,PFF,58,44.9,top3,4.74,52.8,11.7,41.1,,,4.4,0.9,6.4,35.5,22.2,18.8,11.8,0,-0.65
items,QCRITICr10,CRITIC_10,,HHN,60,28.2,top3,4.99,62.3,11.1,51.2,,,3.2,4.5,3.4,26.6,17.8,30.5,14.0,0,0.39
items,QCRITICr10,CRITIC_10,,MFL,69,53.0,top3,4.93,68.8,4.7,64.1,,,0.0,2.0,2.7,26.5,42.0,22.1,4.7,0,0.83
items,QCRITICr10,CRITIC_10,,VS,67,52.6,top3,4.75,52.7,16.3,36.4,,,1.0,2.6,12.7,31.0,23.1,15.9,13.7,0,-0.15
items,QCRITICr10,CRITIC_10,,UCP,69,114.0,top3,3.86,39.3,46.5,-7.2,,,16.5,17.3,12.7,14.3,7.2,20.9,11.2,1,-2.45
items,QCRITICr10,CRITIC_10,,FJP,72,105.6,top3,4.42,48.3,25.7,22.6,,,4.5,17.6,3.6,26.0,16.2,18.7,13.4,0,-0.85
items,QCRITICr10,CRITIC_10,,HCP,70,81.2,top3,4.44,50.1,24.0,26.1,,,8.5,14.7,0.8,26.0,17.3,16.2,16.6,0,0.18
items,QCRITICr10,CRITIC_10,,HAD,65,85.9,top3,4.89,60.8,8.2,52.6,,,0.0,0.5,7.7,30.9,35.6,13.8,11.4,0,0.15
items,QCRITICr10,CRITIC_10,,HCI,67,72.9,top3,4.79,63.5,16.5,47.0,,,0.0,0.8,15.7,20.0,33.5,26.9,3.1,0,-0.15
items,QCRITICr10,CRITIC_10,,GHI,71,106.5,top3,4.3,43.3,24.0,19.3,,,5.5,11.9,6.6,32.9,18.9,14.7,9.7,2,-2.95
items,QCRITICr11,CRITIC_11,,TOTAL,1044,1044.0,top3,3.72,26.8,39.2,-12.4,,,11.8,13.3,14.1,34.0,11.7,8.9,6.2,0,0.0
items,QCRITICr11,CRITIC_11,,TSP,64,25.3,top3,4.2,44.9,23.1,21.8,,,8.5,8.0,6.6,31.9,27.0,12.4,5.5,1,2.34
items,QCRITICr11,CRITIC_11,,CEC,68,68.3,top3,4.35,41.3,19.6,21.7,,,4.4,4.1,11.1,39.1,19.9,16.2,5.2,0,1.39
items,QCRITICr11,CRITIC_11,,TC,69,59.7,top3,4.4,36.7,15.2,21.5,,,3.9,1.3,10.0,48.1,17.1,12.0,7.6,0,1.03
items,QCRITICr11,CRITIC_11,,HF,43,23.9,top3,4.74,55.5,19.1,36.4,,,1.6,7.4,10.1,25.4,26.1,10.6,18.8,2,3.4
items,QCRITICr11,CRITIC_11,,PP,62,25.8,top3,4.17,36.5,20.9,15.6,,,6.0,6.5,8.4,42.6,23.4,6.6,6.5,0,1.15
items,QCRITICr11,CRITIC_11,,WE,70,96.1,top3,4.81,54.2,17.5,36.7,,,3.6,0.0,13.9,28.3,21.5,14.2,18.5,2,3.85
items,QCRITICr11,CRITIC_11,,PFF,58,44.9,top3,4.92,49.9,13.3,36.6,,,0.8,5.5,7.0,36.8,9.0,19.7,21.2,2,3.3
items,QCRITICr11,CRITIC_11,,HHN,60,28.2,top3,4.35,43.6,20.4,23.2,,,5.1,8.2,7.1,36.0,18.5,19.8,5.3,0,0.78
items,QCRITICr11,CRITIC_11,,MFL,69,53.0,top3,4.1,30.9,28.7,2.2,,,0.0,13.0,15.7,40.4,14.9,10.8,5.2,0,-0.04
items,QCRITICr11,CRITIC_11,,VS,67,52.6,top3,4.59,46.5,18.4,28.1,,,1.2,8.3,8.9,35.2,16.1,19.3,11.1,2,3.65
items,QCRITICr11,CRITIC_11,,UCP,69,114.0,top3,2.35,1.4,78.8,-77.4,,,31.0,28.0,19.8,19.8,0.2,0.0,1.2,2,-5.37
items,QCRITICr11,CRITIC_11,,FJP,72,105.6,top3,2.73,5.6,69.6,-64.0,,,15.9,34.6,19.1,24.9,2.5,2.9,0.2,2,-3.69
items,QCRITICr11,CRITIC_11,,HCP,70,81.2,top3,2.58,5.1,65.9,-60.8,,,36.3,13.4,16.2,29.0,1.6,2.0,1.5,2,-3.57
items,QCRITICr11,CRITIC_11,,HAD,65,85.9,top3,4.15,21.3,18.4,2.9,,,0.0,1.4,17.0,60.1,11.2,7.2,2.9,0,-0.51
items,QCRITICr11,CRITIC_11,,HCI,67,72.9,top3,3.69,33.9,41.4,-7.5,,,9.4,21.8,10.2,24.6,17.0,16.6,0.3,0,-1.76
items,QCRITICr11,CRITIC_11,,GHI,71,106.5,top3,3.2,12.5,51.2,-38.7,,,18.6,15.7,16.9,36.3,6.8,0.0,5.7,2,-4.68
pre_post,PP1,PRE_1 / POST_1,PRE,TOTAL,1044,1044.0,top3,2.04,9.1,84.9,-75.8,,,52.8,20.2,11.9,6.1,4.9,3.2,1.0,0,0.0
pre_post,PP1,PRE_1 / POST_1,PRE,TSP,64,25.3,top3,2.38,20.4,79.6,-59.2,,,50.2,19.7,9.7,0.0,7.0,9.0,4.4,1,2.0
pre_post,PP1,PRE_1 / POST_1,PRE,CEC,68,68.3,top3,1.38,2.4,97.5,-95.1,,,74.4,19.9,3.2,0.0,0.0,2.4,0.0,0,-1.74
pre_post,PP1,PRE_1 / POST_1,PRE,TC,69,59.7,top3,1.56,3.8,91.6,-87.8,,,69.9,17.7,4.0,4.6,2.7,1.1,0.0,0,-0.75
pre_post,PP1,PRE_1 / POST_1,PRE,HF,43,23.9,top3,2.42,19.9,80.1,-60.2,,,47.2,20.5,12.4,0.0,5.6,11.7,2.6,2,2.65
pre_post,PP1,PRE_1 / POST_1,PRE,PP,62,25.8,top3,1.75,8.0,90.8,-82.8,,,54.1,35.1,1.6,1.2,6.7,1.3,0.0,0,-0.02
pre_post,PP1,PRE_1 / POST_1,PRE,WE,70,96.1,top3,1.48,2.9,96.1,-93.2,,,74.6,11.8,9.7,1.0,0.7,2.2,0.0,0,-1.28
pre_post,PP1,PRE_1 / POST_1,PRE,PFF,58,44.9,top3,1.9,10.4,83.0,-72.6,,,59.9,19.8,3.3,6.6,8.3,2.1,0.0,0,0.67
pre_post,PP1,PRE_1 / POST_1,PRE,HHN,60,28.2,top3,2.16,0.0,84.9,-84.9,,,39.9,19.2,25.8,15.0,0.0,0.0,0.0,1,-2.11
pre_post,PP1,PRE_1 / POST_1,PRE,MFL,69,53.0,top3,1.66,4.6,95.3,-90.7,,,65.2,16.9,13.2,0.0,0.0,4.6,0.0,0,-0.75
pre_post,PP1,PRE_1 / POST_1,PRE,VS,67,52.6,top3,1.88,4.3,87.1,-82.8,,,57.2,20.8,9.1,8.6,0.0,2.7,1.6,0,-1.21
pre_post,PP1,PRE_1 / POST_1,PRE,UCP,69,114.0,top3,2.15,13.7,76.6,-62.9,,,56.9,13.7,6.0,9.7,8.3,5.2,0.2,0,1.77
pre_post,PP1,PRE_1 / POST_1,PRE,FJP,72,105.6,top3,2.32,13.8,81.6,-67.8,,,41.9,22.3,17.4,4.5,8.1,5.7,0.0,0,0.65
pre_post,PP1,PRE_1 / POST_1,PRE,HCP,70,81.2,top3,2.08,2.9,85.9,-83.0,,,42.0,27.9,16.0,11.3,0.8,1.2,0.9,0,-0.28
pre_post,PP1,PRE_1 / POST_1,PRE,HAD,65,85.9,top3,2.63,13.4,77.3,-63.9,,,33.8,20.3,23.2,9.2,6.2,0.2,7.0,0,-0.12
pre_post,PP1,PRE_1 / POST_1,PRE,HCI,67,72.9,top3,2.62,20.9,68.8,-47.9,,,40.9,18.2,9.7,10.3,11.7,8.3,0.9,0,1.35
pre_post,PP1,PRE_1 / POST_1,PRE,GHI,71,106.5,top3,2.11,6.9,86.0,-79.1,,,41.2,27.7,17.1,7.1,6.9,0.0,0.0,0,-0.31
pre_post,PP1,PRE_1 / POST_1,POST,TOTAL,1044,1044.0,top3,2.92,21.9,66.5,-44.6,,,32.6,15.6,18.3,11.5,9.5,7.0,5.4,0,0.0
pre_post,PP1,PRE_1 / POST_1,POST,TSP,64,25.3,top3,3.05,27.7,58.1,-30.4,,,38.3,11.8,8.0,14.2,11.7,8.0,8.0,0,1.12
pre_post,PP1,PRE_1 / POST_1,POST,CEC,68,68.3,top3,2.15,7.9,87.2,-79.3,,,43.8,22.7,20.7,4.9,2.9,5.0,0.0,1,-2.25
pre_post,PP1,PRE_1 / POST_1,POST,TC,69,59.7,top3,2.0,6.8,88.6,-81.8,,,51.7,19.5,17.4,4.6,1.6,5.2,0.0,2,-2.64
pre_post,PP1,PRE_1 / POST_1,POST,HF,43,23.9,top3,3.26,34.3,61.1,-26.8,,,25.1,25.4,10.6,4.5,14.3,12.1,7.9,2,2.75
pre_post,PP1,PRE_1 / POST_1,POST,PP,62,25.8,top3,1.9,11.6,87.7,-76.1,,,67.5,8.6,11.6,0.8,4.0,5.6,2.0,0,-0.57
pre_post,PP1,PRE_1 / POST_1,POST,WE,70,96.1,top3,1.95,4.6,88.2,-83.6,,,51.8,20.0,16.4,7.3,2.9,1.0,0.7,1,-2.33
pre_post,PP1,PRE_1 / POST_1,POST,PFF,58,44.9,top3,2.29,11.4,78.7,-67.3,,,48.5,14.6,15.6,9.9,5.1,5.0,1.3,0,-1.48
pre_post,PP1,PRE_1 / POST_1,POST,HHN,60,28.2,top3,3.16,26.4,63.0,-36.6,,,26.3,15.9,20.8,10.5,7.3,17.3,1.8,0,0.64
pre_post,PP1,PRE_1 / POST_1,POST,MFL,69,53.0,top3,2.29,12.7,81.0,-68.3,,,49.8,16.0,15.2,6.3,5.0,2.3,5.4,0,-1.26
pre_post,PP1,PRE_1 / POST_1,POST,VS,67,52.6,top3,2.15,4.1,75.4,-71.3,,,47.0,20.0,8.4,20.5,3.7,0.4,0.0,1,-2.21
pre_post,PP1,PRE_1 / POST_1,POST,UCP,69,114.0,top3,3.62,31.2,53.8,-22.6,,,17.0,1.6,35.2,15.0,15.6,11.0,4.6,2,2.88
pre_post,PP1,PRE_1 / POST_1,POST,FJP,72,105.6,top3,3.43,29.1,57.1,-28.0,,,21.1,9.8,26.2,13.8,13.3,8.6,7.2,2,3.01
pre_post,PP1,PRE_1 / POST_1,POST,HCP,70,81.2,top3,3.05,19.9,63.0,-43.1,,,26.7,16.1,20.2,17.1,7.6,6.7,5.6,0,0.07
pre_post,PP1,PRE_1 / POST_1,POST,HAD,65,85.9,top3,3.88,41.1,50.6,-9.5,,,22.5,12.4,15.7,8.3,12.2,2.8,26.1,1,2.12
pre_post,PP1,PRE_1 / POST_1,POST,HCI,67,72.9,top3,3.47,39.2,54.5,-15.3,,,24.0,17.6,12.9,6.3,19.7,10.8,8.7,0,0.23
pre_post,PP1,PRE_1 / POST_1,POST,GHI,71,106.5,top3,3.36,27.2,50.7,-23.5,,,15.0,25.2,10.5,22.0,13.9,12.1,1.2,0,0.36
pre_post,PP2,PRE_2 / POST_2,PRE,TOTAL,1044,1044.0,top3,3.53,30.5,48.1,-17.6,,,17.4,17.0,13.7,21.4,14.8,8.9,6.8,0,0.0
pre_post,PP2,PRE_2 / POST_2,PRE,TSP,64,25.3,top3,4.18,47.3,37.4,9.9,,,16.3,9.1,12.0,15.4,12.4,19.5,15.4,2,3.11
pre_post,PP2,PRE_2 / POST_2,PRE,CEC,68,68.3,top3,2.67,14.5,62.4,-47.9,,,36.0,15.9,10.5,23.1,12.1,2.4,0.0,1,-2.22
pre_post,PP2,PRE_2 / POST_2,PRE,TC,69,59.7,top3,3.15,18.3,58.3,-40.0,,,16.6,28.5,13.2,23.3,6.2,7.0,5.1,0,-1.7
pre_post,PP2,PRE_2 / POST_2,PRE,HF,43,23.9,top3,4.1,41.1,29.3,11.8,,,7.7,15.2,6.4,29.6,23.4,6.3,11.4,0,0.91
pre_post,PP2,PRE_2 / POST_2,PRE,PP,62,25.8,top3,2.76,14.4,63.4,-49.0,,,36.7,13.3,13.4,22.1,4.4,7.7,2.3,0,-1.26
pre_post,PP2,PRE_2 / POST_2,PRE,WE,70,96.1,top3,2.93,22.9,60.6,-37.7,,,25.5,21.3,13.8,16.6,19.6,3.3,0.0,0,-0.89
pre_post,PP2,PRE_2 / POST_2,PRE,PFF,58,44.9,top3,3.04,20.4,67.2,-46.8,,,21.5,22.6,23.1,12.4,9.8,4.3,6.3,0,-1.31
pre_post,PP2,PRE_2 / POST_2,PRE,HHN,60,28.2,top3,3.6,32.4,43.0,-10.6,,,26.9,6.8,9.3,24.7,13.0,7.9,11.5,0,-0.2
pre_post,PP2,PRE_2 / POST_2,PRE,MFL,69,53.0,top3,2.84,21.3,60.3,-39.0,,,31.6,19.3,9.4,18.4,16.3,5.0,0.0,0,-1.7
pre_post,PP2,PRE_2 / POST_2,PRE,VS,67,52.6,top3,2.95,22.3,66.9,-44.6,,,23.1,27.4,16.4,10.8,10.4,10.4,1.5,0,-1.28
pre_post,PP2,PRE_2 / POST_2,PRE,UCP,69,114.0,top3,4.27,43.7,38.9,4.8,,,6.6,12.1,20.2,17.4,8.7,22.8,12.2,2,3.52
pre_post,PP2,PRE_2 / POST_2,PRE,FJP,72,105.6,top3,4.42,54.4,30.4,24.0,,,10.0,11.1,9.3,15.3,25.3,9.3,19.8,2,3.81
pre_post,PP2,PRE_2 / POST_2,PRE,HCP,70,81.2,top3,3.68,39.6,37.0,2.6,,,21.0,8.2,7.8,23.3,27.5,8.8,3.3,0,0.55
pre_post,PP2,PRE_2 / POST_2,PRE,HAD,65,85.9,top3,3.86,31.0,36.8,-5.8,,,9.7,18.8,8.3,32.2,11.6,8.6,10.8,0,0.33
pre_post,PP2,PRE_2 / POST_2,PRE,HCI,67,72.9,top3,3.34,20.3,49.9,-29.6,,,12.2,28.9,8.8,29.9,3.5,16.8,0.0,1,-2.46
pre_post,PP2,PRE_2 / POST_2,PRE,GHI,71,106.5,top3,3.61,25.9,47.3,-21.4,,,8.6,13.0,25.7,26.9,19.2,0.4,6.3,0,0.76
pre_post,PP2,PRE_2 / POST_2,POST,TOTAL,1044,1044.0,top3,3.75,35.6,43.8,-8.2,,,16.1,17.8,9.9,20.7,12.9,12.5,10.2,0,0.0
pre_post,PP2,PRE_2 / POST_2,POST,TSP,64,25.3,top3,4.11,39.0,31.2,7.8,,,12.1,9.6,9.5,29.8,12.1,17.4,9.5,0,1.27
pre_post,PP2,PRE_2 / POST_2,POST,CEC,68,68.3,top3,2.6,16.4,72.4,-56.0,,,34.2,25.4,12.8,11.2,10.7,1.3,4.4,1,-2.44
pre_post,PP2,PRE_2 / POST_2,POST,TC,69,59.7,top3,2.92,16.5,60.3,-43.8,,,22.6,26.9,10.8,23.3,8.6,7.9,0.0,1,-2.5
pre_post,PP2,PRE_2 / POST_2,POST,HF,43,23.9,top3,3.98,36.9,32.7,4.2,,,13.5,10.7,8.5,30.5,14.0,14.5,8.4,0,0.06
pre_post,PP2,PRE_2 / POST_2,POST,PP,62,25.8,top3,2.72,15.8,65.2,-49.4,,,34.4,16.9,13.9,19.1,11.4,1.5,2.9,0,-1.48
pre_post,PP2,PRE_2 / POST_2,POST,WE,70,96.1,top3,2.83,19.4,62.2,-42.8,,,29.3,22.1,10.8,18.2,16.1,0.0,3.3,1,-2.01
pre_post,PP2,PRE_2 / POST_2,POST,PFF,58,44.9,top3,2.97,20.1,58.2,-38.1,,,34.7,18.0,5.5,21.7,9.2,0.0,10.9,0,-1.8
pre_post,PP2,PRE_2 / POST_2,POST,HHN,60,28.2,top3,3.94,40.6,37.4,3.2,,,19.3,9.0,9.1,22.0,10.3,22.2,8.1,0,0.75
pre_post,PP2,PRE_2 / POST_2,POST,MFL,69,53.0,top3,2.95,17.8,57.7,-39.9,,,28.2,26.7,2.8,24.5,7.1,3.4,7.3,0,-1.67
pre_post,PP2,PRE_2 / POST_2,POST,VS,67,52.6,top3,3.05,21.2,65.1,-43.9,,,17.4,26.9,20.8,13.7,15.1,1.7,4.4,0,-1.25
pre_post,PP2,PRE_2 / POST_2,POST,UCP,69,114.0,top3,5.08,70.0,19.0,51.0,,,1.1,15.6,2.3,10.9,22.1,21.1,26.8,2,6.71
pre_post,PP2,PRE_2 / POST_2,POST,FJP,72,105.6,top3,5.02,66.0,15.5,50.5,,,4.6,4.3,6.6,18.5,18.5,30.6,16.9,2,5.25
pre_post,PP2,PRE_2 / POST_2,POST,HCP,70,81.2,top3,4.08,44.4,38.3,6.1,,,13.5,18.9,5.9,17.4,8.9,23.6,11.9,0,0.21
pre_post,PP2,PRE_2 / POST_2,POST,HAD,65,85.9,top3,3.76,31.6,44.0,-12.4,,,9.7,25.1,9.2,24.5,10.6,9.5,11.5,0,0.32
pre_post,PP2,PRE_2 / POST_2,POST,HCI,67,72.9,top3,3.62,31.7,43.9,-12.2,,,16.5,18.6,8.8,24.3,6.3,25.1,0.3,2,-2.66
pre_post,PP2,PRE_2 / POST_2,POST,GHI,71,106.5,top3,4.06,30.0,36.0,-6.0,,,4.8,9.1,22.1,34.0,11.8,5.5,12.7,0,0.96
pre_post,PP3,PRE_3 / POST_3,PRE,TOTAL,1044,1044.0,top3,4.2,46.3,32.6,13.7,,,12.8,9.0,10.8,21.0,18.7,13.8,13.8,0,0.0
pre_post,PP3,PRE_3 / POST_3,PRE,TSP,64,25.3,top3,4.23,43.8,35.5,8.3,,,10.9,10.6,14.0,20.8,8.2,24.0,11.6,0,-0.05
pre_post,PP3,PRE_3 / POST_3,PRE,CEC,68,68.3,top3,3.0,21.7,57.6,-35.9,,,28.1,14.8,14.7,20.7,14.7,7.0,0.0,2,-2.77
pre_post,PP3,PRE_3 / POST_3,PRE,TC,69,59.7,top3,3.57,29.9,43.7,-13.8,,,14.5,13.7,15.5,26.5,22.0,2.8,5.1,1,-2.07
pre_post,PP3,PRE_3 / POST_3,PRE,HF,43,23.9,top3,4.07,33.9,29.5,4.4,,,10.0,11.4,8.1,36.6,14.5,4.8,14.6,0,-0.83
pre_post,PP3,PRE_3 / POST_3,PRE,PP,62,25.8,top3,3.31,19.7,46.1,-26.4,,,23.6,6.8,15.7,34.3,11.3,5.1,3.3,1,-2.03
pre_post,PP3,PRE_3 / POST_3,PRE,WE,70,96.1,top3,3.21,25.1,52.7,-27.6,,,22.3,18.7,11.7,22.2,17.5,3.3,4.3,1,-2.41
pre_post,PP3,PRE_3 / POST_3,PRE,PFF,58,44.9,top3,3.04,25.1,57.2,-32.1,,,33.4,13.5,10.3,17.7,16.7,0.8,7.6,2,-2.81
pre_post,PP3,PRE_3 / POST_3,PRE,HHN,60,28.2,top3,3.84,33.3,38.1,-4.8,,,17.1,9.1,11.9,28.6,10.5,13.8,9.0,0,-1.03
pre_post,PP3,PRE_3 / POST_3,PRE,MFL,69,53.0,top3,3.53,27.6,42.1,-14.5,,,21.1,13.9,7.1,30.2,10.5,10.2,6.9,1,-2.33
pre_post,PP3,PRE_3 / POST_3,PRE,VS,67,52.6,top3,3.36,30.9,51.6,-20.7,,,18.5,16.1,17.0,17.5,22.1,7.3,1.5,0,-1.64
pre_post,PP3,PRE_3 / POST_3,PRE,UCP,69,114.0,top3,5.31,74.1,16.8,57.3,,,0.2,6.4,10.2,9.1,28.8,9.9,35.4,2,6.23
pre_post,PP3,PRE_3 / POST_3,PRE,FJP,72,105.6,top3,5.23,77.2,15.5,61.7,,,8.0,0.9,6.6,7.3,21.8,32.0,23.4,2,4.81
pre_post,PP3,PRE_3 / POST_3,PRE,HCP,70,81.2,top3,5.2,73.5,15.3,58.2,,,11.2,2.2,1.9,11.3,16.3,28.1,29.1,2,2.74
pre_post,PP3,PRE_3 / POST_3,PRE,HAD,65,85.9,top3,4.2,37.3,27.3,10.0,,,8.2,8.0,11.1,35.3,16.8,6.5,14.0,0,1.19
pre_post,PP3,PRE_3 / POST_3,PRE,HCI,67,72.9,top3,4.13,45.7,30.3,15.4,,,10.6,6.9,12.8,24.0,20.1,25.3,0.3,0,-0.59
pre_post,PP3,PRE_3 / POST_3,PRE,GHI,71,106.5,top3,4.89,56.3,16.5,39.8,,,0.0,4.3,12.2,27.2,19.9,19.4,17.0,2,2.89
pre_post,PP3,PRE_3 / POST_3,POST,TOTAL,1044,1044.0,top3,4.13,45.2,36.2,9.0,,,13.4,11.4,11.4,18.5,17.7,12.8,14.7,0,0.0
pre_post,PP3,PRE_3 / POST_3,POST,TSP,64,25.3,top3,4.23,38.9,35.4,3.5,,,7.8,11.0,16.6,25.8,7.7,16.4,14.8,0,-0.15
pre_post,PP3,PRE_3 / POST_3,POST,CEC,68,68.3,top3,3.1,24.3,59.2,-34.9,,,24.0,21.7,13.5,16.5,15.9,2.9,5.5,1,-2.09
pre_post,PP3,PRE_3 / POST_3,POST,TC,69,59.7,top3,3.21,22.3,54.6,-32.3,,,19.0,18.1,17.5,23.1,14.2,6.7,1.4,2,-2.69
pre_post,PP3,PRE_3 / POST_3,POST,HF,43,23.9,top3,4.24,35.8,22.6,13.2,,,11.3,6.0,5.3,41.6,10.8,10.3,14.7,0,-0.38
pre_post,PP3,PRE_3 / POST_3,POST,PP,62,25.8,top3,3.32,21.8,50.0,-28.2,,,24.7,10.7,14.6,28.2,10.3,3.1,8.4,0,-1.6
pre_post,PP3,PRE_3 / POST_3,POST,WE,70,96.1,top3,3.03,20.7,59.1,-38.4,,,23.6,25.5,10.0,20.2,12.5,2.5,5.7,2,-3.02
pre_post,PP3,PRE_3 / POST_3,POST,PFF,58,44.9,top3,3.23,29.7,52.1,-22.4,,,34.5,13.4,4.2,18.2,13.1,5.7,10.9,0,-0.97
pre_post,PP3,PRE_3 / POST_3,POST,HHN,60,28.2,top3,3.89,36.9,44.9,-8.0,,,23.0,5.8,16.1,18.2,10.0,4.7,22.2,0,-0.6
pre_post,PP3,PRE_3 / POST_3,POST,MFL,69,53.0,top3,3.19,23.2,54.5,-31.3,,,24.6,13.6,16.3,22.3,15.9,1.5,5.8,2,-2.69
pre_post,PP3,PRE_3 / POST_3,POST,VS,67,52.6,top3,3.4,30.1,48.2,-18.1,,,16.3,24.6,7.3,21.7,18.6,7.1,4.4,0,-1.48
pre_post,PP3,PRE_3 / POST_3,POST,UCP,69,114.0,top3,5.37,76.7,18.4,58.3,,,0.4,9.2,8.8,4.9,26.4,12.4,37.9,2,6.96
pre_post,PP3,PRE_3 / POST_3,POST,FJP,72,105.6,top3,5.48,80.4,9.2,71.2,,,1.8,3.2,4.2,10.5,22.7,31.2,26.5,2,5.27
pre_post,PP3,PRE_3 / POST_3,POST,HCP,70,81.2,top3,4.71,57.0,21.5,35.5,,,11.0,5.6,4.9,21.5,10.3,30.6,16.1,0,1.38
pre_post,PP3,PRE_3 / POST_3,POST,HAD,65,85.9,top3,4.09,40.7,36.4,4.3,,,8.7,9.8,17.9,22.9,19.9,9.3,11.5,0,0.56
pre_post,PP3,PRE_3 / POST_3,POST,HCI,67,72.9,top3,4.39,55.9,26.2,29.7,,,14.6,4.4,7.2,18.0,21.9,25.4,8.6,0,-0.96
pre_post,PP3,PRE_3 / POST_3,POST,GHI,71,106.5,top3,4.46,48.9,31.0,17.9,,,5.3,4.2,21.5,20.2,22.3,10.3,16.3,1,2.05
pre_post,PP4,PRE_4 / POST_4,PRE,TOTAL,1044,1044.0,top3,3.41,29.9,49.1,-19.2,,,22.3,16.5,10.3,20.9,14.3,9.9,5.7,0,0.0
pre_post,PP4,PRE_4 / POST_4,PRE,TSP,64,25.3,top3,3.73,33.9,46.2,-12.3,,,13.6,20.9,11.7,19.9,6.1,21.9,5.9,0,0.96
pre_post,PP4,PRE_4 / POST_4,PRE,CEC,68,68.3,top3,2.44,14.1,75.9,-61.8,,,38.5,27.7,9.7,9.9,8.8,0.0,5.3,0,-1.81
pre_post,PP4,PRE_4 / POST_4,PRE,TC,69,59.7,top3,2.61,14.7,72.3,-57.6,,,34.1,23.4,14.8,13.0,8.5,2.5,3.7,1,-2.48
pre_post,PP4,PRE_4 / POST_4,PRE,HF,43,23.9,top3,3.53,26.0,40.3,-14.3,,,17.8,14.1,8.4,33.7,12.1,11.1,2.8,0,0.1
pre_post,PP4,PRE_4 / POST_4,PRE,PP,62,25.8,top3,1.95,5.8,85.3,-79.5,,,52.3,24.6,8.4,8.9,3.3,1.5,1.0,1,-2.47
pre_post,PP4,PRE_4 / POST_4,PRE,WE,70,96.1,top3,2.54,11.6,73.3,-61.7,,,33.1,26.7,13.5,15.2,5.9,3.3,2.4,1,-2.22
pre_post,PP4,PRE_4 / POST_4,PRE,PFF,58,44.9,top3,2.79,12.5,59.1,-46.6,,,41.5,12.8,4.8,28.4,0.0,3.3,9.2,0,-1.94
pre_post,PP4,PRE_4 / POST_4,PRE,HHN,60,28.2,top3,3.63,32.8,38.7,-5.9,,,25.4,10.3,3.0,28.5,12.8,10.1,9.9,0,0.27
pre_post,PP4,PRE_4 / POST_4,PRE,MFL,69,53.0,top3,2.7,15.4,64.7,-49.3,,,37.5,18.5,8.7,19.9,9.0,0.0,6.4,0,-1.86
pre_post,PP4,PRE_4 / POST_4,PRE,VS,67,52.6,top3,2.85,15.8,68.0,-52.2,,,29.5,14.2,24.3,16.2,6.2,8.4,1.2,0,-1.13
pre_post,PP4,PRE_4 / POST_4,PRE,UCP,69,114.0,top3,4.3,47.8,18.4,29.4,,,1.5,16.7,0.2,33.9,33.6,7.7,6.5,2,4.95
pre_post,PP4,PRE_4 / POST_4,PRE,FJP,72,105.6,top3,4.12,44.9,31.8,13.1,,,14.9,6.9,10.0,23.3,16.1,21.2,7.6,2,3.45
pre_post,PP4,PRE_4 / POST_4,PRE,HCP,70,81.2,top3,3.68,42.6,42.8,-0.2,,,21.0,11.6,10.2,14.7,24.0,15.4,3.2,0,0.86
pre_post,PP4,PRE_4 / POST_4,PRE,HAD,65,85.9,top3,3.64,32.3,46.5,-14.2,,,19.2,11.1,16.2,21.2,14.9,7.4,10.0,0,0.89
pre_post,PP4,PRE_4 / POST_4,PRE,HCI,67,72.9,top3,3.56,36.4,43.7,-7.3,,,25.6,10.6,7.5,20.0,11.3,25.1,0.0,0,-0.5
pre_post,PP4,PRE_4 / POST_4,PRE,GHI,71,106.5,top3,4.21,42.3,33.0,9.3,,,2.4,18.3,12.3,24.7,18.9,12.3,11.1,2,2.62
pre_post,PP4,PRE_4 / POST_4,POST,TOTAL,1044,1044.0,top3,3.61,33.4,44.7,-11.3,,,19.6,15.4,9.7,21.8,14.2,11.2,8.0,0,0.0
pre_post,PP4,PRE_4 / POST_4,POST,TSP,64,25.3,top3,4.11,39.5,34.6,4.9,,,12.4,12.5,9.7,25.8,8.7,18.0,12.8,1,2.19
pre_post,PP4,PRE_4 / POST_4,POST,CEC,68,68.3,top3,2.45,12.5,76.6,-64.1,,,40.3,17.3,19.0,10.8,8.3,1.3,2.9,2,-2.6
pre_post,PP4,PRE_4 / POST_4,POST,TC,69,59.7,top3,2.75,10.2,61.3,-51.1,,,30.2,19.6,11.5,28.5,5.1,3.7,1.4,2,-3.25
pre_post,PP4,PRE_4 / POST_4,POST,HF,43,23.9,top3,4.06,42.8,29.9,12.9,,,11.3,13.6,5.0,27.3,27.9,0.0,14.9,0,1.12
pre_post,PP4,PRE_4 / POST_4,POST,PP,62,25.8,top3,2.34,12.5,73.9,-61.4,,,45.7,17.6,10.6,13.6,10.2,0.0,2.3,1,-1.98
pre_post,PP4,PRE_4 / POST_4,POST,WE,70,96.1,top3,2.61,8.9,67.2,-58.3,,,33.1,21.7,12.4,24.0,4.2,2.3,2.4,2,-3.0
pre_post,PP4,PRE_4 / POST_4,POST,PFF,58,44.9,top3,2.9,17.8,58.1,-40.3,,,36.4,16.3,5.4,24.2,7.5,1.1,9.2,0,-1.42
pre_post,PP4,PRE_4 / POST_4,POST,HHN,60,28.2,top3,3.7,31.8,44.2,-12.4,,,28.5,7.1,8.6,23.9,5.5,6.0,20.3,0,0.03
pre_post,PP4,PRE_4 / POST_4,POST,MFL,69,53.0,top3,2.71,15.0,65.3,-50.3,,,35.4,24.1,5.8,19.6,6.5,1.4,7.1,1,-2.06
pre_post,PP4,PRE_4 / POST_4,POST,VS,67,52.6,top3,2.75,15.0,62.4,-47.4,,,26.8,32.9,2.7,22.6,7.5,5.7,1.8,0,-1.66
pre_post,PP4,PRE_4 / POST_4,POST,UCP,69,114.0,top3,4.85,74.3,19.8,54.5,,,1.6,15.5,2.7,6.0,40.5,18.6,15.2,2,6.79
pre_post,PP4,PRE_4 / POST_4,POST,FJP,72,105.6,top3,4.61,53.8,18.8,35.0,,,10.5,2.4,5.9,27.4,14.6,28.4,10.8,2,3.56
pre_post,PP4,PRE_4 / POST_4,POST,HCP,70,81.2,top3,3.89,36.5,41.9,-5.4,,,12.4,19.9,9.6,21.5,9.1,15.9,11.5,0,-0.36
pre_post,PP4,PRE_4 / POST_4,POST,HAD,65,85.9,top3,3.69,32.5,39.6,-7.1,,,12.2,17.8,9.6,27.9,15.2,16.5,0.8,0,1.8
pre_post,PP4,PRE_4 / POST_4,POST,HCI,67,72.9,top3,3.78,34.3,42.9,-8.6,,,17.3,10.2,15.4,22.8,2.8,31.5,0.0,0,-1.66
pre_post,PP4,PRE_4 / POST_4,POST,GHI,71,106.5,top3,4.3,43.1,28.5,14.6,,,5.5,7.0,16.0,28.4,26.3,0.2,16.6,1,2.49
pre_post,PP5,PRE_5 / POST_5,PRE,TOTAL,1044,1044.0,top3,5.35,69.2,6.5,62.7,,,1.7,1.5,3.3,24.2,19.7,21.7,27.8,0,0.0
pre_post,PP5,PRE_5 / POST_5,PRE,TSP,64,25.3,top3,5.13,59.8,9.7,50.1,,,1.4,4.6,3.7,30.6,13.9,20.9,25.0,1,-2.08
pre_post,PP5,PRE_5 / POST_5,PRE,CEC,68,68.3,top3,4.63,51.9,8.9,43.0,,,2.9,0.6,5.4,39.2,32.3,13.2,6.4,0,-1.65
pre_post,PP5,PRE_5 / POST_5,PRE,TC,69,59.7,top3,4.68,53.9,10.3,43.6,,,1.6,3.7,5.0,35.8,31.4,13.3,9.2,1,-2.32
pre_post,PP5,PRE_5 / POST_5,PRE,HF,43,23.9,top3,5.01,59.4,10.6,48.8,,,0.0,3.3,7.3,29.9,23.0,17.3,19.1,0,-1.42
pre_post,PP5,PRE_5 / POST_5,PRE,PP,62,25.8,top3,4.69,50.3,11.6,38.7,,,6.1,3.9,1.6,38.1,17.6,19.4,13.3,0,-1.77
pre_post,PP5,PRE_5 / POST_5,PRE,WE,70,96.1,top3,4.55,44.9,10.8,34.1,,,3.7,1.4,5.7,44.3,24.4,11.4,9.1,2,-3.75
pre_post,PP5,PRE_5 / POST_5,PRE,PFF,58,44.9,top3,4.34,40.4,24.3,16.1,,,7.4,5.3,11.6,35.3,15.0,13.4,12.0,2,-3.64
pre_post,PP5,PRE_5 / POST_5,PRE,HHN,60,28.2,top3,5.16,67.1,12.3,54.8,,,3.3,8.3,0.7,20.6,19.7,19.1,28.3,0,-1.17
pre_post,PP5,PRE_5 / POST_5,PRE,MFL,69,53.0,top3,4.77,57.8,12.0,45.8,,,1.2,5.3,5.5,30.2,26.1,24.8,6.9,0,-0.76
pre_post,PP5,PRE_5 / POST_5,PRE,VS,67,52.6,top3,4.55,51.4,13.4,38.0,,,1.8,2.8,8.8,35.2,31.4,16.8,3.2,0,-1.75
pre_post,PP5,PRE_5 / POST_5,PRE,UCP,69,114.0,top3,6.48,98.0,0.0,98.0,,,0.0,0.0,0.0,2.0,4.2,37.3,56.5,2,5.71
pre_post,PP5,PRE_5 / POST_5,PRE,FJP,72,105.6,top3,6.4,96.9,0.0,96.9,,,0.0,0.0,0.0,3.0,14.9,21.4,60.6,2,5.62
pre_post,PP5,PRE_5 / POST_5,PRE,HCP,70,81.2,top3,5.87,79.9,5.4,74.5,,,3.8,0.0,1.6,14.7,11.3,16.7,51.9,1,2.42
pre_post,PP5,PRE_5 / POST_5,PRE,HAD,65,85.9,top3,5.35,69.6,0.4,69.2,,,0.2,0.2,0.0,29.9,24.7,23.5,21.4,0,0.69
pre_post,PP5,PRE_5 / POST_5,PRE,HCI,67,72.9,top3,5.14,64.3,7.9,56.4,,,0.8,0.0,7.1,27.8,23.2,22.5,18.6,0,0.87
pre_post,PP5,PRE_5 / POST_5,PRE,GHI,71,106.5,top3,5.85,83.8,0.0,83.8,,,0.0,0.0,0.0,16.1,16.5,33.4,33.9,2,4.03
pre_post,PP5,PRE_5 / POST_5,POST,TOTAL,1044,1044.0,top3,5.32,70.0,8.4,61.6,,,1.7,2.6,4.1,21.6,21.3,20.8,27.9,0,0.0
pre_post,PP5,PRE_5 / POST_5,POST,TSP,64,25.3,top3,5.07,63.2,13.6,49.6,,,6.0,1.4,6.2,23.2,22.2,11.6,29.4,0,-1.69
pre_post,PP5,PRE_5 / POST_5,POST,CEC,68,68.3,top3,4.82,57.0,8.2,48.8,,,2.9,1.6,3.7,34.8,27.7,17.8,11.5,0,-1.26
pre_post,PP5,PRE_5 / POST_5,POST,TC,69,59.7,top3,4.64,52.6,10.0,42.6,,,1.6,2.0,6.4,37.4,32.6,13.0,7.0,0,-1.93
pre_post,PP5,PRE_5 / POST_5,POST,HF,43,23.9,top3,5.07,68.2,8.9,59.3,,,1.3,3.6,4.0,22.9,34.0,15.1,19.1,0,-0.03
pre_post,PP5,PRE_5 / POST_5,POST,PP,62,25.8,top3,4.52,46.5,18.2,28.3,,,4.6,5.9,7.7,35.3,22.2,10.2,14.1,2,-2.73
pre_post,PP5,PRE_5 / POST_5,POST,WE,70,96.1,top3,4.3,40.0,19.6,20.4,,,2.7,6.6,10.3,40.4,24.7,8.9,6.4,2,-4.39
pre_post,PP5,PRE_5 / POST_5,POST,PFF,58,44.9,top3,4.41,50.3,20.0,30.3,,,9.2,8.9,1.9,29.7,26.2,9.8,14.3,2,-2.95
pre_post,PP5,PRE_5 / POST_5,POST,HHN,60,28.2,top3,4.97,51.1,10.3,40.8,,,0.0,6.6,3.7,38.5,10.9,17.3,22.9,0,-1.88
pre_post,PP5,PRE_5 / POST_5,POST,MFL,69,53.0,top3,4.64,62.1,16.0,46.1,,,3.5,5.3,7.2,21.9,37.2,19.9,5.0,0,-0.13
pre_post,PP5,PRE_5 / POST_5,POST,VS,67,52.6,top3,4.37,45.5,17.5,28.0,,,5.1,1.5,10.9,37.1,29.0,12.8,3.7,1,-2.41
pre_post,PP5,PRE_5 / POST_5,POST,UCP,69,114.0,top3,6.58,99.8,0.0,99.8,,,0.0,0.0,0.0,0.2,1.7,38.5,59.6,2,6.33
pre_post,PP5,PRE_5 / POST_5,POST,FJP,72,105.6,top3,6.48,99.3,0.0,99.3,,,0.0,0.0,0.0,0.7,11.7,26.7,60.9,2,5.98
pre_post,PP5,PRE_5 / POST_5,POST,HCP,70,81.2,top3,5.89,85.7,3.8,81.9,,,0.4,0.0,3.4,10.5,22.6,18.6,44.5,0,1.76
pre_post,PP5,PRE_5 / POST_5,POST,HAD,65,85.9,top3,5.16,70.0,7.9,62.1,,,0.2,0.0,7.7,22.0,29.6,26.3,14.1,0,0.8
pre_post,PP5,PRE_5 / POST_5,POST,HCI,67,72.9,top3,5.07,62.5,9.7,52.8,,,0.0,8.3,1.4,27.8,20.3,22.2,20.0,0,-0.06
pre_post,PP5,PRE_5 / POST_5,POST,GHI,71,106.5,top3,5.94,84.7,0.0,84.7,,,0.0,0.0,0.0,15.4,17.3,25.4,42.0,2,3.88
pre_post,PP6,PRE_6R / POST_6R (reversed),PRE,TOTAL,1044,1044.0,top3,4.61,48.4,25.5,22.9,,,5.4,7.4,12.7,26.2,13.1,14.6,20.7,0,0.0
pre_post,PP6,PRE_6R / POST_6R (reversed),PRE,TSP,64,25.3,top3,3.77,28.2,37.3,-9.1,,,13.2,11.0,13.1,34.5,13.2,5.8,9.2,2,-3.41
pre_post,PP6,PRE_6R / POST_6R (reversed),PRE,CEC,68,68.3,top3,3.84,25.3,34.0,-8.7,,,5.8,7.6,20.6,40.7,18.4,2.5,4.4,1,-2.5
pre_post,PP6,PRE_6R / POST_6R (reversed),PRE,TC,69,59.7,top3,3.91,33.1,31.7,1.4,,,9.4,7.8,14.5,35.2,17.2,15.1,0.8,1,-2.34
pre_post,PP6,PRE_6R / POST_6R (reversed),PRE,HF,43,23.9,top3,3.58,24.7,45.7,-21.0,,,9.1,13.6,23.0,29.7,15.9,6.3,2.5,2,-2.79
pre_post,PP6,PRE_6R / POST_6R (reversed),PRE,PP,62,25.8,top3,4.23,34.0,23.6,10.4,,,2.3,14.5,6.8,42.4,14.9,6.1,13.0,0,-1.65
pre_post,PP6,PRE_6R / POST_6R (reversed),PRE,WE,70,96.1,top3,3.71,22.0,41.2,-19.2,,,7.5,13.5,20.2,36.8,10.6,4.0,7.4,2,-3.43
pre_post,PP6,PRE_6R / POST_6R (reversed),PRE,PFF,58,44.9,top3,3.71,27.9,42.0,-14.1,,,9.3,11.0,21.7,30.1,17.4,6.7,3.8,2,-2.59
pre_post,PP6,PRE_6R / POST_6R (reversed),PRE,HHN,60,28.2,top3,3.81,24.9,41.6,-16.7,,,11.3,11.0,19.3,33.6,4.5,9.6,10.8,1,-1.98
pre_post,PP6,PRE_6R / POST_6R (reversed),PRE,MFL,69,53.0,top3,3.83,32.7,40.5,-7.8,,,8.8,10.6,21.1,26.7,19.8,6.3,6.6,1,-2.09
pre_post,PP6,PRE_6R / POST_6R (reversed),PRE,VS,67,52.6,top3,3.67,25.5,41.0,-15.5,,,6.6,16.1,18.3,33.4,17.7,4.1,3.7,2,-2.66
pre_post,PP6,PRE_6R / POST_6R (reversed),PRE,UCP,69,114.0,top3,6.19,92.5,3.5,89.0,,,3.3,0.0,0.2,3.9,7.1,34.6,50.8,2,8.45
pre_post,PP6,PRE_6R / POST_6R (reversed),PRE,FJP,72,105.6,top3,5.47,71.2,16.4,54.8,,,0.0,13.3,3.1,12.4,6.5,23.6,41.1,2,4.76
pre_post,PP6,PRE_6R / POST_6R (reversed),PRE,HCP,70,81.2,top3,5.45,67.2,17.4,49.8,,,7.4,0.0,10.0,15.3,9.9,4.4,52.9,2,4.04
pre_post,PP6,PRE_6R / POST_6R (reversed),PRE,HAD,65,85.9,top3,3.77,28.1,30.7,-2.6,,,8.7,9.6,12.4,41.1,23.6,2.6,1.9,1,-2.21
pre_post,PP6,PRE_6R / POST_6R (reversed),PRE,HCI,67,72.9,top3,4.53,46.3,19.3,27.0,,,0.8,0.6,17.9,34.4,19.5,25.3,1.5,1,2.17
pre_post,PP6,PRE_6R / POST_6R (reversed),PRE,GHI,71,106.5,top3,5.78,76.1,7.6,68.5,,,0.0,0.0,7.6,16.3,5.9,31.0,39.2,2,6.88
pre_post,PP6,PRE_6R / POST_6R (reversed),POST,TOTAL,1044,1044.0,top3,4.63,50.9,27.0,23.9,,,5.6,7.7,13.7,22.1,15.3,13.4,22.2,0,0.0
pre_post,PP6,PRE_6R / POST_6R (reversed),POST,TSP,64,25.3,top3,3.91,40.1,36.5,3.6,,,11.0,15.7,9.8,23.3,21.1,12.7,6.3,1,-2.38
pre_post,PP6,PRE_6R / POST_6R (reversed),POST,CEC,68,68.3,top3,4.06,39.6,31.8,7.8,,,5.8,9.5,16.5,28.6,26.5,7.5,5.6,0,-0.53
pre_post,PP6,PRE_6R / POST_6R (reversed),POST,TC,69,59.7,top3,3.9,30.9,35.0,-4.1,,,7.1,8.3,19.6,34.1,16.5,12.2,2.2,2,-2.64
pre_post,PP6,PRE_6R / POST_6R (reversed),POST,HF,43,23.9,top3,3.5,21.9,47.2,-25.3,,,6.7,24.3,16.2,30.9,13.1,4.7,4.1,2,-3.21
pre_post,PP6,PRE_6R / POST_6R (reversed),POST,PP,62,25.8,top3,4.15,31.4,32.4,-1.0,,,5.2,6.7,20.5,36.3,13.1,3.3,15.0,0,-1.91
pre_post,PP6,PRE_6R / POST_6R (reversed),POST,WE,70,96.1,top3,3.58,18.6,43.9,-25.3,,,9.2,10.9,23.8,37.3,9.8,4.5,4.3,2,-4.23
pre_post,PP6,PRE_6R / POST_6R (reversed),POST,PFF,58,44.9,top3,3.42,22.6,50.5,-27.9,,,14.7,11.7,24.1,27.0,13.4,7.3,1.9,2,-4.16
pre_post,PP6,PRE_6R / POST_6R (reversed),POST,HHN,60,28.2,top3,3.73,24.4,46.9,-22.5,,,6.2,19.5,21.2,28.7,9.4,2.4,12.6,1,-2.22
pre_post,PP6,PRE_6R / POST_6R (reversed),POST,MFL,69,53.0,top3,3.98,39.5,35.5,4.0,,,12.6,5.7,17.2,25.0,19.6,15.2,4.7,0,-1.64
pre_post,PP6,PRE_6R / POST_6R (reversed),POST,VS,67,52.6,top3,3.9,38.1,32.3,5.8,,,7.9,10.1,14.3,29.6,29.4,6.9,1.8,0,-1.93
pre_post,PP6,PRE_6R / POST_6R (reversed),POST,UCP,69,114.0,top3,6.27,95.1,3.3,91.8,,,3.3,0.0,0.0,1.5,9.7,28.7,56.7,2,8.34
pre_post,PP6,PRE_6R / POST_6R (reversed),POST,FJP,72,105.6,top3,5.63,77.4,17.1,60.3,,,2.7,6.8,7.6,5.5,9.4,21.4,46.6,2,5.87
pre_post,PP6,PRE_6R / POST_6R (reversed),POST,HCP,70,81.2,top3,5.45,69.5,19.2,50.3,,,0.4,8.2,10.6,11.3,11.5,12.4,45.6,2,3.21
pre_post,PP6,PRE_6R / POST_6R (reversed),POST,HAD,65,85.9,top3,3.73,31.7,36.1,-4.4,,,10.7,8.8,16.6,32.2,27.1,1.7,2.9,0,-1.72
pre_post,PP6,PRE_6R / POST_6R (reversed),POST,HCI,67,72.9,top3,4.3,42.5,29.9,12.6,,,0.0,9.1,20.8,27.6,18.2,22.2,2.1,0,1.1
pre_post,PP6,PRE_6R / POST_6R (reversed),POST,GHI,71,106.5,top3,5.9,76.8,5.9,70.9,,,0.0,0.0,5.9,17.4,8.4,18.1,50.3,2,6.52
pre_post,PP7,PRE_7 / POST_7,PRE,TOTAL,1044,1044.0,top3,4.47,51.7,30.7,21.0,,,12.4,9.2,9.1,17.6,15.5,12.5,23.7,0,0.0
pre_post,PP7,PRE_7 / POST_7,PRE,TSP,64,25.3,top3,4.93,63.3,19.4,43.9,,,3.1,9.5,6.8,17.4,22.5,16.8,24.0,1,1.96
pre_post,PP7,PRE_7 / POST_7,PRE,CEC,68,68.3,top3,3.7,34.2,43.5,-9.3,,,17.3,12.8,13.4,22.3,16.4,9.4,8.4,0,-1.58
pre_post,PP7,PRE_7 / POST_7,PRE,TC,69,59.7,top3,3.93,35.6,35.6,0.0,,,13.1,10.8,11.7,28.7,14.7,12.0,8.9,0,-1.68
pre_post,PP7,PRE_7 / POST_7,PRE,HF,43,23.9,top3,4.49,53.2,25.3,27.9,,,16.2,4.4,4.7,21.5,19.6,8.8,24.8,0,0.7
pre_post,PP7,PRE_7 / POST_7,PRE,PP,62,25.8,top3,3.63,31.5,45.3,-13.8,,,24.9,13.4,7.0,23.1,6.3,10.6,14.6,2,-3.02
pre_post,PP7,PRE_7 / POST_7,PRE,WE,70,96.1,top3,3.32,23.6,52.8,-29.2,,,22.5,16.3,14.0,23.6,8.6,7.3,7.7,2,-4.02
pre_post,PP7,PRE_7 / POST_7,PRE,PFF,58,44.9,top3,3.76,36.5,42.4,-5.9,,,25.3,12.4,4.7,21.0,5.3,17.9,13.3,1,-2.35
pre_post,PP7,PRE_7 / POST_7,PRE,HHN,60,28.2,top3,3.72,43.8,40.6,3.2,,,29.8,3.8,7.0,15.6,24.1,7.3,12.4,0,-0.16
pre_post,PP7,PRE_7 / POST_7,PRE,MFL,69,53.0,top3,3.92,39.2,40.0,-0.8,,,13.5,18.5,8.0,20.7,16.2,7.6,15.4,0,-0.93
pre_post,PP7,PRE_7 / POST_7,PRE,VS,67,52.6,top3,3.29,22.2,52.9,-30.7,,,19.7,19.5,13.7,24.8,11.3,3.5,7.4,2,-4.0
pre_post,PP7,PRE_7 / POST_7,PRE,UCP,69,114.0,top3,5.62,70.6,16.6,54.0,,,0.4,0.8,15.4,13.0,7.6,17.0,46.0,2,3.82
pre_post,PP7,PRE_7 / POST_7,PRE,FJP,72,105.6,top3,4.82,65.2,26.2,39.0,,,14.7,2.2,9.3,8.5,24.4,7.1,33.7,2,3.41
pre_post,PP7,PRE_7 / POST_7,PRE,HCP,70,81.2,top3,5.54,80.3,14.0,66.3,,,6.9,4.4,2.7,5.7,14.6,25.7,40.0,2,2.93
pre_post,PP7,PRE_7 / POST_7,PRE,HAD,65,85.9,top3,4.75,56.4,18.7,37.7,,,8.1,7.0,3.6,24.9,25.0,2.4,29.0,0,0.54
pre_post,PP7,PRE_7 / POST_7,PRE,HCI,67,72.9,top3,3.71,40.2,45.7,-5.5,,,14.1,15.0,16.6,14.2,22.3,16.1,1.8,0,-0.96
pre_post,PP7,PRE_7 / POST_7,PRE,GHI,71,106.5,top3,5.66,77.0,8.4,68.6,,,0.6,7.4,0.4,14.6,12.7,22.2,42.1,2,5.02
pre_post,PP7,PRE_7 / POST_7,POST,TOTAL,1044,1044.0,top3,4.35,49.6,31.1,18.5,,,13.0,10.3,7.8,19.3,16.9,12.8,19.9,0,0.0
pre_post,PP7,PRE_7 / POST_7,POST,TSP,64,25.3,top3,4.43,51.6,31.1,20.5,,,12.8,7.6,10.7,17.3,17.6,12.5,21.5,0,1.02
pre_post,PP7,PRE_7 / POST_7,POST,CEC,68,68.3,top3,4.0,41.5,40.4,1.1,,,11.0,15.3,14.1,18.2,16.0,14.4,11.1,0,-1.23
pre_post,PP7,PRE_7 / POST_7,POST,TC,69,59.7,top3,3.78,33.1,39.4,-6.3,,,12.9,16.0,10.5,27.5,15.4,9.1,8.6,0,-1.83
pre_post,PP7,PRE_7 / POST_7,POST,HF,43,23.9,top3,4.93,52.3,18.7,33.6,,,6.4,6.0,6.3,29.0,6.8,13.4,32.1,0,0.77
pre_post,PP7,PRE_7 / POST_7,POST,PP,62,25.8,top3,3.63,32.6,42.6,-10.0,,,26.5,9.1,7.0,24.9,9.4,11.2,12.0,2,-2.93
pre_post,PP7,PRE_7 / POST_7,POST,WE,70,96.1,top3,3.19,27.3,57.0,-29.7,,,22.7,19.3,15.0,15.7,19.3,2.1,5.9,2,-3.43
pre_post,PP7,PRE_7 / POST_7,POST,PFF,58,44.9,top3,3.92,41.3,48.2,-6.9,,,21.6,8.9,17.7,10.5,9.1,13.3,18.9,1,-1.99
pre_post,PP7,PRE_7 / POST_7,POST,HHN,60,28.2,top3,3.89,40.0,37.4,2.6,,,21.1,11.8,4.5,22.6,13.3,13.1,13.6,0,-0.06
pre_post,PP7,PRE_7 / POST_7,POST,MFL,69,53.0,top3,4.0,40.1,39.9,0.2,,,13.6,13.4,12.9,20.0,14.3,11.2,14.6,0,-0.83
pre_post,PP7,PRE_7 / POST_7,POST,VS,67,52.6,top3,3.51,34.6,51.9,-17.3,,,19.0,16.6,16.3,13.6,20.5,5.5,8.6,0,-1.37
pre_post,PP7,PRE_7 / POST_7,POST,UCP,69,114.0,top3,5.39,75.9,19.9,56.0,,,1.0,12.4,6.5,4.0,21.0,12.9,42.0,2,3.67
pre_post,PP7,PRE_7 / POST_7,POST,FJP,72,105.6,top3,4.24,56.1,35.7,20.4,,,24.7,2.9,8.1,8.3,21.9,12.8,21.4,0,1.79
pre_post,PP7,PRE_7 / POST_7,POST,HCP,70,81.2,top3,5.07,60.7,21.1,39.6,,,10.9,8.8,1.4,18.3,2.1,19.2,39.4,0,1.55
pre_post,PP7,PRE_7 / POST_7,POST,HAD,65,85.9,top3,4.47,48.2,12.6,35.6,,,6.6,3.3,2.7,39.2,29.8,8.9,9.5,0,0.13
pre_post,PP7,PRE_7 / POST_7,POST,HCI,67,72.9,top3,4.19,50.6,27.5,23.1,,,13.8,12.9,0.8,21.9,24.1,17.0,9.5,0,0.65
pre_post,PP7,PRE_7 / POST_7,POST,GHI,71,106.5,top3,5.3,62.6,6.4,56.2,,,2.3,3.5,0.6,31.0,10.3,22.8,29.5,2,3.89
demos,QGENDER,gender=Male,,TOTAL,550,489.3,pct,,,,,52.7,,,,,,,,,0,0.0
demos,QGENDER,gender=Male,,TSP,36,14.0,pct,,,,,56.2,,,,,,,,,0,0.59
demos,QGENDER,gender=Male,,CEC,39,36.9,pct,,,,,57.4,,,,,,,,,0,0.8
demos,QGENDER,gender=Male,,TC,48,40.5,pct,,,,,69.6,,,,,,,,,2,2.91
demos,QGENDER,gender=Male,,HF,25,13.6,pct,,,,,58.1,,,,,,,,,0,0.73
demos,QGENDER,gender=Male,,PP,25,10.7,pct,,,,,40.3,,,,,,,,,1,-2.01
demos,QGENDER,gender=Male,,WE,38,54.2,pct,,,,,54.3,,,,,,,,,0,0.28
demos,QGENDER,gender=Male,,PFF,38,29.9,pct,,,,,65.5,,,,,,,,,1,2.01
demos,QGENDER,gender=Male,,HHN,27,14.6,pct,,,,,45.0,,,,,,,,,0,-1.23
demos,QGENDER,gender=Male,,MFL,31,24.1,pct,,,,,44.9,,,,,,,,,0,-1.33
demos,QGENDER,gender=Male,,VS,28,24.4,pct,,,,,41.8,,,,,,,,,0,-1.85
demos,QGENDER,gender=Male,,UCP,27,33.4,pct,,,,,39.1,,,,,,,,,1,-2.33
demos,QGENDER,gender=Male,,FJP,27,35.0,pct,,,,,37.5,,,,,,,,,2,-2.67
demos,QGENDER,gender=Male,,HCP,42,42.3,pct,,,,,60.0,,,,,,,,,0,1.27
demos,QGENDER,gender=Male,,HAD,40,53.8,pct,,,,,61.5,,,,,,,,,0,1.48
demos,QGENDER,gender=Male,,HCI,35,25.2,pct,,,,,52.2,,,,,,,,,0,-0.08
demos,QGENDER,gender=Male,,GHI,44,36.8,pct,,,,,62.0,,,,,,,,,0,1.62
demos,QGENDER,gender=Female,,TOTAL,491,550.2,pct,,,,,47.0,,,,,,,,,0,0.0
demos,QGENDER,gender=Female,,TSP,28,11.3,pct,,,,,43.8,,,,,,,,,0,-0.54
demos,QGENDER,gender=Female,,CEC,29,31.5,pct,,,,,42.6,,,,,,,,,0,-0.75
demos,QGENDER,gender=Female,,TC,20,18.9,pct,,,,,29.0,,,,,,,,,2,-3.11
demos,QGENDER,gender=Female,,HF,18,10.3,pct,,,,,41.9,,,,,,,,,0,-0.69
demos,QGENDER,gender=Female,,PP,37,15.1,pct,,,,,59.7,,,,,,,,,1,2.06
demos,QGENDER,gender=Female,,WE,32,41.8,pct,,,,,45.7,,,,,,,,,0,-0.23
demos,QGENDER,gender=Female,,PFF,20,15.1,pct,,,,,34.5,,,,,,,,,1,-1.97
demos,QGENDER,gender=Female,,HHN,33,13.6,pct,,,,,55.0,,,,,,,,,0,1.27
demos,QGENDER,gender=Female,,MFL,38,29.0,pct,,,,,55.1,,,,,,,,,0,1.38
demos,QGENDER,gender=Female,,VS,39,28.2,pct,,,,,58.2,,,,,,,,,0,1.9
demos,QGENDER,gender=Female,,UCP,41,76.8,pct,,,,,59.4,,,,,,,,,1,2.13
demos,QGENDER,gender=Female,,FJP,44,70.3,pct,,,,,61.1,,,,,,,,,1,2.48
demos,QGENDER,gender=Female,,HCP,28,38.9,pct,,,,,40.0,,,,,,,,,0,-1.22
demos,QGENDER,gender=Female,,HAD,25,32.1,pct,,,,,38.5,,,,,,,,,0,-1.43
demos,QGENDER,gender=Female,,HCI,32,47.7,pct,,,,,47.8,,,,,,,,,0,0.12
demos,QGENDER,gender=Female,,GHI,27,69.8,pct,,,,,38.0,,,,,,,,,0,-1.57
demos,QGENDER,gender=Other,,TOTAL,3,4.5,pct,,,,,0.3,,,,,,,,,0,0.0
demos,QGENDER,gender=Other,,TSP,0,0.0,pct,,,,,0.0,,,,,,,,,0,-0.44
demos,QGENDER,gender=Other,,CEC,0,0.0,pct,,,,,0.0,,,,,,,,,0,-0.46
demos,QGENDER,gender=Other,,TC,1,0.3,pct,,,,,1.4,,,,,,,,,0,1.87
demos,QGENDER,gender=Other,,HF,0,0.0,pct,,,,,0.0,,,,,,,,,0,-0.36
demos,QGENDER,gender=Other,,PP,0,0.0,pct,,,,,0.0,,,,,,,,,0,-0.44
demos,QGENDER,gender=Other,,WE,0,0.0,pct,,,,,0.0,,,,,,,,,0,-0.47
demos,QGENDER,gender=Other,,PFF,0,0.0,pct,,,,,0.0,,,,,,,,,0,-0.42
demos,QGENDER,gender=Other,,HHN,0,0.0,pct,,,,,0.0,,,,,,,,,0,-0.43
demos,QGENDER,gender=Other,,MFL,0,0.0,pct,,,,,0.0,,,,,,,,,0,-0.46
demos,QGENDER,gender=Other,,VS,0,0.0,pct,,,,,0.0,,,,,,,,,0,-0.45
demos,QGENDER,gender=Other,,UCP,1,3.8,pct,,,,,1.4,,,,,,,,,0,1.87
demos,QGENDER,gender=Other,,FJP,1,0.3,pct,,,,,1.4,,,,,,,,,0,1.81
demos,QGENDER,gender=Other,,HCP,0,0.0,pct,,,,,0.0,,,,,,,,,0,-0.47
demos,QGENDER,gender=Other,,HAD,0,0.0,pct,,,,,0.0,,,,,,,,,0,-0.45
demos,QGENDER,gender=Other,,HCI,0,0.0,pct,,,,,0.0,,,,,,,,,0,-0.45
demos,QGENDER,gender=Other,,GHI,0,0.0,pct,,,,,0.0,,,,,,,,,0,-0.47
demos,QAGECAT5,age=18-29,,TOTAL,28,73.6,pct,,,,,2.7,,,,,,,,,0,0.0
demos,QAGECAT5,age=18-29,,TSP,5,2.8,pct,,,,,7.8,,,,,,,,,2,2.62
demos,QAGECAT5,age=18-29,,CEC,1,4.4,pct,,,,,1.5,,,,,,,,,0,-0.64
demos,QAGECAT5,age=18-29,,TC,0,0.0,pct,,,,,0.0,,,,,,,,,0,-1.43
demos,QAGECAT5,age=18-29,,HF,3,3.0,pct,,,,,7.0,,,,,,,,,0,1.78
demos,QAGECAT5,age=18-29,,PP,1,0.6,pct,,,,,1.6,,,,,,,,,0,-0.54
demos,QAGECAT5,age=18-29,,WE,1,2.1,pct,,,,,1.4,,,,,,,,,0,-0.67
demos,QAGECAT5,age=18-29,,PFF,3,3.4,pct,,,,,5.2,,,,,,,,,0,1.21
demos,QAGECAT5,age=18-29,,HHN,1,1.3,pct,,,,,1.7,,,,,,,,,0,-0.5
demos,QAGECAT5,age=18-29,,MFL,1,0.9,pct,,,,,1.4,,,,,,,,,0,-0.66
demos,QAGECAT5,age=18-29,,VS,3,5.2,pct,,,,,4.5,,,,,,,,,0,0.94
demos,QAGECAT5,age=18-29,,UCP,5,25.6,pct,,,,,7.2,,,,,,,,,1,2.43
demos,QAGECAT5,age=18-29,,FJP,2,12.1,pct,,,,,2.8,,,,,,,,,0,0.05
demos,QAGECAT5,age=18-29,,HCP,0,0.0,pct,,,,,0.0,,,,,,,,,0,-1.44
demos,QAGECAT5,age=18-29,,HAD,1,6.0,pct,,,,,1.5,,,,,,,,,0,-0.59
demos,QAGECAT5,age=18-29,,HCI,1,6.0,pct,,,,,1.5,,,,,,,,,0,-0.62
demos,QAGECAT5,age=18-29,,GHI,0,0.0,pct,,,,,0.0,,,,,,,,,0,-1.45
demos,QAGECAT5,age=30-44,,TOTAL,127,281.7,pct,,,,,12.2,,,,,,,,,0,0.0
demos,QAGECAT5,age=30-44,,TSP,17,10.9,pct,,,,,26.6,,,,,,,,,2,3.64
demos,QAGECAT5,age=30-44,,CEC,0,0.0,pct,,,,,0.0,,,,,,,,,2,-3.17
demos,QAGECAT5,age=30-44,,TC,1,3.0,pct,,,,,1.4,,,,,,,,,2,-2.82
demos,QAGECAT5,age=30-44,,HF,9,8.0,pct,,,,,20.9,,,,,,,,,0,1.8
demos,QAGECAT5,age=30-44,,PP,13,9.7,pct,,,,,21.0,,,,,,,,,1,2.19
demos,QAGECAT5,age=30-44,,WE,4,12.4,pct,,,,,5.7,,,,,,,,,0,-1.71
demos,QAGECAT5,age=30-44,,PFF,15,21.7,pct,,,,,25.9,,,,,,,,,2,3.28
demos,QAGECAT5,age=30-44,,HHN,14,12.6,pct,,,,,23.3,,,,,,,,,2,2.73
demos,QAGECAT5,age=30-44,,MFL,11,19.0,pct,,,,,15.9,,,,,,,,,0,0.99
demos,QAGECAT5,age=30-44,,VS,11,17.6,pct,,,,,16.4,,,,,,,,,0,1.1
demos,QAGECAT5,age=30-44,,UCP,16,71.1,pct,,,,,23.2,,,,,,,,,2,2.9
demos,QAGECAT5,age=30-44,,FJP,2,12.1,pct,,,,,2.8,,,,,,,,,1,-2.53
demos,QAGECAT5,age=30-44,,HCP,2,12.1,pct,,,,,2.9,,,,,,,,,1,-2.47
demos,QAGECAT5,age=30-44,,HAD,8,47.3,pct,,,,,12.3,,,,,,,,,0,0.04
demos,QAGECAT5,age=30-44,,HCI,2,12.1,pct,,,,,3.0,,,,,,,,,1,-2.38
demos,QAGECAT5,age=30-44,,GHI,2,12.1,pct,,,,,2.8,,,,,,,,,1,-2.5
demos,QAGECAT5,age=45-54,,TOTAL,153,161.1,pct,,,,,14.7,,,,,,,,,0,0.0
demos,QAGECAT5,age=45-54,,TSP,14,4.3,pct,,,,,21.9,,,,,,,,,0,1.69
demos,QAGECAT5,age=45-54,,CEC,3,5.3,pct,,,,,4.4,,,,,,,,,1,-2.47
demos,QAGECAT5,age=45-54,,TC,4,5.1,pct,,,,,5.8,,,,,,,,,1,-2.15
demos,QAGECAT5,age=45-54,,HF,13,5.7,pct,,,,,30.2,,,,,,,,,2,2.95
demos,QAGECAT5,age=45-54,,PP,13,5.3,pct,,,,,21.0,,,,,,,,,0,1.45
demos,QAGECAT5,age=45-54,,WE,11,19.5,pct,,,,,15.7,,,,,,,,,0,0.26
demos,QAGECAT5,age=45-54,,PFF,12,6.2,pct,,,,,20.7,,,,,,,,,0,1.34
demos,QAGECAT5,age=45-54,,HHN,13,5.0,pct,,,,,21.7,,,,,,,,,0,1.58
demos,QAGECAT5,age=45-54,,MFL,14,10.2,pct,,,,,20.3,,,,,,,,,0,1.37
demos,QAGECAT5,age=45-54,,VS,14,11.9,pct,,,,,20.9,,,,,,,,,0,1.49
demos,QAGECAT5,age=45-54,,UCP,16,9.0,pct,,,,,23.2,,,,,,,,,1,2.07
demos,QAGECAT5,age=45-54,,FJP,5,21.7,pct,,,,,6.9,,,,,,,,,0,-1.92
demos,QAGECAT5,age=45-54,,HCP,4,13.3,pct,,,,,5.7,,,,,,,,,1,-2.19
demos,QAGECAT5,age=45-54,,HAD,10,10.1,pct,,,,,15.4,,,,,,,,,0,0.17
demos,QAGECAT5,age=45-54,,HCI,2,6.9,pct,,,,,3.0,,,,,,,,,2,-2.79
demos,QAGECAT5,age=45-54,,GHI,5,21.7,pct,,,,,7.0,,,,,,,,,0,-1.88
demos,QAGECAT5,age=55-64,,TOTAL,220,235.0,pct,,,,,21.1,,,,,,,,,0,0.0
demos,QAGECAT5,age=55-64,,TSP,16,4.9,pct,,,,,25.0,,,,,,,,,0,0.8
demos,QAGECAT5,age=55-64,,CEC,11,15.9,pct,,,,,16.2,,,,,,,,,0,-1.02
demos,QAGECAT5,age=55-64,,TC,5,6.0,pct,,,,,7.2,,,,,,,,,2,-2.91
demos,QAGECAT5,age=55-64,,HF,13,6.0,pct,,,,,30.2,,,,,,,,,0,1.5
demos,QAGECAT5,age=55-64,,PP,23,7.7,pct,,,,,37.1,,,,,,,,,2,3.19
demos,QAGECAT5,age=55-64,,WE,19,32.0,pct,,,,,27.1,,,,,,,,,0,1.29
demos,QAGECAT5,age=55-64,,PFF,14,9.2,pct,,,,,24.1,,,,,,,,,0,0.59
demos,QAGECAT5,age=55-64,,HHN,16,5.9,pct,,,,,26.7,,,,,,,,,0,1.09
demos,QAGECAT5,age=55-64,,MFL,20,14.3,pct,,,,,29.0,,,,,,,,,0,1.67
demos,QAGECAT5,age=55-64,,VS,19,10.8,pct,,,,,28.4,,,,,,,,,0,1.51
demos,QAGECAT5,age=55-64,,UCP,15,4.5,pct,,,,,21.7,,,,,,,,,0,0.14
demos,QAGECAT5,age=55-64,,FJP,6,14.1,pct,,,,,8.3,,,,,,,,,2,-2.75
demos,QAGECAT5,age=55-64,,HCP,13,36.0,pct,,,,,18.6,,,,,,,,,0,-0.53
demos,QAGECAT5,age=55-64,,HAD,14,13.2,pct,,,,,21.5,,,,,,,,,0,0.1
demos,QAGECAT5,age=55-64,,HCI,8,22.4,pct,,,,,11.9,,,,,,,,,0,-1.89
demos,QAGECAT5,age=55-64,,GHI,8,32.1,pct,,,,,11.3,,,,,,,,,1,-2.1
demos,QAGECAT5,age=65+,,TOTAL,516,292.7,pct,,,,,49.4,,,,,,,,,0,0.0
demos,QAGECAT5,age=65+,,TSP,12,2.5,pct,,,,,18.8,,,,,,,,,2,-5.07
demos,QAGECAT5,age=65+,,CEC,53,42.8,pct,,,,,77.9,,,,,,,,,2,4.86
demos,QAGECAT5,age=65+,,TC,59,45.6,pct,,,,,85.5,,,,,,,,,2,6.2
demos,QAGECAT5,age=65+,,HF,5,1.2,pct,,,,,11.6,,,,,,,,,2,-5.06
demos,QAGECAT5,age=65+,,PP,12,2.5,pct,,,,,19.4,,,,,,,,,2,-4.88
demos,QAGECAT5,age=65+,,WE,35,30.1,pct,,,,,50.0,,,,,,,,,0,0.1
demos,QAGECAT5,age=65+,,PFF,14,4.5,pct,,,,,24.1,,,,,,,,,2,-3.96
demos,QAGECAT5,age=65+,,HHN,16,3.4,pct,,,,,26.7,,,,,,,,,2,-3.63
demos,QAGECAT5,age=65+,,MFL,23,8.6,pct,,,,,33.3,,,,,,,,,2,-2.77
demos,QAGECAT5,age=65+,,VS,20,7.0,pct,,,,,29.9,,,,,,,,,2,-3.31
demos,QAGECAT5,age=65+,,UCP,17,3.7,pct,,,,,24.6,,,,,,,,,2,-4.26
demos,QAGECAT5,age=65+,,FJP,57,45.6,pct,,,,,79.2,,,,,,,,,2,5.23
demos,QAGECAT5,age=65+,,HCP,51,19.8,pct,,,,,72.9,,,,,,,,,2,4.06
demos,QAGECAT5,age=65+,,HAD,32,9.3,pct,,,,,49.2,,,,,,,,,0,-0.03
demos,QAGECAT5,age=65+,,HCI,54,25.4,pct,,,,,80.6,,,,,,,,,2,5.28
demos,QAGECAT5,age=65+,,GHI,56,40.6,pct,,,,,78.9,,,,,,,,,2,5.14
demos,QRACE_ETHNIC,race_ethnic=White (non-Hispanic),,TOTAL,899,751.4,pct,,,,,86.1,,,,,,,,,0,0.0
demos,QRACE_ETHNIC,race_ethnic=White (non-Hispanic),,TSP,54,19.5,pct,,,,,84.4,,,,,,,,,0,-0.41
demos,QRACE_ETHNIC,race_ethnic=White (non-Hispanic),,CEC,66,66.0,pct,,,,,97.1,,,,,,,,,2,2.7
demos,QRACE_ETHNIC,race_ethnic=White (non-Hispanic),,TC,64,51.6,pct,,,,,92.8,,,,,,,,,0,1.65
demos,QRACE_ETHNIC,race_ethnic=White (non-Hispanic),,HF,37,21.2,pct,,,,,86.0,,,,,,,,,0,-0.01
demos,QRACE_ETHNIC,race_ethnic=White (non-Hispanic),,PP,55,21.5,pct,,,,,88.7,,,,,,,,,0,0.61
demos,QRACE_ETHNIC,race_ethnic=White (non-Hispanic),,WE,64,86.4,pct,,,,,91.4,,,,,,,,,0,1.33
demos,QRACE_ETHNIC,race_ethnic=White (non-Hispanic),,PFF,51,37.2,pct,,,,,87.9,,,,,,,,,0,0.41
demos,QRACE_ETHNIC,race_ethnic=White (non-Hispanic),,HHN,49,20.6,pct,,,,,81.7,,,,,,,,,0,-1.03
demos,QRACE_ETHNIC,race_ethnic=White (non-Hispanic),,MFL,64,46.3,pct,,,,,92.8,,,,,,,,,0,1.65
demos,QRACE_ETHNIC,race_ethnic=White (non-Hispanic),,VS,56,39.7,pct,,,,,83.6,,,,,,,,,0,-0.62
demos,QRACE_ETHNIC,race_ethnic=White (non-Hispanic),,UCP,52,61.0,pct,,,,,75.4,,,,,,,,,2,-2.67
demos,QRACE_ETHNIC,race_ethnic=White (non-Hispanic),,FJP,48,42.9,pct,,,,,66.7,,,,,,,,,2,-4.94
demos,QRACE_ETHNIC,race_ethnic=White (non-Hispanic),,HCP,63,55.5,pct,,,,,90.0,,,,,,,,,0,0.97
demos,QRACE_ETHNIC,race_ethnic=White (non-Hispanic),,HAD,50,46.5,pct,,,,,76.9,,,,,,,,,1,-2.21
demos,QRACE_ETHNIC,race_ethnic=White (non-Hispanic),,HCI,56,35.1,pct,,,,,83.6,,,,,,,,,0,-0.62
demos,QRACE_ETHNIC,race_ethnic=White (non-Hispanic),,GHI,70,100.5,pct,,,,,98.6,,,,,,,,,2,3.15
demos,QRACE_ETHNIC,race_ethnic=Black (non-Hispanic),,TOTAL,63,125.7,pct,,,,,6.0,,,,,,,,,0,0.0
demos,QRACE_ETHNIC,race_ethnic=Black (non-Hispanic),,TSP,6,1.8,pct,,,,,9.4,,,,,,,,,0,1.16
demos,QRACE_ETHNIC,race_ethnic=Black (non-Hispanic),,CEC,0,0.0,pct,,,,,0.0,,,,,,,,,1,-2.16
demos,QRACE_ETHNIC,race_ethnic=Black (non-Hispanic),,TC,0,0.0,pct,,,,,0.0,,,,,,,,,1,-2.18
demos,QRACE_ETHNIC,race_ethnic=Black (non-Hispanic),,HF,4,1.5,pct,,,,,9.3,,,,,,,,,0,0.92
demos,QRACE_ETHNIC,race_ethnic=Black (non-Hispanic),,PP,2,0.6,pct,,,,,3.2,,,,,,,,,0,-0.96
demos,QRACE_ETHNIC,race_ethnic=Black (non-Hispanic),,WE,2,3.0,pct,,,,,2.9,,,,,,,,,0,-1.16
demos,QRACE_ETHNIC,race_ethnic=Black (non-Hispanic),,PFF,1,0.6,pct,,,,,1.7,,,,,,,,,0,-1.42
demos,QRACE_ETHNIC,race_ethnic=Black (non-Hispanic),,HHN,4,1.2,pct,,,,,6.7,,,,,,,,,0,0.21
demos,QRACE_ETHNIC,race_ethnic=Black (non-Hispanic),,MFL,1,0.2,pct,,,,,1.4,,,,,,,,,0,-1.66
demos,QRACE_ETHNIC,race_ethnic=Black (non-Hispanic),,VS,2,0.5,pct,,,,,3.0,,,,,,,,,0,-1.08
demos,QRACE_ETHNIC,race_ethnic=Black (non-Hispanic),,UCP,3,2.2,pct,,,,,4.3,,,,,,,,,0,-0.61
demos,QRACE_ETHNIC,race_ethnic=Black (non-Hispanic),,FJP,18,46.7,pct,,,,,25.0,,,,,,,,,2,7.0
demos,QRACE_ETHNIC,race_ethnic=Black (non-Hispanic),,HCP,4,16.7,pct,,,,,5.7,,,,,,,,,0,-0.12
demos,QRACE_ETHNIC,race_ethnic=Black (non-Hispanic),,HAD,13,32.6,pct,,,,,20.0,,,,,,,,,2,4.88
demos,QRACE_ETHNIC,race_ethnic=Black (non-Hispanic),,HCI,2,12.0,pct,,,,,3.0,,,,,,,,,0,-1.08
demos,QRACE_ETHNIC,race_ethnic=Black (non-Hispanic),,GHI,1,6.0,pct,,,,,1.4,,,,,,,,,0,-1.7
demos,QRACE_ETHNIC,race_ethnic=Asian (non-Hispanic),,TOTAL,20,32.6,pct,,,,,1.9,,,,,,,,,0,0.0
demos,QRACE_ETHNIC,race_ethnic=Asian (non-Hispanic),,TSP,2,1.3,pct,,,,,3.1,,,,,,,,,0,0.73
demos,QRACE_ETHNIC,race_ethnic=Asian (non-Hispanic),,CEC,1,1.0,pct,,,,,1.5,,,,,,,,,0,-0.28
demos,QRACE_ETHNIC,race_ethnic=Asian (non-Hispanic),,TC,1,0.3,pct,,,,,1.4,,,,,,,,,0,-0.29
demos,QRACE_ETHNIC,race_ethnic=Asian (non-Hispanic),,HF,0,0.0,pct,,,,,0.0,,,,,,,,,0,-0.94
demos,QRACE_ETHNIC,race_ethnic=Asian (non-Hispanic),,PP,2,1.2,pct,,,,,3.2,,,,,,,,,0,0.78
demos,QRACE_ETHNIC,race_ethnic=Asian (non-Hispanic),,WE,1,1.3,pct,,,,,1.4,,,,,,,,,0,-0.31
demos,QRACE_ETHNIC,race_ethnic=Asian (non-Hispanic),,PFF,0,0.0,pct,,,,,0.0,,,,,,,,,0,-1.1
demos,QRACE_ETHNIC,race_ethnic=Asian (non-Hispanic),,HHN,2,1.8,pct,,,,,3.3,,,,,,,,,0,0.83
demos,QRACE_ETHNIC,race_ethnic=Asian (non-Hispanic),,MFL,0,0.0,pct,,,,,0.0,,,,,,,,,0,-1.2
demos,QRACE_ETHNIC,race_ethnic=Asian (non-Hispanic),,VS,3,2.4,pct,,,,,4.5,,,,,,,,,0,1.58
demos,QRACE_ETHNIC,race_ethnic=Asian (non-Hispanic),,UCP,1,0.6,pct,,,,,1.4,,,,,,,,,0,-0.29
demos,QRACE_ETHNIC,race_ethnic=Asian (non-Hispanic),,FJP,1,6.0,pct,,,,,1.4,,,,,,,,,0,-0.34
demos,QRACE_ETHNIC,race_ethnic=Asian (non-Hispanic),,HCP,2,3.0,pct,,,,,2.9,,,,,,,,,0,0.59
demos,QRACE_ETHNIC,race_ethnic=Asian (non-Hispanic),,HAD,0,0.0,pct,,,,,0.0,,,,,,,,,0,-1.16
demos,QRACE_ETHNIC,race_ethnic=Asian (non-Hispanic),,HCI,4,13.6,pct,,,,,6.0,,,,,,,,,1,2.5
demos,QRACE_ETHNIC,race_ethnic=Asian (non-Hispanic),,GHI,0,0.0,pct,,,,,0.0,,,,,,,,,0,-1.22
demos,QRACE_ETHNIC,race_ethnic=Other (non-Hispanic),,TOTAL,15,19.1,pct,,,,,1.4,,,,,,,,,0,0.0
demos,QRACE_ETHNIC,race_ethnic=Other (non-Hispanic),,TSP,0,0.0,pct,,,,,0.0,,,,,,,,,0,-1.0
demos,QRACE_ETHNIC,race_ethnic=Other (non-Hispanic),,CEC,0,0.0,pct,,,,,0.0,,,,,,,,,0,-1.03
demos,QRACE_ETHNIC,race_ethnic=Other (non-Hispanic),,TC,1,3.0,pct,,,,,1.4,,,,,,,,,0,0.01
demos,QRACE_ETHNIC,race_ethnic=Other (non-Hispanic),,HF,1,0.3,pct,,,,,2.3,,,,,,,,,0,0.5
demos,QRACE_ETHNIC,race_ethnic=Other (non-Hispanic),,PP,0,0.0,pct,,,,,0.0,,,,,,,,,0,-0.98
demos,QRACE_ETHNIC,race_ethnic=Other (non-Hispanic),,WE,1,0.9,pct,,,,,1.4,,,,,,,,,0,-0.01
demos,QRACE_ETHNIC,race_ethnic=Other (non-Hispanic),,PFF,3,3.6,pct,,,,,5.2,,,,,,,,,1,2.46
demos,QRACE_ETHNIC,race_ethnic=Other (non-Hispanic),,HHN,1,0.5,pct,,,,,1.7,,,,,,,,,0,0.15
demos,QRACE_ETHNIC,race_ethnic=Other (non-Hispanic),,MFL,1,0.8,pct,,,,,1.4,,,,,,,,,0,0.01
demos,QRACE_ETHNIC,race_ethnic=Other (non-Hispanic),,VS,1,0.4,pct,,,,,1.5,,,,,,,,,0,0.04
demos,QRACE_ETHNIC,race_ethnic=Other (non-Hispanic),,UCP,3,6.5,pct,,,,,4.3,,,,,,,,,1,2.1
demos,QRACE_ETHNIC,race_ethnic=Other (non-Hispanic),,FJP,2,2.0,pct,,,,,2.8,,,,,,,,,0,0.99
demos,QRACE_ETHNIC,race_ethnic=Other (non-Hispanic),,HCP,0,0.0,pct,,,,,0.0,,,,,,,,,0,-1.05
demos,QRACE_ETHNIC,race_ethnic=Other (non-Hispanic),,HAD,0,0.0,pct,,,,,0.0,,,,,,,,,0,-1.01
demos,QRACE_ETHNIC,race_ethnic=Other (non-Hispanic),,HCI,1,1.1,pct,,,,,1.5,,,,,,,,,0,0.04
demos,QRACE_ETHNIC,race_ethnic=Other (non-Hispanic),,GHI,0,0.0,pct,,,,,0.0,,,,,,,,,0,-1.05
demos,QRACE_ETHNIC,race_ethnic=Hispanic,,TOTAL,40,98.8,pct,,,,,3.8,,,,,,,,,0,0.0
demos,QRACE_ETHNIC,race_ethnic=Hispanic,,TSP,2,2.6,pct,,,,,3.1,,,,,,,,,0,-0.3
demos,QRACE_ETHNIC,race_ethnic=Hispanic,,CEC,1,1.4,pct,,,,,1.5,,,,,,,,,0,-1.05
demos,QRACE_ETHNIC,race_ethnic=Hispanic,,TC,3,4.8,pct,,,,,4.3,,,,,,,,,0,0.23
demos,QRACE_ETHNIC,race_ethnic=Hispanic,,HF,1,0.9,pct,,,,,2.3,,,,,,,,,0,-0.53
demos,QRACE_ETHNIC,race_ethnic=Hispanic,,PP,3,2.5,pct,,,,,4.8,,,,,,,,,0,0.43
demos,QRACE_ETHNIC,race_ethnic=Hispanic,,WE,2,4.5,pct,,,,,2.9,,,,,,,,,0,-0.44
demos,QRACE_ETHNIC,race_ethnic=Hispanic,,PFF,3,3.5,pct,,,,,5.2,,,,,,,,,0,0.55
demos,QRACE_ETHNIC,race_ethnic=Hispanic,,HHN,3,3.8,pct,,,,,5.0,,,,,,,,,0,0.49
demos,QRACE_ETHNIC,race_ethnic=Hispanic,,MFL,3,5.7,pct,,,,,4.3,,,,,,,,,0,0.23
demos,QRACE_ETHNIC,race_ethnic=Hispanic,,VS,2,3.3,pct,,,,,3.0,,,,,,,,,0,-0.37
demos,QRACE_ETHNIC,race_ethnic=Hispanic,,UCP,8,34.2,pct,,,,,11.6,,,,,,,,,2,3.48
demos,QRACE_ETHNIC,race_ethnic=Hispanic,,FJP,2,7.6,pct,,,,,2.8,,,,,,,,,0,-0.48
demos,QRACE_ETHNIC,race_ethnic=Hispanic,,HCP,1,6.0,pct,,,,,1.4,,,,,,,,,0,-1.08
demos,QRACE_ETHNIC,race_ethnic=Hispanic,,HAD,2,6.8,pct,,,,,3.1,,,,,,,,,0,-0.33
demos,QRACE_ETHNIC,race_ethnic=Hispanic,,HCI,4,11.1,pct,,,,,6.0,,,,,,,,,0,0.94
demos,QRACE_ETHNIC,race_ethnic=Hispanic,,GHI,0,0.0,pct,,,,,0.0,,,,,,,,,0,-1.74
demos,XQREGION,region=Northeast,,TOTAL,203,151.5,pct,,,,,19.4,,,,,,,,,0,0.0
demos,XQREGION,region=Northeast,,TSP,9,2.5,pct,,,,,14.1,,,,,,,,,0,-1.12
demos,XQREGION,region=Northeast,,CEC,10,5.7,pct,,,,,14.7,,,,,,,,,0,-1.02
demos,XQREGION,region=Northeast,,TC,19,10.6,pct,,,,,27.5,,,,,,,,,0,1.76
demos,XQREGION,region=Northeast,,HF,10,3.9,pct,,,,,23.3,,,,,,,,,0,0.64
demos,XQREGION,region=Northeast,,PP,8,1.9,pct,,,,,12.9,,,,,,,,,0,-1.34
demos,XQREGION,region=Northeast,,WE,10,7.6,pct,,,,,14.3,,,,,,,,,0,-1.13
demos,XQREGION,region=Northeast,,PFF,6,3.0,pct,,,,,10.3,,,,,,,,,0,-1.8
demos,XQREGION,region=Northeast,,HHN,15,3.3,pct,,,,,25.0,,,,,,,,,0,1.12
demos,XQREGION,region=Northeast,,MFL,15,7.9,pct,,,,,21.7,,,,,,,,,0,0.5
demos,XQREGION,region=Northeast,,VS,11,5.7,pct,,,,,16.4,,,,,,,,,0,-0.65
demos,XQREGION,region=Northeast,,UCP,10,11.7,pct,,,,,14.5,,,,,,,,,0,-1.08
demos,XQREGION,region=Northeast,,FJP,15,24.1,pct,,,,,20.8,,,,,,,,,0,0.31
demos,XQREGION,region=Northeast,,HCP,17,6.9,pct,,,,,24.3,,,,,,,,,0,1.06
demos,XQREGION,region=Northeast,,HAD,12,8.7,pct,,,,,18.5,,,,,,,,,0,-0.21
demos,XQREGION,region=Northeast,,HCI,14,15.7,pct,,,,,20.9,,,,,,,,,0,0.31
demos,XQREGION,region=Northeast,,GHI,22,32.5,pct,,,,,31.0,,,,,,,,,1,2.55
demos,XQREGION,region=Midwest,,TOTAL,248,194.0,pct,,,,,23.8,,,,,,,,,0,0.0
demos,XQREGION,region=Midwest,,TSP,22,6.7,pct,,,,,34.4,,,,,,,,,1,2.06
demos,XQREGION,region=Midwest,,CEC,11,8.1,pct,,,,,16.2,,,,,,,,,0,-1.52
demos,XQREGION,region=Midwest,,TC,19,17.1,pct,,,,,27.5,,,,,,,,,0,0.76
demos,XQREGION,region=Midwest,,HF,10,3.7,pct,,,,,23.3,,,,,,,,,0,-0.08
demos,XQREGION,region=Midwest,,PP,18,6.9,pct,,,,,29.0,,,,,,,,,0,1.01
demos,XQREGION,region=Midwest,,WE,21,27.4,pct,,,,,30.0,,,,,,,,,0,1.27
demos,XQREGION,region=Midwest,,PFF,14,7.7,pct,,,,,24.1,,,,,,,,,0,0.07
demos,XQREGION,region=Midwest,,HHN,14,5.6,pct,,,,,23.3,,,,,,,,,0,-0.08
demos,XQREGION,region=Midwest,,MFL,10,6.1,pct,,,,,14.5,,,,,,,,,0,-1.87
demos,XQREGION,region=Midwest,,VS,11,6.9,pct,,,,,16.4,,,,,,,,,0,-1.46
demos,XQREGION,region=Midwest,,UCP,20,32.9,pct,,,,,29.0,,,,,,,,,0,1.06
demos,XQREGION,region=Midwest,,FJP,16,24.8,pct,,,,,22.2,,,,,,,,,0,-0.32
demos,XQREGION,region=Midwest,,HCP,20,15.5,pct,,,,,28.6,,,,,,,,,0,0.98
demos,XQREGION,region=Midwest,,HAD,17,7.9,pct,,,,,26.2,,,,,,,,,0,0.47
demos,XQREGION,region=Midwest,,HCI,14,6.9,pct,,,,,20.9,,,,,,,,,0,-0.57
demos,XQREGION,region=Midwest,,GHI,11,9.6,pct,,,,,15.5,,,,,,,,,0,-1.69
demos,XQREGION,region=South,,TOTAL,385,398.5,pct,,,,,36.9,,,,,,,,,0,0.0
demos,XQREGION,region=South,,TSP,19,7.4,pct,,,,,29.7,,,,,,,,,0,-1.23
demos,XQREGION,region=South,,CEC,33,34.3,pct,,,,,48.5,,,,,,,,,1,2.06
demos,XQREGION,region=South,,TC,22,22.9,pct,,,,,31.9,,,,,,,,,0,-0.89
demos,XQREGION,region=South,,HF,16,11.6,pct,,,,,37.2,,,,,,,,,0,0.05
demos,XQREGION,region=South,,PP,27,11.3,pct,,,,,43.5,,,,,,,,,0,1.12
demos,XQREGION,region=South,,WE,26,40.5,pct,,,,,37.1,,,,,,,,,0,0.05
demos,XQREGION,region=South,,PFF,23,18.6,pct,,,,,39.7,,,,,,,,,0,0.45
demos,XQREGION,region=South,,HHN,18,11.5,pct,,,,,30.0,,,,,,,,,0,-1.14
demos,XQREGION,region=South,,MFL,29,24.7,pct,,,,,42.0,,,,,,,,,0,0.92
demos,XQREGION,region=South,,VS,31,26.8,pct,,,,,46.3,,,,,,,,,0,1.65
demos,XQREGION,region=South,,UCP,20,25.3,pct,,,,,29.0,,,,,,,,,0,-1.41
demos,XQREGION,region=South,,FJP,33,42.8,pct,,,,,45.8,,,,,,,,,0,1.63
demos,XQREGION,region=South,,HCP,22,39.1,pct,,,,,31.4,,,,,,,,,0,-0.98
demos,XQREGION,region=South,,HAD,22,37.6,pct,,,,,33.8,,,,,,,,,0,-0.52
demos,XQREGION,region=South,,HCI,28,26.2,pct,,,,,41.8,,,,,,,,,0,0.86
demos,XQREGION,region=South,,GHI,16,17.9,pct,,,,,22.5,,,,,,,,,2,-2.59
demos,XQREGION,region=West,,TOTAL,207,299.3,pct,,,,,19.8,,,,,,,,,0,0.0
demos,XQREGION,region=West,,TSP,14,8.7,pct,,,,,21.9,,,,,,,,,0,0.42
demos,XQREGION,region=West,,CEC,14,20.2,pct,,,,,20.6,,,,,,,,,0,0.16
demos,XQREGION,region=West,,TC,9,9.2,pct,,,,,13.0,,,,,,,,,0,-1.46
demos,XQREGION,region=West,,HF,7,4.8,pct,,,,,16.3,,,,,,,,,0,-0.6
demos,XQREGION,region=West,,PP,9,5.7,pct,,,,,14.5,,,,,,,,,0,-1.08
demos,XQREGION,region=West,,WE,13,20.5,pct,,,,,18.6,,,,,,,,,0,-0.27
demos,XQREGION,region=West,,PFF,14,14.9,pct,,,,,24.1,,,,,,,,,0,0.85
demos,XQREGION,region=West,,HHN,13,7.7,pct,,,,,21.7,,,,,,,,,0,0.37
demos,XQREGION,region=West,,MFL,15,14.3,pct,,,,,21.7,,,,,,,,,0,0.41
demos,XQREGION,region=West,,VS,14,13.3,pct,,,,,20.9,,,,,,,,,0,0.23
demos,XQREGION,region=West,,UCP,19,44.1,pct,,,,,27.5,,,,,,,,,0,1.66
demos,XQREGION,region=West,,FJP,8,13.9,pct,,,,,11.1,,,,,,,,,0,-1.92
demos,XQREGION,region=West,,HCP,11,19.7,pct,,,,,15.7,,,,,,,,,0,-0.89
demos,XQREGION,region=West,,HAD,14,31.7,pct,,,,,21.5,,,,,,,,,0,0.36
demos,XQREGION,region=West,,HCI,11,24.1,pct,,,,,16.4,,,,,,,,,0,-0.72
demos,XQREGION,region=West,,GHI,22,46.6,pct,,,,,31.0,,,,,,,,,1,2.44
demos,XQPrimaryRUCA,ruca=Urban (RUCA 1),,TOTAL,806,847.9,pct,,,,,77.2,,,,,,,,,0,0.0
demos,XQPrimaryRUCA,ruca=Urban (RUCA 1),,TSP,48,19.6,pct,,,,,75.0,,,,,,,,,0,-0.43
demos,XQPrimaryRUCA,ruca=Urban (RUCA 1),,CEC,50,49.9,pct,,,,,73.5,,,,,,,,,0,-0.75
demos,XQPrimaryRUCA,ruca=Urban (RUCA 1),,TC,59,50.3,pct,,,,,85.5,,,,,,,,,0,1.7
demos,XQPrimaryRUCA,ruca=Urban (RUCA 1),,HF,28,14.7,pct,,,,,65.1,,,,,,,,,0,-1.93
demos,XQPrimaryRUCA,ruca=Urban (RUCA 1),,PP,37,16.2,pct,,,,,59.7,,,,,,,,,2,-3.39
demos,XQPrimaryRUCA,ruca=Urban (RUCA 1),,WE,54,74.8,pct,,,,,77.1,,,,,,,,,0,-0.01
demos,XQPrimaryRUCA,ruca=Urban (RUCA 1),,PFF,44,35.0,pct,,,,,75.9,,,,,,,,,0,-0.25
demos,XQPrimaryRUCA,ruca=Urban (RUCA 1),,HHN,51,24.6,pct,,,,,85.0,,,,,,,,,0,1.48
demos,XQPrimaryRUCA,ruca=Urban (RUCA 1),,MFL,52,38.5,pct,,,,,75.4,,,,,,,,,0,-0.38
demos,XQPrimaryRUCA,ruca=Urban (RUCA 1),,VS,51,37.3,pct,,,,,76.1,,,,,,,,,0,-0.22
demos,XQPrimaryRUCA,ruca=Urban (RUCA 1),,UCP,56,106.7,pct,,,,,81.2,,,,,,,,,0,0.81
demos,XQPrimaryRUCA,ruca=Urban (RUCA 1),,FJP,61,92.1,pct,,,,,84.7,,,,,,,,,0,1.58
demos,XQPrimaryRUCA,ruca=Urban (RUCA 1),,HCP,49,54.6,pct,,,,,70.0,,,,,,,,,0,-1.49
demos,XQPrimaryRUCA,ruca=Urban (RUCA 1),,HAD,48,69.1,pct,,,,,73.8,,,,,,,,,0,-0.67
demos,XQPrimaryRUCA,ruca=Urban (RUCA 1),,HCI,54,67.4,pct,,,,,80.6,,,,,,,,,0,0.68
demos,XQPrimaryRUCA,ruca=Urban (RUCA 1),,GHI,64,97.1,pct,,,,,90.1,,,,,,,,,2,2.69
demos,XQPrimaryRUCA,ruca=Suburban (RUCA 2-3),,TOTAL,91,66.9,pct,,,,,8.7,,,,,,,,,0,0.0
demos,XQPrimaryRUCA,ruca=Suburban (RUCA 2-3),,TSP,4,1.3,pct,,,,,6.2,,,,,,,,,0,-0.72
demos,XQPrimaryRUCA,ruca=Suburban (RUCA 2-3),,CEC,9,9.3,pct,,,,,13.2,,,,,,,,,0,1.37
demos,XQPrimaryRUCA,ruca=Suburban (RUCA 2-3),,TC,4,4.9,pct,,,,,5.8,,,,,,,,,0,-0.89
demos,XQPrimaryRUCA,ruca=Suburban (RUCA 2-3),,HF,4,2.9,pct,,,,,9.3,,,,,,,,,0,0.14
demos,XQPrimaryRUCA,ruca=Suburban (RUCA 2-3),,PP,8,2.6,pct,,,,,12.9,,,,,,,,,0,1.21
demos,XQPrimaryRUCA,ruca=Suburban (RUCA 2-3),,WE,8,10.8,pct,,,,,11.4,,,,,,,,,0,0.83
demos,XQPrimaryRUCA,ruca=Suburban (RUCA 2-3),,PFF,7,3.0,pct,,,,,12.1,,,,,,,,,0,0.93
demos,XQPrimaryRUCA,ruca=Suburban (RUCA 2-3),,HHN,2,1.2,pct,,,,,3.3,,,,,,,,,0,-1.52
demos,XQPrimaryRUCA,ruca=Suburban (RUCA 2-3),,MFL,5,3.0,pct,,,,,7.2,,,,,,,,,0,-0.45
demos,XQPrimaryRUCA,ruca=Suburban (RUCA 2-3),,VS,4,4.4,pct,,,,,6.0,,,,,,,,,0,-0.82
demos,XQPrimaryRUCA,ruca=Suburban (RUCA 2-3),,UCP,6,1.2,pct,,,,,8.7,,,,,,,,,0,-0.01
demos,XQPrimaryRUCA,ruca=Suburban (RUCA 2-3),,FJP,6,4.7,pct,,,,,8.3,,,,,,,,,0,-0.12
demos,XQPrimaryRUCA,ruca=Suburban (RUCA 2-3),,HCP,9,5.3,pct,,,,,12.9,,,,,,,,,0,1.27
demos,XQPrimaryRUCA,ruca=Suburban (RUCA 2-3),,HAD,6,8.1,pct,,,,,9.2,,,,,,,,,0,0.15
demos,XQPrimaryRUCA,ruca=Suburban (RUCA 2-3),,HCI,7,2.9,pct,,,,,10.4,,,,,,,,,0,0.52
demos,XQPrimaryRUCA,ruca=Suburban (RUCA 2-3),,GHI,2,1.2,pct,,,,,2.8,,,,,,,,,0,-1.83
demos,XQPrimaryRUCA,ruca=Exurban (RUCA 4-6),,TOTAL,80,79.5,pct,,,,,7.7,,,,,,,,,0,0.0
demos,XQPrimaryRUCA,ruca=Exurban (RUCA 4-6),,TSP,7,3.1,pct,,,,,10.9,,,,,,,,,0,1.02
demos,XQPrimaryRUCA,ruca=Exurban (RUCA 4-6),,CEC,7,7.9,pct,,,,,10.3,,,,,,,,,0,0.84
demos,XQPrimaryRUCA,ruca=Exurban (RUCA 4-6),,TC,4,3.0,pct,,,,,5.8,,,,,,,,,0,-0.6
demos,XQPrimaryRUCA,ruca=Exurban (RUCA 4-6),,HF,8,4.7,pct,,,,,18.6,,,,,,,,,2,2.75
demos,XQPrimaryRUCA,ruca=Exurban (RUCA 4-6),,PP,7,2.8,pct,,,,,11.3,,,,,,,,,0,1.11
demos,XQPrimaryRUCA,ruca=Exurban (RUCA 4-6),,WE,3,3.4,pct,,,,,4.3,,,,,,,,,0,-1.1
demos,XQPrimaryRUCA,ruca=Exurban (RUCA 4-6),,PFF,2,1.9,pct,,,,,3.4,,,,,,,,,0,-1.24
demos,XQPrimaryRUCA,ruca=Exurban (RUCA 4-6),,HHN,3,0.6,pct,,,,,5.0,,,,,,,,,0,-0.8
demos,XQPrimaryRUCA,ruca=Exurban (RUCA 4-6),,MFL,8,8.9,pct,,,,,11.6,,,,,,,,,0,1.27
demos,XQPrimaryRUCA,ruca=Exurban (RUCA 4-6),,VS,6,6.1,pct,,,,,9.0,,,,,,,,,0,0.41
demos,XQPrimaryRUCA,ruca=Exurban (RUCA 4-6),,UCP,4,5.0,pct,,,,,5.8,,,,,,,,,0,-0.6
demos,XQPrimaryRUCA,ruca=Exurban (RUCA 4-6),,FJP,3,8.3,pct,,,,,4.2,,,,,,,,,0,-1.16
demos,XQPrimaryRUCA,ruca=Exurban (RUCA 4-6),,HCP,8,9.4,pct,,,,,11.4,,,,,,,,,0,1.23
demos,XQPrimaryRUCA,ruca=Exurban (RUCA 4-6),,HAD,5,6.9,pct,,,,,7.7,,,,,,,,,0,0.01
demos,XQPrimaryRUCA,ruca=Exurban (RUCA 4-6),,HCI,3,1.2,pct,,,,,4.5,,,,,,,,,0,-1.01
demos,XQPrimaryRUCA,ruca=Exurban (RUCA 4-6),,GHI,2,6.3,pct,,,,,2.8,,,,,,,,,0,-1.59
demos,XQPrimaryRUCA,ruca=Small Town Rural (RUCA 7-9),,TOTAL,23,21.2,pct,,,,,2.2,,,,,,,,,0,0.0
demos,XQPrimaryRUCA,ruca=Small Town Rural (RUCA 7-9),,TSP,0,0.0,pct,,,,,0.0,,,,,,,,,0,-1.24
demos,XQPrimaryRUCA,ruca=Small Town Rural (RUCA 7-9),,CEC,1,0.7,pct,,,,,1.5,,,,,,,,,0,-0.43
demos,XQPrimaryRUCA,ruca=Small Town Rural (RUCA 7-9),,TC,1,0.8,pct,,,,,1.4,,,,,,,,,0,-0.44
demos,XQPrimaryRUCA,ruca=Small Town Rural (RUCA 7-9),,HF,1,0.5,pct,,,,,2.3,,,,,,,,,0,0.06
demos,XQPrimaryRUCA,ruca=Small Town Rural (RUCA 7-9),,PP,5,2.3,pct,,,,,8.1,,,,,,,,,2,3.24
demos,XQPrimaryRUCA,ruca=Small Town Rural (RUCA 7-9),,WE,4,5.3,pct,,,,,5.7,,,,,,,,,1,2.07
demos,XQPrimaryRUCA,ruca=Small Town Rural (RUCA 7-9),,PFF,2,2.7,pct,,,,,3.4,,,,,,,,,0,0.66
demos,XQPrimaryRUCA,ruca=Small Town Rural (RUCA 7-9),,HHN,0,0.0,pct,,,,,0.0,,,,,,,,,0,-1.2
demos,XQPrimaryRUCA,ruca=Small Town Rural (RUCA 7-9),,MFL,1,0.6,pct,,,,,1.4,,,,,,,,,0,-0.44
demos,XQPrimaryRUCA,ruca=Small Town Rural (RUCA 7-9),,VS,1,0.9,pct,,,,,1.5,,,,,,,,,0,-0.41
demos,XQPrimaryRUCA,ruca=Small Town Rural (RUCA 7-9),,UCP,0,0.0,pct,,,,,0.0,,,,,,,,,0,-1.29
demos,XQPrimaryRUCA,ruca=Small Town Rural (RUCA 7-9),,FJP,0,0.0,pct,,,,,0.0,,,,,,,,,0,-1.32
demos,XQPrimaryRUCA,ruca=Small Town Rural (RUCA 7-9),,HCP,1,3.5,pct,,,,,1.4,,,,,,,,,0,-0.46
demos,XQPrimaryRUCA,ruca=Small Town Rural (RUCA 7-9),,HAD,2,1.1,pct,,,,,3.1,,,,,,,,,0,0.5
demos,XQPrimaryRUCA,ruca=Small Town Rural (RUCA 7-9),,HCI,1,0.9,pct,,,,,1.5,,,,,,,,,0,-0.41
demos,XQPrimaryRUCA,ruca=Small Town Rural (RUCA 7-9),,GHI,3,1.9,pct,,,,,4.2,,,,,,,,,0,1.2
demos,XQPrimaryRUCA,ruca=Rural (RUCA 10),,TOTAL,43,27.8,pct,,,,,4.1,,,,,,,,,0,0.0
demos,XQPrimaryRUCA,ruca=Rural (RUCA 10),,TSP,5,1.3,pct,,,,,7.8,,,,,,,,,0,1.53
demos,XQPrimaryRUCA,ruca=Rural (RUCA 10),,CEC,1,0.5,pct,,,,,1.5,,,,,,,,,0,-1.14
demos,XQPrimaryRUCA,ruca=Rural (RUCA 10),,TC,1,0.9,pct,,,,,1.4,,,,,,,,,0,-1.15
demos,XQPrimaryRUCA,ruca=Rural (RUCA 10),,HF,2,1.1,pct,,,,,4.7,,,,,,,,,0,0.18
demos,XQPrimaryRUCA,ruca=Rural (RUCA 10),,PP,5,1.8,pct,,,,,8.1,,,,,,,,,0,1.61
demos,XQPrimaryRUCA,ruca=Rural (RUCA 10),,WE,1,1.9,pct,,,,,1.4,,,,,,,,,0,-1.17
demos,XQPrimaryRUCA,ruca=Rural (RUCA 10),,PFF,2,1.7,pct,,,,,3.4,,,,,,,,,0,-0.26
demos,XQPrimaryRUCA,ruca=Rural (RUCA 10),,HHN,4,1.7,pct,,,,,6.7,,,,,,,,,0,1.02
demos,XQPrimaryRUCA,ruca=Rural (RUCA 10),,MFL,3,2.0,pct,,,,,4.3,,,,,,,,,0,0.1
demos,XQPrimaryRUCA,ruca=Rural (RUCA 10),,VS,5,3.8,pct,,,,,7.5,,,,,,,,,0,1.42
demos,XQPrimaryRUCA,ruca=Rural (RUCA 10),,UCP,3,1.0,pct,,,,,4.3,,,,,,,,,0,0.1
demos,XQPrimaryRUCA,ruca=Rural (RUCA 10),,FJP,2,0.5,pct,,,,,2.8,,,,,,,,,0,-0.59
demos,XQPrimaryRUCA,ruca=Rural (RUCA 10),,HCP,3,8.5,pct,,,,,4.3,,,,,,,,,0,0.07
demos,XQPrimaryRUCA,ruca=Rural (RUCA 10),,HAD,4,0.8,pct,,,,,6.2,,,,,,,,,0,0.85
demos,XQPrimaryRUCA,ruca=Rural (RUCA 10),,HCI,2,0.4,pct,,,,,3.0,,,,,,,,,0,-0.48
demos,XQPrimaryRUCA,ruca=Rural (RUCA 10),,GHI,0,0.0,pct,,,,,0.0,,,,,,,,,0,-1.81
demos,XEDU_CAT,education=High school or GED,,TOTAL,169,162.8,pct,,,,,16.2,,,,,,,,,0,0.0
demos,XEDU_CAT,education=High school or GED,,TSP,16,7.4,pct,,,,,25.0,,,,,,,,,1,1.98
demos,XEDU_CAT,education=High school or GED,,CEC,12,13.8,pct,,,,,17.6,,,,,,,,,0,0.34
demos,XEDU_CAT,education=High school or GED,,TC,8,6.4,pct,,,,,11.6,,,,,,,,,0,-1.07
demos,XEDU_CAT,education=High school or GED,,HF,9,5.5,pct,,,,,20.9,,,,,,,,,0,0.86
demos,XEDU_CAT,education=High school or GED,,PP,18,8.0,pct,,,,,29.0,,,,,,,,,2,2.83
demos,XEDU_CAT,education=High school or GED,,WE,10,13.1,pct,,,,,14.3,,,,,,,,,0,-0.45
demos,XEDU_CAT,education=High school or GED,,PFF,8,6.3,pct,,,,,13.8,,,,,,,,,0,-0.51
demos,XEDU_CAT,education=High school or GED,,HHN,9,4.6,pct,,,,,15.0,,,,,,,,,0,-0.26
demos,XEDU_CAT,education=High school or GED,,MFL,10,10.2,pct,,,,,14.5,,,,,,,,,0,-0.4
demos,XEDU_CAT,education=High school or GED,,VS,17,16.6,pct,,,,,25.4,,,,,,,,,1,2.11
demos,XEDU_CAT,education=High school or GED,,UCP,6,15.6,pct,,,,,8.7,,,,,,,,,0,-1.75
demos,XEDU_CAT,education=High school or GED,,FJP,11,20.6,pct,,,,,15.3,,,,,,,,,0,-0.22
demos,XEDU_CAT,education=High school or GED,,HCP,15,17.6,pct,,,,,21.4,,,,,,,,,0,1.23
demos,XEDU_CAT,education=High school or GED,,HAD,10,8.9,pct,,,,,15.4,,,,,,,,,0,-0.18
demos,XEDU_CAT,education=High school or GED,,HCI,6,2.7,pct,,,,,9.0,,,,,,,,,0,-1.66
demos,XEDU_CAT,education=High school or GED,,GHI,4,5.6,pct,,,,,5.6,,,,,,,,,1,-2.5
demos,XEDU_CAT,"education=Some college, no degree",,TOTAL,215,183.8,pct,,,,,20.6,,,,,,,,,0,0.0
demos,XEDU_CAT,"education=Some college, no degree",,TSP,11,4.2,pct,,,,,17.2,,,,,,,,,0,-0.7
demos,XEDU_CAT,"education=Some college, no degree",,CEC,16,16.0,pct,,,,,23.5,,,,,,,,,0,0.62
demos,XEDU_CAT,"education=Some college, no degree",,TC,13,12.2,pct,,,,,18.8,,,,,,,,,0,-0.37
demos,XEDU_CAT,"education=Some college, no degree",,HF,9,3.9,pct,,,,,20.9,,,,,,,,,0,0.06
demos,XEDU_CAT,"education=Some college, no degree",,PP,13,6.3,pct,,,,,21.0,,,,,,,,,0,0.08
demos,XEDU_CAT,"education=Some college, no degree",,WE,15,20.2,pct,,,,,21.4,,,,,,,,,0,0.18
demos,XEDU_CAT,"education=Some college, no degree",,PFF,17,15.3,pct,,,,,29.3,,,,,,,,,0,1.69
demos,XEDU_CAT,"education=Some college, no degree",,HHN,13,4.2,pct,,,,,21.7,,,,,,,,,0,0.21
demos,XEDU_CAT,"education=Some college, no degree",,MFL,19,17.1,pct,,,,,27.5,,,,,,,,,0,1.48
demos,XEDU_CAT,"education=Some college, no degree",,VS,15,9.6,pct,,,,,22.4,,,,,,,,,0,0.38
demos,XEDU_CAT,"education=Some college, no degree",,UCP,11,7.9,pct,,,,,15.9,,,,,,,,,0,-0.99
demos,XEDU_CAT,"education=Some college, no degree",,FJP,17,21.2,pct,,,,,23.6,,,,,,,,,0,0.66
demos,XEDU_CAT,"education=Some college, no degree",,HCP,13,6.6,pct,,,,,18.6,,,,,,,,,0,-0.43
demos,XEDU_CAT,"education=Some college, no degree",,HAD,14,19.6,pct,,,,,21.5,,,,,,,,,0,0.19
demos,XEDU_CAT,"education=Some college, no degree",,HCI,8,8.5,pct,,,,,11.9,,,,,,,,,0,-1.81
demos,XEDU_CAT,"education=Some college, no degree",,GHI,11,11.2,pct,,,,,15.5,,,,,,,,,0,-1.1
demos,XEDU_CAT,education=Associate's,,TOTAL,142,172.3,pct,,,,,13.6,,,,,,,,,0,0.0
demos,XEDU_CAT,education=Associate's,,TSP,14,5.6,pct,,,,,21.9,,,,,,,,,1,1.99
demos,XEDU_CAT,education=Associate's,,CEC,7,7.7,pct,,,,,10.3,,,,,,,,,0,-0.82
demos,XEDU_CAT,education=Associate's,,TC,6,5.1,pct,,,,,8.7,,,,,,,,,0,-1.23
demos,XEDU_CAT,education=Associate's,,HF,11,6.7,pct,,,,,25.6,,,,,,,,,1,2.34
demos,XEDU_CAT,education=Associate's,,PP,13,5.9,pct,,,,,21.0,,,,,,,,,0,1.74
demos,XEDU_CAT,education=Associate's,,WE,8,9.7,pct,,,,,11.4,,,,,,,,,0,-0.55
demos,XEDU_CAT,education=Associate's,,PFF,6,3.7,pct,,,,,10.3,,,,,,,,,0,-0.74
demos,XEDU_CAT,education=Associate's,,HHN,7,4.2,pct,,,,,11.7,,,,,,,,,0,-0.45
demos,XEDU_CAT,education=Associate's,,MFL,6,4.2,pct,,,,,8.7,,,,,,,,,0,-1.23
demos,XEDU_CAT,education=Associate's,,VS,11,8.9,pct,,,,,16.4,,,,,,,,,0,0.7
demos,XEDU_CAT,education=Associate's,,UCP,8,8.2,pct,,,,,11.6,,,,,,,,,0,-0.5
demos,XEDU_CAT,education=Associate's,,FJP,5,4.9,pct,,,,,6.9,,,,,,,,,0,-1.71
demos,XEDU_CAT,education=Associate's,,HCP,13,18.4,pct,,,,,18.6,,,,,,,,,0,1.26
demos,XEDU_CAT,education=Associate's,,HAD,10,27.0,pct,,,,,15.4,,,,,,,,,0,0.43
demos,XEDU_CAT,education=Associate's,,HCI,10,17.8,pct,,,,,14.9,,,,,,,,,0,0.33
demos,XEDU_CAT,education=Associate's,,GHI,7,34.4,pct,,,,,9.9,,,,,,,,,0,-0.95
demos,XEDU_CAT,education=Bachelor's,,TOTAL,343,353.1,pct,,,,,32.9,,,,,,,,,0,0.0
demos,XEDU_CAT,education=Bachelor's,,TSP,16,5.7,pct,,,,,25.0,,,,,,,,,0,-1.38
demos,XEDU_CAT,education=Bachelor's,,CEC,22,19.4,pct,,,,,32.4,,,,,,,,,0,-0.09
demos,XEDU_CAT,education=Bachelor's,,TC,28,23.8,pct,,,,,40.6,,,,,,,,,0,1.41
demos,XEDU_CAT,education=Bachelor's,,HF,8,3.9,pct,,,,,18.6,,,,,,,,,1,-2.03
demos,XEDU_CAT,education=Bachelor's,,PP,13,3.7,pct,,,,,21.0,,,,,,,,,1,-2.05
demos,XEDU_CAT,education=Bachelor's,,WE,23,33.3,pct,,,,,32.9,,,,,,,,,0,0.0
demos,XEDU_CAT,education=Bachelor's,,PFF,21,16.1,pct,,,,,36.2,,,,,,,,,0,0.56
demos,XEDU_CAT,education=Bachelor's,,HHN,17,8.7,pct,,,,,28.3,,,,,,,,,0,-0.77
demos,XEDU_CAT,education=Bachelor's,,MFL,28,18.9,pct,,,,,40.6,,,,,,,,,0,1.41
demos,XEDU_CAT,education=Bachelor's,,VS,21,14.9,pct,,,,,31.3,,,,,,,,,0,-0.27
demos,XEDU_CAT,education=Bachelor's,,UCP,29,56.2,pct,,,,,42.0,,,,,,,,,0,1.68
demos,XEDU_CAT,education=Bachelor's,,FJP,23,42.4,pct,,,,,31.9,,,,,,,,,0,-0.17
demos,XEDU_CAT,education=Bachelor's,,HCP,13,14.0,pct,,,,,18.6,,,,,,,,,2,-2.63
demos,XEDU_CAT,education=Bachelor's,,HAD,20,21.6,pct,,,,,30.8,,,,,,,,,0,-0.37
demos,XEDU_CAT,education=Bachelor's,,HCI,28,25.9,pct,,,,,41.8,,,,,,,,,0,1.61
demos,XEDU_CAT,education=Bachelor's,,GHI,33,44.5,pct,,,,,46.5,,,,,,,,,1,2.53
demos,XEDU_CAT,education=Graduate / Professional,,TOTAL,172,171.0,pct,,,,,16.5,,,,,,,,,0,0.0
demos,XEDU_CAT,education=Graduate / Professional,,TSP,7,2.4,pct,,,,,10.9,,,,,,,,,0,-1.23
demos,XEDU_CAT,education=Graduate / Professional,,CEC,10,11.2,pct,,,,,14.7,,,,,,,,,0,-0.41
demos,XEDU_CAT,education=Graduate / Professional,,TC,13,11.9,pct,,,,,18.8,,,,,,,,,0,0.55
demos,XEDU_CAT,education=Graduate / Professional,,HF,6,4.0,pct,,,,,14.0,,,,,,,,,0,-0.46
demos,XEDU_CAT,education=Graduate / Professional,,PP,5,1.9,pct,,,,,8.1,,,,,,,,,0,-1.84
demos,XEDU_CAT,education=Graduate / Professional,,WE,14,19.8,pct,,,,,20.0,,,,,,,,,0,0.82
demos,XEDU_CAT,education=Graduate / Professional,,PFF,6,3.6,pct,,,,,10.3,,,,,,,,,0,-1.3
demos,XEDU_CAT,education=Graduate / Professional,,HHN,13,6.2,pct,,,,,21.7,,,,,,,,,0,1.12
demos,XEDU_CAT,education=Graduate / Professional,,MFL,6,2.6,pct,,,,,8.7,,,,,,,,,0,-1.8
demos,XEDU_CAT,education=Graduate / Professional,,VS,3,2.5,pct,,,,,4.5,,,,,,,,,2,-2.74
demos,XEDU_CAT,education=Graduate / Professional,,UCP,15,26.1,pct,,,,,21.7,,,,,,,,,0,1.22
demos,XEDU_CAT,education=Graduate / Professional,,FJP,16,16.6,pct,,,,,22.2,,,,,,,,,0,1.36
demos,XEDU_CAT,education=Graduate / Professional,,HCP,16,24.7,pct,,,,,22.9,,,,,,,,,0,1.49
demos,XEDU_CAT,education=Graduate / Professional,,HAD,11,8.8,pct,,,,,16.9,,,,,,,,,0,0.1
demos,XEDU_CAT,education=Graduate / Professional,,HCI,15,17.9,pct,,,,,22.4,,,,,,,,,0,1.35
demos,XEDU_CAT,education=Graduate / Professional,,GHI,16,10.7,pct,,,,,22.5,,,,,,,,,0,1.43
demos,QVET,vet=Yes — currently serving,,TOTAL,5,1.8,pct,,,,,0.5,,,,,,,,,0,0.0
demos,QVET,vet=Yes — currently serving,,TSP,3,1.0,pct,,,,,4.7,,,,,,,,,2,5.03
demos,QVET,vet=Yes — currently serving,,CEC,0,0.0,pct,,,,,0.0,,,,,,,,,0,-0.59
demos,QVET,vet=Yes — currently serving,,TC,0,0.0,pct,,,,,0.0,,,,,,,,,0,-0.6
demos,QVET,vet=Yes — currently serving,,HF,2,0.8,pct,,,,,4.7,,,,,,,,,2,4.05
demos,QVET,vet=Yes — currently serving,,PP,0,0.0,pct,,,,,0.0,,,,,,,,,0,-0.56
demos,QVET,vet=Yes — currently serving,,WE,0,0.0,pct,,,,,0.0,,,,,,,,,0,-0.6
demos,QVET,vet=Yes — currently serving,,PFF,0,0.0,pct,,,,,0.0,,,,,,,,,0,-0.54
demos,QVET,vet=Yes — currently serving,,HHN,0,0.0,pct,,,,,0.0,,,,,,,,,0,-0.55
demos,QVET,vet=Yes — currently serving,,MFL,0,0.0,pct,,,,,0.0,,,,,,,,,0,-0.6
demos,QVET,vet=Yes — currently serving,,VS,0,0.0,pct,,,,,0.0,,,,,,,,,0,-0.59
demos,QVET,vet=Yes — currently serving,,UCP,0,0.0,pct,,,,,0.0,,,,,,,,,0,-0.6
demos,QVET,vet=Yes — currently serving,,FJP,0,0.0,pct,,,,,0.0,,,,,,,,,0,-0.61
demos,QVET,vet=Yes — currently serving,,HCP,0,0.0,pct,,,,,0.0,,,,,,,,,0,-0.6
demos,QVET,vet=Yes — currently serving,,HAD,0,0.0,pct,,,,,0.0,,,,,,,,,0,-0.58
demos,QVET,vet=Yes — currently serving,,HCI,0,0.0,pct,,,,,0.0,,,,,,,,,0,-0.59
demos,QVET,vet=Yes — currently serving,,GHI,0,0.0,pct,,,,,0.0,,,,,,,,,0,-0.61
demos,QVET,vet=Yes — retired or inactive,,TOTAL,133,86.4,pct,,,,,12.7,,,,,,,,,0,0.0
demos,QVET,vet=Yes — retired or inactive,,TSP,10,2.6,pct,,,,,15.6,,,,,,,,,0,0.71
demos,QVET,vet=Yes — retired or inactive,,CEC,12,12.1,pct,,,,,17.6,,,,,,,,,0,1.26
demos,QVET,vet=Yes — retired or inactive,,TC,13,9.6,pct,,,,,18.8,,,,,,,,,0,1.57
demos,QVET,vet=Yes — retired or inactive,,HF,4,1.9,pct,,,,,9.3,,,,,,,,,0,-0.69
demos,QVET,vet=Yes — retired or inactive,,PP,10,2.6,pct,,,,,16.1,,,,,,,,,0,0.83
demos,QVET,vet=Yes — retired or inactive,,WE,10,12.4,pct,,,,,14.3,,,,,,,,,0,0.4
demos,QVET,vet=Yes — retired or inactive,,PFF,5,3.6,pct,,,,,8.6,,,,,,,,,0,-0.97
demos,QVET,vet=Yes — retired or inactive,,HHN,7,2.9,pct,,,,,11.7,,,,,,,,,0,-0.26
demos,QVET,vet=Yes — retired or inactive,,MFL,5,2.2,pct,,,,,7.2,,,,,,,,,0,-1.42
demos,QVET,vet=Yes — retired or inactive,,VS,4,3.3,pct,,,,,6.0,,,,,,,,,0,-1.72
demos,QVET,vet=Yes — retired or inactive,,UCP,5,6.3,pct,,,,,7.2,,,,,,,,,0,-1.42
demos,QVET,vet=Yes — retired or inactive,,FJP,10,3.5,pct,,,,,13.9,,,,,,,,,0,0.3
demos,QVET,vet=Yes — retired or inactive,,HCP,10,9.6,pct,,,,,14.3,,,,,,,,,0,0.4
demos,QVET,vet=Yes — retired or inactive,,HAD,10,8.7,pct,,,,,15.4,,,,,,,,,0,0.66
demos,QVET,vet=Yes — retired or inactive,,HCI,10,2.6,pct,,,,,14.9,,,,,,,,,0,0.55
demos,QVET,vet=Yes — retired or inactive,,GHI,8,2.8,pct,,,,,11.3,,,,,,,,,0,-0.39
demos,QVET,vet=No,,TOTAL,901,952.9,pct,,,,,86.3,,,,,,,,,0,0.0
demos,QVET,vet=No,,TSP,51,21.8,pct,,,,,79.7,,,,,,,,,0,-1.59
demos,QVET,vet=No,,CEC,55,56.0,pct,,,,,80.9,,,,,,,,,0,-1.34
demos,QVET,vet=No,,TC,55,49.2,pct,,,,,79.7,,,,,,,,,0,-1.65
demos,QVET,vet=No,,HF,36,20.1,pct,,,,,83.7,,,,,,,,,0,-0.5
demos,QVET,vet=No,,PP,52,23.2,pct,,,,,83.9,,,,,,,,,0,-0.57
demos,QVET,vet=No,,WE,60,83.7,pct,,,,,85.7,,,,,,,,,0,-0.15
demos,QVET,vet=No,,PFF,53,41.3,pct,,,,,91.4,,,,,,,,,0,1.16
demos,QVET,vet=No,,HHN,52,25.0,pct,,,,,86.7,,,,,,,,,0,0.08
demos,QVET,vet=No,,MFL,64,50.8,pct,,,,,92.8,,,,,,,,,0,1.61
demos,QVET,vet=No,,VS,63,49.3,pct,,,,,94.0,,,,,,,,,0,1.9
demos,QVET,vet=No,,UCP,64,107.7,pct,,,,,92.8,,,,,,,,,0,1.61
demos,QVET,vet=No,,FJP,61,101.7,pct,,,,,84.7,,,,,,,,,0,-0.4
demos,QVET,vet=No,,HCP,60,71.6,pct,,,,,85.7,,,,,,,,,0,-0.15
demos,QVET,vet=No,,HAD,55,77.3,pct,,,,,84.6,,,,,,,,,0,-0.41
demos,QVET,vet=No,,HCI,57,70.3,pct,,,,,85.1,,,,,,,,,0,-0.3
demos,QVET,vet=No,,GHI,63,103.8,pct,,,,,88.7,,,,,,,,,0,0.62
demos,QUNION,union=Yes,,TOTAL,223,211.3,pct,,,,,21.4,,,,,,,,,0,0.0
demos,QUNION,union=Yes,,TSP,15,4.9,pct,,,,,23.4,,,,,,,,,0,0.42
demos,QUNION,union=Yes,,CEC,9,9.4,pct,,,,,13.2,,,,,,,,,0,-1.69
demos,QUNION,union=Yes,,TC,21,17.0,pct,,,,,30.4,,,,,,,,,0,1.9
demos,QUNION,union=Yes,,HF,12,6.4,pct,,,,,27.9,,,,,,,,,0,1.07
demos,QUNION,union=Yes,,PP,8,2.6,pct,,,,,12.9,,,,,,,,,0,-1.68
demos,QUNION,union=Yes,,WE,11,12.3,pct,,,,,15.7,,,,,,,,,0,-1.19
demos,QUNION,union=Yes,,PFF,4,1.7,pct,,,,,6.9,,,,,,,,,2,-2.77
demos,QUNION,union=Yes,,HHN,6,1.3,pct,,,,,10.0,,,,,,,,,1,-2.21
demos,QUNION,union=Yes,,MFL,12,7.6,pct,,,,,17.4,,,,,,,,,0,-0.83
demos,QUNION,union=Yes,,VS,12,7.7,pct,,,,,17.9,,,,,,,,,0,-0.71
demos,QUNION,union=Yes,,UCP,21,26.8,pct,,,,,30.4,,,,,,,,,0,1.9
demos,QUNION,union=Yes,,FJP,18,30.4,pct,,,,,25.0,,,,,,,,,0,0.78
demos,QUNION,union=Yes,,HCP,21,16.3,pct,,,,,30.0,,,,,,,,,0,1.83
demos,QUNION,union=Yes,,HAD,14,21.2,pct,,,,,21.5,,,,,,,,,0,0.04
demos,QUNION,union=Yes,,HCI,20,22.4,pct,,,,,29.9,,,,,,,,,0,1.75
demos,QUNION,union=Yes,,GHI,19,23.5,pct,,,,,26.8,,,,,,,,,0,1.15
demos,QREL_CAT,religion=White Evangelical,,TOTAL,162,128.3,pct,,,,,15.5,,,,,,,,,0,0.0
demos,QREL_CAT,religion=White Evangelical,,TSP,14,4.5,pct,,,,,21.9,,,,,,,,,0,1.45
demos,QREL_CAT,religion=White Evangelical,,CEC,15,18.2,pct,,,,,22.1,,,,,,,,,0,1.54
demos,QREL_CAT,religion=White Evangelical,,TC,12,10.7,pct,,,,,17.4,,,,,,,,,0,0.44
demos,QREL_CAT,religion=White Evangelical,,HF,7,4.9,pct,,,,,16.3,,,,,,,,,0,0.14
demos,QREL_CAT,religion=White Evangelical,,PP,15,5.8,pct,,,,,24.2,,,,,,,,,0,1.95
demos,QREL_CAT,religion=White Evangelical,,WE,20,27.8,pct,,,,,28.6,,,,,,,,,2,3.12
demos,QREL_CAT,religion=White Evangelical,,PFF,14,10.0,pct,,,,,24.1,,,,,,,,,0,1.87
demos,QREL_CAT,religion=White Evangelical,,HHN,6,2.0,pct,,,,,10.0,,,,,,,,,0,-1.22
demos,QREL_CAT,religion=White Evangelical,,MFL,13,11.2,pct,,,,,18.8,,,,,,,,,0,0.79
demos,QREL_CAT,religion=White Evangelical,,VS,14,10.2,pct,,,,,20.9,,,,,,,,,0,1.26
demos,QREL_CAT,religion=White Evangelical,,UCP,0,0.0,pct,,,,,0.0,,,,,,,,,2,-3.68
demos,QREL_CAT,religion=White Evangelical,,FJP,8,2.8,pct,,,,,11.1,,,,,,,,,0,-1.07
demos,QREL_CAT,religion=White Evangelical,,HCP,7,3.2,pct,,,,,10.0,,,,,,,,,0,-1.32
demos,QREL_CAT,religion=White Evangelical,,HAD,9,9.3,pct,,,,,13.8,,,,,,,,,0,-0.38
demos,QREL_CAT,religion=White Evangelical,,HCI,7,7.4,pct,,,,,10.4,,,,,,,,,0,-1.18
demos,QREL_CAT,religion=White Evangelical,,GHI,1,0.5,pct,,,,,1.4,,,,,,,,,2,-3.4
demos,QREL_CAT,religion=Black Protestant,,TOTAL,29,53.2,pct,,,,,2.8,,,,,,,,,0,0.0
demos,QREL_CAT,religion=Black Protestant,,TSP,3,0.8,pct,,,,,4.7,,,,,,,,,0,0.96
demos,QREL_CAT,religion=Black Protestant,,CEC,0,0.0,pct,,,,,0.0,,,,,,,,,0,-1.44
demos,QREL_CAT,religion=Black Protestant,,TC,0,0.0,pct,,,,,0.0,,,,,,,,,0,-1.45
demos,QREL_CAT,religion=Black Protestant,,HF,2,0.5,pct,,,,,4.7,,,,,,,,,0,0.76
demos,QREL_CAT,religion=Black Protestant,,PP,0,0.0,pct,,,,,0.0,,,,,,,,,0,-1.37
demos,QREL_CAT,religion=Black Protestant,,WE,1,0.7,pct,,,,,1.4,,,,,,,,,0,-0.71
demos,QREL_CAT,religion=Black Protestant,,PFF,0,0.0,pct,,,,,0.0,,,,,,,,,0,-1.32
demos,QREL_CAT,religion=Black Protestant,,HHN,1,0.3,pct,,,,,1.7,,,,,,,,,0,-0.54
demos,QREL_CAT,religion=Black Protestant,,MFL,0,0.0,pct,,,,,0.0,,,,,,,,,0,-1.45
demos,QREL_CAT,religion=Black Protestant,,VS,1,0.3,pct,,,,,1.5,,,,,,,,,0,-0.66
demos,QREL_CAT,religion=Black Protestant,,UCP,2,1.7,pct,,,,,2.9,,,,,,,,,0,0.06
demos,QREL_CAT,religion=Black Protestant,,FJP,11,21.7,pct,,,,,15.3,,,,,,,,,2,6.69
demos,QREL_CAT,religion=Black Protestant,,HCP,2,8.3,pct,,,,,2.9,,,,,,,,,0,0.04
demos,QREL_CAT,religion=Black Protestant,,HAD,4,6.9,pct,,,,,6.2,,,,,,,,,0,1.71
demos,QREL_CAT,religion=Black Protestant,,HCI,1,6.0,pct,,,,,1.5,,,,,,,,,0,-0.66
demos,QREL_CAT,religion=Black Protestant,,GHI,1,6.0,pct,,,,,1.4,,,,,,,,,0,-0.73
demos,QREL_CAT,religion=White Mainline Protestant,,TOTAL,162,107.3,pct,,,,,15.5,,,,,,,,,0,0.0
demos,QREL_CAT,religion=White Mainline Protestant,,TSP,8,1.9,pct,,,,,12.5,,,,,,,,,0,-0.69
demos,QREL_CAT,religion=White Mainline Protestant,,CEC,15,14.4,pct,,,,,22.1,,,,,,,,,0,1.54
demos,QREL_CAT,religion=White Mainline Protestant,,TC,20,15.7,pct,,,,,29.0,,,,,,,,,2,3.2
demos,QREL_CAT,religion=White Mainline Protestant,,HF,5,2.8,pct,,,,,11.6,,,,,,,,,0,-0.72
demos,QREL_CAT,religion=White Mainline Protestant,,PP,9,3.7,pct,,,,,14.5,,,,,,,,,0,-0.22
demos,QREL_CAT,religion=White Mainline Protestant,,WE,8,8.4,pct,,,,,11.4,,,,,,,,,0,-0.98
demos,QREL_CAT,religion=White Mainline Protestant,,PFF,6,4.0,pct,,,,,10.3,,,,,,,,,0,-1.12
demos,QREL_CAT,religion=White Mainline Protestant,,HHN,12,4.4,pct,,,,,20.0,,,,,,,,,0,0.99
demos,QREL_CAT,religion=White Mainline Protestant,,MFL,12,5.0,pct,,,,,17.4,,,,,,,,,0,0.44
demos,QREL_CAT,religion=White Mainline Protestant,,VS,9,5.9,pct,,,,,13.4,,,,,,,,,0,-0.49
demos,QREL_CAT,religion=White Mainline Protestant,,UCP,4,5.9,pct,,,,,5.8,,,,,,,,,1,-2.31
demos,QREL_CAT,religion=White Mainline Protestant,,FJP,12,12.0,pct,,,,,16.7,,,,,,,,,0,0.28
demos,QREL_CAT,religion=White Mainline Protestant,,HCP,11,13.2,pct,,,,,15.7,,,,,,,,,0,0.05
demos,QREL_CAT,religion=White Mainline Protestant,,HAD,7,2.4,pct,,,,,10.8,,,,,,,,,0,-1.09
demos,QREL_CAT,religion=White Mainline Protestant,,HCI,15,4.2,pct,,,,,22.4,,,,,,,,,0,1.61
demos,QREL_CAT,religion=White Mainline Protestant,,GHI,9,3.4,pct,,,,,12.7,,,,,,,,,0,-0.68
demos,QREL_CAT,religion=Catholic,,TOTAL,253,231.0,pct,,,,,24.2,,,,,,,,,0,0.0
demos,QREL_CAT,religion=Catholic,,TSP,14,8.0,pct,,,,,21.9,,,,,,,,,0,-0.45
demos,QREL_CAT,religion=Catholic,,CEC,20,18.7,pct,,,,,29.4,,,,,,,,,0,1.03
demos,QREL_CAT,religion=Catholic,,TC,21,17.2,pct,,,,,30.4,,,,,,,,,0,1.24
demos,QREL_CAT,religion=Catholic,,HF,11,4.6,pct,,,,,25.6,,,,,,,,,0,0.21
demos,QREL_CAT,religion=Catholic,,PP,10,2.8,pct,,,,,16.1,,,,,,,,,0,-1.54
demos,QREL_CAT,religion=Catholic,,WE,17,26.1,pct,,,,,24.3,,,,,,,,,0,0.01
demos,QREL_CAT,religion=Catholic,,PFF,19,15.3,pct,,,,,32.8,,,,,,,,,0,1.56
demos,QREL_CAT,religion=Catholic,,HHN,17,8.6,pct,,,,,28.3,,,,,,,,,0,0.76
demos,QREL_CAT,religion=Catholic,,MFL,16,14.4,pct,,,,,23.2,,,,,,,,,0,-0.21
demos,QREL_CAT,religion=Catholic,,VS,15,11.4,pct,,,,,22.4,,,,,,,,,0,-0.36
demos,QREL_CAT,religion=Catholic,,UCP,6,8.9,pct,,,,,8.7,,,,,,,,,2,-3.12
demos,QREL_CAT,religion=Catholic,,FJP,15,18.8,pct,,,,,20.8,,,,,,,,,0,-0.7
demos,QREL_CAT,religion=Catholic,,HCP,20,16.0,pct,,,,,28.6,,,,,,,,,0,0.88
demos,QREL_CAT,religion=Catholic,,HAD,20,18.9,pct,,,,,30.8,,,,,,,,,0,1.27
demos,QREL_CAT,religion=Catholic,,HCI,15,12.8,pct,,,,,22.4,,,,,,,,,0,-0.36
demos,QREL_CAT,religion=Catholic,,GHI,17,28.4,pct,,,,,23.9,,,,,,,,,0,-0.06
demos,QREL_CAT,religion=Jewish,,TOTAL,54,47.8,pct,,,,,5.2,,,,,,,,,0,0.0
demos,QREL_CAT,religion=Jewish,,TSP,1,0.2,pct,,,,,1.6,,,,,,,,,0,-1.35
demos,QREL_CAT,religion=Jewish,,CEC,5,3.4,pct,,,,,7.4,,,,,,,,,0,0.84
demos,QREL_CAT,religion=Jewish,,TC,5,4.1,pct,,,,,7.2,,,,,,,,,0,0.8
demos,QREL_CAT,religion=Jewish,,HF,3,1.8,pct,,,,,7.0,,,,,,,,,0,0.55
demos,QREL_CAT,religion=Jewish,,PP,1,0.3,pct,,,,,1.6,,,,,,,,,0,-1.3
demos,QREL_CAT,religion=Jewish,,WE,3,2.0,pct,,,,,4.3,,,,,,,,,0,-0.35
demos,QREL_CAT,religion=Jewish,,PFF,2,2.1,pct,,,,,3.4,,,,,,,,,0,-0.61
demos,QREL_CAT,religion=Jewish,,HHN,2,0.6,pct,,,,,3.3,,,,,,,,,0,-0.66
demos,QREL_CAT,religion=Jewish,,MFL,5,3.3,pct,,,,,7.2,,,,,,,,,0,0.8
demos,QREL_CAT,religion=Jewish,,VS,2,1.1,pct,,,,,3.0,,,,,,,,,0,-0.84
demos,QREL_CAT,religion=Jewish,,UCP,3,0.6,pct,,,,,4.3,,,,,,,,,0,-0.32
demos,QREL_CAT,religion=Jewish,,FJP,4,1.7,pct,,,,,5.6,,,,,,,,,0,0.15
demos,QREL_CAT,religion=Jewish,,HCP,5,7.6,pct,,,,,7.1,,,,,,,,,0,0.77
demos,QREL_CAT,religion=Jewish,,HAD,1,0.2,pct,,,,,1.5,,,,,,,,,0,-1.37
demos,QREL_CAT,religion=Jewish,,HCI,5,3.5,pct,,,,,7.5,,,,,,,,,0,0.88
demos,QREL_CAT,religion=Jewish,,GHI,7,15.3,pct,,,,,9.9,,,,,,,,,0,1.85
demos,QREL_CAT,religion=Other,,TOTAL,110,127.1,pct,,,,,10.5,,,,,,,,,0,0.0
demos,QREL_CAT,religion=Other,,TSP,12,5.1,pct,,,,,18.8,,,,,,,,,1,2.21
demos,QREL_CAT,religion=Other,,CEC,1,0.9,pct,,,,,1.5,,,,,,,,,1,-2.52
demos,QREL_CAT,religion=Other,,TC,3,4.6,pct,,,,,4.3,,,,,,,,,0,-1.73
demos,QREL_CAT,religion=Other,,HF,6,3.4,pct,,,,,14.0,,,,,,,,,0,0.75
demos,QREL_CAT,religion=Other,,PP,7,3.0,pct,,,,,11.3,,,,,,,,,0,0.2
demos,QREL_CAT,religion=Other,,WE,8,10.7,pct,,,,,11.4,,,,,,,,,0,0.25
demos,QREL_CAT,religion=Other,,PFF,6,5.1,pct,,,,,10.3,,,,,,,,,0,-0.05
demos,QREL_CAT,religion=Other,,HHN,12,6.0,pct,,,,,20.0,,,,,,,,,1,2.46
demos,QREL_CAT,religion=Other,,MFL,7,4.8,pct,,,,,10.1,,,,,,,,,0,-0.11
demos,QREL_CAT,religion=Other,,VS,8,5.6,pct,,,,,11.9,,,,,,,,,0,0.39
demos,QREL_CAT,religion=Other,,UCP,7,16.8,pct,,,,,10.1,,,,,,,,,0,-0.11
demos,QREL_CAT,religion=Other,,FJP,12,23.4,pct,,,,,16.7,,,,,,,,,0,1.76
demos,QREL_CAT,religion=Other,,HCP,7,13.5,pct,,,,,10.0,,,,,,,,,0,-0.15
demos,QREL_CAT,religion=Other,,HAD,8,17.6,pct,,,,,12.3,,,,,,,,,0,0.48
demos,QREL_CAT,religion=Other,,HCI,5,6.5,pct,,,,,7.5,,,,,,,,,0,-0.85
demos,QREL_CAT,religion=Other,,GHI,1,0.2,pct,,,,,1.4,,,,,,,,,2,-2.59
demos,QREL_CAT,religion=None / Unaffiliated,,TOTAL,234,312.3,pct,,,,,22.4,,,,,,,,,0,0.0
demos,QREL_CAT,religion=None / Unaffiliated,,TSP,7,2.4,pct,,,,,10.9,,,,,,,,,1,-2.27
demos,QREL_CAT,religion=None / Unaffiliated,,CEC,11,12.4,pct,,,,,16.2,,,,,,,,,0,-1.28
demos,QREL_CAT,religion=None / Unaffiliated,,TC,7,5.3,pct,,,,,10.1,,,,,,,,,1,-2.53
demos,QREL_CAT,religion=None / Unaffiliated,,HF,7,4.3,pct,,,,,16.3,,,,,,,,,0,-0.99
demos,QREL_CAT,religion=None / Unaffiliated,,PP,17,9.1,pct,,,,,27.4,,,,,,,,,0,0.97
demos,QREL_CAT,religion=None / Unaffiliated,,WE,10,16.2,pct,,,,,14.3,,,,,,,,,0,-1.69
demos,QREL_CAT,religion=None / Unaffiliated,,PFF,8,6.0,pct,,,,,13.8,,,,,,,,,0,-1.62
demos,QREL_CAT,religion=None / Unaffiliated,,HHN,7,4.3,pct,,,,,11.7,,,,,,,,,1,-2.06
demos,QREL_CAT,religion=None / Unaffiliated,,MFL,11,11.2,pct,,,,,15.9,,,,,,,,,0,-1.33
demos,QREL_CAT,religion=None / Unaffiliated,,VS,13,10.6,pct,,,,,19.4,,,,,,,,,0,-0.61
demos,QREL_CAT,religion=None / Unaffiliated,,UCP,46,76.2,pct,,,,,66.7,,,,,,,,,2,9.12
demos,QREL_CAT,religion=None / Unaffiliated,,FJP,7,24.5,pct,,,,,9.7,,,,,,,,,2,-2.68
demos,QREL_CAT,religion=None / Unaffiliated,,HCP,17,19.2,pct,,,,,24.3,,,,,,,,,0,0.39
demos,QREL_CAT,religion=None / Unaffiliated,,HAD,15,30.5,pct,,,,,23.1,,,,,,,,,0,0.13
demos,QREL_CAT,religion=None / Unaffiliated,,HCI,17,28.0,pct,,,,,25.4,,,,,,,,,0,0.6
demos,QREL_CAT,religion=None / Unaffiliated,,GHI,34,52.1,pct,,,,,47.9,,,,,,,,,2,5.33
demos,QD23A,income=Less than $20K,,TOTAL,76,65.6,pct,,,,,7.3,,,,,,,,,0,0.0
demos,QD23A,income=Less than $20K,,TSP,11,4.4,pct,,,,,17.2,,,,,,,,,2,3.15
demos,QD23A,income=Less than $20K,,CEC,6,8.2,pct,,,,,8.8,,,,,,,,,0,0.51
demos,QD23A,income=Less than $20K,,TC,2,1.4,pct,,,,,2.9,,,,,,,,,0,-1.45
demos,QD23A,income=Less than $20K,,HF,1,0.2,pct,,,,,2.3,,,,,,,,,0,-1.28
demos,QD23A,income=Less than $20K,,PP,7,2.9,pct,,,,,11.3,,,,,,,,,0,1.25
demos,QD23A,income=Less than $20K,,WE,3,4.3,pct,,,,,4.3,,,,,,,,,0,-1.0
demos,QD23A,income=Less than $20K,,PFF,7,7.7,pct,,,,,12.1,,,,,,,,,0,1.44
demos,QD23A,income=Less than $20K,,HHN,2,0.5,pct,,,,,3.3,,,,,,,,,0,-1.21
demos,QD23A,income=Less than $20K,,MFL,8,4.7,pct,,,,,11.6,,,,,,,,,0,1.43
demos,QD23A,income=Less than $20K,,VS,4,2.9,pct,,,,,6.0,,,,,,,,,0,-0.43
demos,QD23A,income=Less than $20K,,UCP,5,2.4,pct,,,,,7.2,,,,,,,,,0,-0.01
demos,QD23A,income=Less than $20K,,FJP,1,3.0,pct,,,,,1.4,,,,,,,,,1,-1.99
demos,QD23A,income=Less than $20K,,HCP,7,8.7,pct,,,,,10.0,,,,,,,,,0,0.91
demos,QD23A,income=Less than $20K,,HAD,6,8.8,pct,,,,,9.2,,,,,,,,,0,0.63
demos,QD23A,income=Less than $20K,,HCI,1,0.7,pct,,,,,1.5,,,,,,,,,0,-1.88
demos,QD23A,income=Less than $20K,,GHI,5,4.7,pct,,,,,7.0,,,,,,,,,0,-0.08
demos,QD23A,income=$20K - $50K,,TOTAL,250,246.3,pct,,,,,23.9,,,,,,,,,0,0.0
demos,QD23A,income=$20K - $50K,,TSP,11,3.8,pct,,,,,17.2,,,,,,,,,0,-1.31
demos,QD23A,income=$20K - $50K,,CEC,9,7.3,pct,,,,,13.2,,,,,,,,,1,-2.14
demos,QD23A,income=$20K - $50K,,TC,7,6.9,pct,,,,,10.1,,,,,,,,,2,-2.78
demos,QD23A,income=$20K - $50K,,HF,16,9.6,pct,,,,,37.2,,,,,,,,,1,2.08
demos,QD23A,income=$20K - $50K,,PP,21,8.6,pct,,,,,33.9,,,,,,,,,0,1.89
demos,QD23A,income=$20K - $50K,,WE,8,8.8,pct,,,,,11.4,,,,,,,,,1,-2.54
demos,QD23A,income=$20K - $50K,,PFF,12,8.0,pct,,,,,20.7,,,,,,,,,0,-0.6
demos,QD23A,income=$20K - $50K,,HHN,13,6.1,pct,,,,,21.7,,,,,,,,,0,-0.43
demos,QD23A,income=$20K - $50K,,MFL,17,11.1,pct,,,,,24.6,,,,,,,,,0,0.14
demos,QD23A,income=$20K - $50K,,VS,25,17.8,pct,,,,,37.3,,,,,,,,,2,2.65
demos,QD23A,income=$20K - $50K,,UCP,19,23.3,pct,,,,,27.5,,,,,,,,,0,0.72
demos,QD23A,income=$20K - $50K,,FJP,28,37.7,pct,,,,,38.9,,,,,,,,,2,3.08
demos,QD23A,income=$20K - $50K,,HCP,19,18.4,pct,,,,,27.1,,,,,,,,,0,0.65
demos,QD23A,income=$20K - $50K,,HAD,21,33.5,pct,,,,,32.3,,,,,,,,,0,1.63
demos,QD23A,income=$20K - $50K,,HCI,10,15.0,pct,,,,,14.9,,,,,,,,,0,-1.79
demos,QD23A,income=$20K - $50K,,GHI,14,30.2,pct,,,,,19.7,,,,,,,,,0,-0.86
demos,QD23A,income=$50K - $100K,,TOTAL,391,383.3,pct,,,,,37.5,,,,,,,,,0,0.0
demos,QD23A,income=$50K - $100K,,TSP,20,8.7,pct,,,,,31.2,,,,,,,,,0,-1.06
demos,QD23A,income=$50K - $100K,,CEC,28,30.1,pct,,,,,41.2,,,,,,,,,0,0.66
demos,QD23A,income=$50K - $100K,,TC,29,24.8,pct,,,,,42.0,,,,,,,,,0,0.81
demos,QD23A,income=$50K - $100K,,HF,16,8.2,pct,,,,,37.2,,,,,,,,,0,-0.03
demos,QD23A,income=$50K - $100K,,PP,22,9.9,pct,,,,,35.5,,,,,,,,,0,-0.33
demos,QD23A,income=$50K - $100K,,WE,32,42.5,pct,,,,,45.7,,,,,,,,,0,1.48
demos,QD23A,income=$50K - $100K,,PFF,23,17.6,pct,,,,,39.7,,,,,,,,,0,0.36
demos,QD23A,income=$50K - $100K,,HHN,28,13.4,pct,,,,,46.7,,,,,,,,,0,1.52
demos,QD23A,income=$50K - $100K,,MFL,26,22.8,pct,,,,,37.7,,,,,,,,,0,0.04
demos,QD23A,income=$50K - $100K,,VS,25,17.3,pct,,,,,37.3,,,,,,,,,0,-0.02
demos,QD23A,income=$50K - $100K,,UCP,19,42.4,pct,,,,,27.5,,,,,,,,,0,-1.76
demos,QD23A,income=$50K - $100K,,FJP,28,46.2,pct,,,,,38.9,,,,,,,,,0,0.26
demos,QD23A,income=$50K - $100K,,HCP,19,22.6,pct,,,,,27.1,,,,,,,,,0,-1.85
demos,QD23A,income=$50K - $100K,,HAD,26,27.4,pct,,,,,40.0,,,,,,,,,0,0.44
demos,QD23A,income=$50K - $100K,,HCI,27,27.8,pct,,,,,40.3,,,,,,,,,0,0.5
demos,QD23A,income=$50K - $100K,,GHI,23,21.5,pct,,,,,32.4,,,,,,,,,0,-0.91
demos,QD23A,income=$100K - $150K,,TOTAL,165,195.5,pct,,,,,15.8,,,,,,,,,0,0.0
demos,QD23A,income=$100K - $150K,,TSP,13,5.4,pct,,,,,20.3,,,,,,,,,0,1.02
demos,QD23A,income=$100K - $150K,,CEC,11,9.0,pct,,,,,16.2,,,,,,,,,0,0.09
demos,QD23A,income=$100K - $150K,,TC,13,9.7,pct,,,,,18.8,,,,,,,,,0,0.72
demos,QD23A,income=$100K - $150K,,HF,6,3.2,pct,,,,,14.0,,,,,,,,,0,-0.34
demos,QD23A,income=$100K - $150K,,PP,7,2.9,pct,,,,,11.3,,,,,,,,,0,-1.0
demos,QD23A,income=$100K - $150K,,WE,13,17.0,pct,,,,,18.6,,,,,,,,,0,0.66
demos,QD23A,income=$100K - $150K,,PFF,8,6.6,pct,,,,,13.8,,,,,,,,,0,-0.43
demos,QD23A,income=$100K - $150K,,HHN,9,5.3,pct,,,,,15.0,,,,,,,,,0,-0.18
demos,QD23A,income=$100K - $150K,,MFL,10,9.5,pct,,,,,14.5,,,,,,,,,0,-0.31
demos,QD23A,income=$100K - $150K,,VS,7,6.3,pct,,,,,10.4,,,,,,,,,0,-1.24
demos,QD23A,income=$100K - $150K,,UCP,12,24.3,pct,,,,,17.4,,,,,,,,,0,0.37
demos,QD23A,income=$100K - $150K,,FJP,7,13.1,pct,,,,,9.7,,,,,,,,,0,-1.47
demos,QD23A,income=$100K - $150K,,HCP,18,25.8,pct,,,,,25.7,,,,,,,,,1,2.35
demos,QD23A,income=$100K - $150K,,HAD,6,14.5,pct,,,,,9.2,,,,,,,,,0,-1.5
demos,QD23A,income=$100K - $150K,,HCI,9,9.2,pct,,,,,13.4,,,,,,,,,0,-0.55
demos,QD23A,income=$100K - $150K,,GHI,16,33.8,pct,,,,,22.5,,,,,,,,,0,1.61
demos,QD23A,income=$150K or more,,TOTAL,144,136.2,pct,,,,,13.8,,,,,,,,,0,0.0
demos,QD23A,income=$150K or more,,TSP,9,3.0,pct,,,,,14.1,,,,,,,,,0,0.06
demos,QD23A,income=$150K or more,,CEC,13,13.5,pct,,,,,19.1,,,,,,,,,0,1.32
demos,QD23A,income=$150K or more,,TC,17,16.0,pct,,,,,24.6,,,,,,,,,2,2.7
demos,QD23A,income=$150K or more,,HF,4,2.6,pct,,,,,9.3,,,,,,,,,0,-0.87
demos,QD23A,income=$150K or more,,PP,4,1.1,pct,,,,,6.5,,,,,,,,,0,-1.73
demos,QD23A,income=$150K or more,,WE,14,23.4,pct,,,,,20.0,,,,,,,,,0,1.56
demos,QD23A,income=$150K or more,,PFF,6,3.2,pct,,,,,10.3,,,,,,,,,0,-0.78
demos,QD23A,income=$150K or more,,HHN,7,2.7,pct,,,,,11.7,,,,,,,,,0,-0.49
demos,QD23A,income=$150K or more,,MFL,7,4.3,pct,,,,,10.1,,,,,,,,,0,-0.91
demos,QD23A,income=$150K or more,,VS,4,4.2,pct,,,,,6.0,,,,,,,,,0,-1.92
demos,QD23A,income=$150K or more,,UCP,12,21.2,pct,,,,,17.4,,,,,,,,,0,0.9
demos,QD23A,income=$150K or more,,FJP,6,4.3,pct,,,,,8.3,,,,,,,,,0,-1.39
demos,QD23A,income=$150K or more,,HCP,6,5.4,pct,,,,,8.6,,,,,,,,,0,-1.31
demos,QD23A,income=$150K or more,,HAD,6,1.7,pct,,,,,9.2,,,,,,,,,0,-1.1
demos,QD23A,income=$150K or more,,HCI,17,19.4,pct,,,,,25.4,,,,,,,,,2,2.84
demos,QD23A,income=$150K or more,,GHI,12,10.2,pct,,,,,16.9,,,,,,,,,0,0.79
demos,QCON_LGBr1,CON_LGB,,TOTAL,1044,,pct_yes,,,,,79.8,,,,,,,,,0,0.0
demos,QCON_LGBr1,CON_LGB,,TSP,64,,pct_yes,,,,,79.0,,,,,,,,,0,1.02
demos,QCON_LGBr1,CON_LGB,,CEC,68,,pct_yes,,,,,63.7,,,,,,,,,1,-2.06
demos,QCON_LGBr1,CON_LGB,,TC,69,,pct_yes,,,,,78.1,,,,,,,,,0,0.42
demos,QCON_LGBr1,CON_LGB,,HF,43,,pct_yes,,,,,75.5,,,,,,,,,0,-0.9
demos,QCON_LGBr1,CON_LGB,,PP,62,,pct_yes,,,,,82.0,,,,,,,,,0,-0.05
demos,QCON_LGBr1,CON_LGB,,WE,70,,pct_yes,,,,,68.0,,,,,,,,,0,-1.0
demos,QCON_LGBr1,CON_LGB,,PFF,58,,pct_yes,,,,,63.6,,,,,,,,,2,-3.26
demos,QCON_LGBr1,CON_LGB,,HHN,60,,pct_yes,,,,,62.7,,,,,,,,,1,-2.11
demos,QCON_LGBr1,CON_LGB,,MFL,69,,pct_yes,,,,,66.3,,,,,,,,,1,-1.97
demos,QCON_LGBr1,CON_LGB,,VS,67,,pct_yes,,,,,80.5,,,,,,,,,0,0.59
demos,QCON_LGBr1,CON_LGB,,UCP,69,,pct_yes,,,,,92.6,,,,,,,,,2,2.81
demos,QCON_LGBr1,CON_LGB,,FJP,72,,pct_yes,,,,,89.7,,,,,,,,,0,1.49
demos,QCON_LGBr1,CON_LGB,,HCP,70,,pct_yes,,,,,86.8,,,,,,,,,0,1.37
demos,QCON_LGBr1,CON_LGB,,HAD,65,,pct_yes,,,,,81.7,,,,,,,,,0,0.77
demos,QCON_LGBr1,CON_LGB,,HCI,67,,pct_yes,,,,,74.7,,,,,,,,,0,0.59
demos,QCON_LGBr1,CON_LGB,,GHI,71,,pct_yes,,,,,93.6,,,,,,,,,0,1.73
demos,QCON_LGBr2,CON_HIV,,TOTAL,1044,,pct_yes,,,,,17.3,,,,,,,,,0,0.0
demos,QCON_LGBr2,CON_HIV,,TSP,64,,pct_yes,,,,,13.4,,,,,,,,,0,-0.35
demos,QCON_LGBr2,CON_HIV,,CEC,68,,pct_yes,,,,,5.4,,,,,,,,,1,-2.29
demos,QCON_LGBr2,CON_HIV,,TC,69,,pct_yes,,,,,14.1,,,,,,,,,0,-0.95
demos,QCON_LGBr2,CON_HIV,,HF,43,,pct_yes,,,,,18.2,,,,,,,,,0,0.55
demos,QCON_LGBr2,CON_HIV,,PP,62,,pct_yes,,,,,5.9,,,,,,,,,1,-2.05
demos,QCON_LGBr2,CON_HIV,,WE,70,,pct_yes,,,,,11.4,,,,,,,,,0,-0.66
demos,QCON_LGBr2,CON_HIV,,PFF,58,,pct_yes,,,,,14.1,,,,,,,,,0,-0.39
demos,QCON_LGBr2,CON_HIV,,HHN,60,,pct_yes,,,,,18.8,,,,,,,,,0,0.6
demos,QCON_LGBr2,CON_HIV,,MFL,69,,pct_yes,,,,,15.2,,,,,,,,,0,-0.95
demos,QCON_LGBr2,CON_HIV,,VS,67,,pct_yes,,,,,19.7,,,,,,,,,0,-0.16
demos,QCON_LGBr2,CON_HIV,,UCP,69,,pct_yes,,,,,36.9,,,,,,,,,2,3.17
demos,QCON_LGBr2,CON_HIV,,FJP,72,,pct_yes,,,,,17.3,,,,,,,,,0,0.93
demos,QCON_LGBr2,CON_HIV,,HCP,70,,pct_yes,,,,,29.9,,,,,,,,,0,1.39
demos,QCON_LGBr2,CON_HIV,,HAD,65,,pct_yes,,,,,3.2,,,,,,,,,0,-1.11
demos,QCON_LGBr2,CON_HIV,,HCI,67,,pct_yes,,,,,14.5,,,,,,,,,0,1.58
demos,QCON_LGBr2,CON_HIV,,GHI,71,,pct_yes,,,,,19.2,,,,,,,,,0,0.65
demos,QCON_LGBr3,CON_CANCER,,TOTAL,1044,,pct_yes,,,,,83.4,,,,,,,,,0,0.0
demos,QCON_LGBr3,CON_CANCER,,TSP,64,,pct_yes,,,,,74.0,,,,,,,,,0,-0.96
demos,QCON_LGBr3,CON_CANCER,,CEC,68,,pct_yes,,,,,85.0,,,,,,,,,0,-0.37
demos,QCON_LGBr3,CON_CANCER,,TC,69,,pct_yes,,,,,91.3,,,,,,,,,0,1.45
demos,QCON_LGBr3,CON_CANCER,,HF,43,,pct_yes,,,,,81.8,,,,,,,,,0,0.13
demos,QCON_LGBr3,CON_CANCER,,PP,62,,pct_yes,,,,,82.4,,,,,,,,,0,-0.34
demos,QCON_LGBr3,CON_CANCER,,WE,70,,pct_yes,,,,,86.3,,,,,,,,,0,0.79
demos,QCON_LGBr3,CON_CANCER,,PFF,58,,pct_yes,,,,,84.7,,,,,,,,,0,-0.19
demos,QCON_LGBr3,CON_CANCER,,HHN,60,,pct_yes,,,,,66.7,,,,,,,,,2,-3.09
demos,QCON_LGBr3,CON_CANCER,,MFL,69,,pct_yes,,,,,90.0,,,,,,,,,0,1.1
demos,QCON_LGBr3,CON_CANCER,,VS,67,,pct_yes,,,,,81.8,,,,,,,,,0,-0.78
demos,QCON_LGBr3,CON_CANCER,,UCP,69,,pct_yes,,,,,89.2,,,,,,,,,0,0.39
demos,QCON_LGBr3,CON_CANCER,,FJP,72,,pct_yes,,,,,83.8,,,,,,,,,0,0.88
demos,QCON_LGBr3,CON_CANCER,,HCP,70,,pct_yes,,,,,71.2,,,,,,,,,0,0.44
demos,QCON_LGBr3,CON_CANCER,,HAD,65,,pct_yes,,,,,67.3,,,,,,,,,1,-2.34
demos,QCON_LGBr3,CON_CANCER,,HCI,67,,pct_yes,,,,,86.7,,,,,,,,,1,2.44
demos,QCON_LGBr3,CON_CANCER,,GHI,71,,pct_yes,,,,,92.6,,,,,,,,,0,0.14
demos,QCON_LGBr4,CON_ADDICT,,TOTAL,1044,,pct_yes,,,,,72.2,,,,,,,,,0,0.0
demos,QCON_LGBr4,CON_ADDICT,,TSP,64,,pct_yes,,,,,71.2,,,,,,,,,0,0.24
demos,QCON_LGBr4,CON_ADDICT,,CEC,68,,pct_yes,,,,,62.8,,,,,,,,,0,-1.41
demos,QCON_LGBr4,CON_ADDICT,,TC,69,,pct_yes,,,,,74.5,,,,,,,,,0,0.06
demos,QCON_LGBr4,CON_ADDICT,,HF,43,,pct_yes,,,,,58.4,,,,,,,,,0,-0.35
demos,QCON_LGBr4,CON_ADDICT,,PP,62,,pct_yes,,,,,70.9,,,,,,,,,0,-0.5
demos,QCON_LGBr4,CON_ADDICT,,WE,70,,pct_yes,,,,,69.5,,,,,,,,,0,-0.69
demos,QCON_LGBr4,CON_ADDICT,,PFF,58,,pct_yes,,,,,83.6,,,,,,,,,0,1.56
demos,QCON_LGBr4,CON_ADDICT,,HHN,60,,pct_yes,,,,,51.0,,,,,,,,,1,-2.45
demos,QCON_LGBr4,CON_ADDICT,,MFL,69,,pct_yes,,,,,66.6,,,,,,,,,0,-1.05
demos,QCON_LGBr4,CON_ADDICT,,VS,67,,pct_yes,,,,,81.2,,,,,,,,,0,1.32
demos,QCON_LGBr4,CON_ADDICT,,UCP,69,,pct_yes,,,,,82.9,,,,,,,,,2,2.84
demos,QCON_LGBr4,CON_ADDICT,,FJP,72,,pct_yes,,,,,77.7,,,,,,,,,0,0.29
demos,QCON_LGBr4,CON_ADDICT,,HCP,70,,pct_yes,,,,,76.2,,,,,,,,,0,0.42
demos,QCON_LGBr4,CON_ADDICT,,HAD,65,,pct_yes,,,,,63.2,,,,,,,,,0,-0.25
demos,QCON_LGBr4,CON_ADDICT,,HCI,67,,pct_yes,,,,,61.6,,,,,,,,,0,-0.94
demos,QCON_LGBr4,CON_ADDICT,,GHI,71,,pct_yes,,,,,77.2,,,,,,,,,0,0.76
influencer,XCOMPUTE_LOWINFr1,L1,,TOTAL,1044,,pct_yes,,,,,49.4,49.4,,,,,,,,0,0.0
influencer,XCOMPUTE_LOWINFr1,L1,,TSP,64,,pct_yes,,,,,52.1,52.1,,,,,,,,0,1.18
influencer,XCOMPUTE_LOWINFr1,L1,,CEC,68,,pct_yes,,,,,24.5,24.5,,,,,,,,2,-2.83
influencer,XCOMPUTE_LOWINFr1,L1,,TC,69,,pct_yes,,,,,36.6,36.6,,,,,,,,0,-1.93
influencer,XCOMPUTE_LOWINFr1,L1,,HF,43,,pct_yes,,,,,57.2,57.2,,,,,,,,0,0.7
influencer,XCOMPUTE_LOWINFr1,L1,,PP,62,,pct_yes,,,,,29.3,29.3,,,,,,,,0,-1.71
influencer,XCOMPUTE_LOWINFr1,L1,,WE,70,,pct_yes,,,,,38.8,38.8,,,,,,,,0,-1.29
influencer,XCOMPUTE_LOWINFr1,L1,,PFF,58,,pct_yes,,,,,48.7,48.7,,,,,,,,0,-0.45
influencer,XCOMPUTE_LOWINFr1,L1,,HHN,60,,pct_yes,,,,,50.3,50.3,,,,,,,,0,-0.16
influencer,XCOMPUTE_LOWINFr1,L1,,MFL,69,,pct_yes,,,,,41.0,41.0,,,,,,,,0,-0.68
influencer,XCOMPUTE_LOWINFr1,L1,,VS,67,,pct_yes,,,,,45.9,45.9,,,,,,,,0,0.05
influencer,XCOMPUTE_LOWINFr1,L1,,UCP,69,,pct_yes,,,,,80.5,80.5,,,,,,,,2,4.57
influencer,XCOMPUTE_LOWINFr1,L1,,FJP,72,,pct_yes,,,,,61.5,61.5,,,,,,,,1,2.43
influencer,XCOMPUTE_LOWINFr1,L1,,HCP,70,,pct_yes,,,,,34.9,34.9,,,,,,,,0,-0.79
influencer,XCOMPUTE_LOWINFr1,L1,,HAD,65,,pct_yes,,,,,60.2,60.2,,,,,,,,0,-0.74
influencer,XCOMPUTE_LOWINFr1,L1,,HCI,67,,pct_yes,,,,,39.3,39.3,,,,,,,,0,-0.96
influencer,XCOMPUTE_LOWINFr1,L1,,GHI,71,,pct_yes,,,,,54.5,54.5,,,,,,,,1,2.55
influencer,XCOMPUTE_LOWINFr2,L2,,TOTAL,1044,,pct_yes,,,,,41.3,41.3,,,,,,,,0,0.0
influencer,XCOMPUTE_LOWINFr2,L2,,TSP,64,,pct_yes,,,,,34.5,34.5,,,,,,,,0,-0.72
influencer,XCOMPUTE_LOWINFr2,L2,,CEC,68,,pct_yes,,,,,20.2,20.2,,,,,,,,2,-3.16
influencer,XCOMPUTE_LOWINFr2,L2,,TC,69,,pct_yes,,,,,51.9,51.9,,,,,,,,0,1.33
influencer,XCOMPUTE_LOWINFr2,L2,,HF,43,,pct_yes,,,,,50.9,50.9,,,,,,,,0,0.86
influencer,XCOMPUTE_LOWINFr2,L2,,PP,62,,pct_yes,,,,,22.8,22.8,,,,,,,,1,-2.12
influencer,XCOMPUTE_LOWINFr2,L2,,WE,70,,pct_yes,,,,,36.6,36.6,,,,,,,,0,-0.29
influencer,XCOMPUTE_LOWINFr2,L2,,PFF,58,,pct_yes,,,,,37.4,37.4,,,,,,,,0,0.18
influencer,XCOMPUTE_LOWINFr2,L2,,HHN,60,,pct_yes,,,,,31.5,31.5,,,,,,,,0,-1.66
influencer,XCOMPUTE_LOWINFr2,L2,,MFL,69,,pct_yes,,,,,21.8,21.8,,,,,,,,2,-2.99
influencer,XCOMPUTE_LOWINFr2,L2,,VS,67,,pct_yes,,,,,27.6,27.6,,,,,,,,0,-1.53
influencer,XCOMPUTE_LOWINFr2,L2,,UCP,69,,pct_yes,,,,,50.9,50.9,,,,,,,,2,2.6
influencer,XCOMPUTE_LOWINFr2,L2,,FJP,72,,pct_yes,,,,,51.3,51.3,,,,,,,,2,3.25
influencer,XCOMPUTE_LOWINFr2,L2,,HCP,70,,pct_yes,,,,,44.0,44.0,,,,,,,,0,0.46
influencer,XCOMPUTE_LOWINFr2,L2,,HAD,65,,pct_yes,,,,,40.5,40.5,,,,,,,,0,-0.3
influencer,XCOMPUTE_LOWINFr2,L2,,HCI,67,,pct_yes,,,,,51.7,51.7,,,,,,,,0,1.3
influencer,XCOMPUTE_LOWINFr2,L2,,GHI,71,,pct_yes,,,,,49.3,49.3,,,,,,,,2,2.62
influencer,XCOMPUTE_LOWINFr3,L3,,TOTAL,1044,,pct_yes,,,,,24.2,24.2,,,,,,,,0,0.0
influencer,XCOMPUTE_LOWINFr3,L3,,TSP,64,,pct_yes,,,,,30.5,30.5,,,,,,,,0,1.17
influencer,XCOMPUTE_LOWINFr3,L3,,CEC,68,,pct_yes,,,,,4.6,4.6,,,,,,,,2,-3.35
influencer,XCOMPUTE_LOWINFr3,L3,,TC,69,,pct_yes,,,,,23.8,23.8,,,,,,,,0,-0.7
influencer,XCOMPUTE_LOWINFr3,L3,,HF,43,,pct_yes,,,,,41.5,41.5,,,,,,,,1,2.04
influencer,XCOMPUTE_LOWINFr3,L3,,PP,62,,pct_yes,,,,,13.5,13.5,,,,,,,,0,-1.5
influencer,XCOMPUTE_LOWINFr3,L3,,WE,70,,pct_yes,,,,,22.2,22.2,,,,,,,,0,-0.46
influencer,XCOMPUTE_LOWINFr3,L3,,PFF,58,,pct_yes,,,,,25.4,25.4,,,,,,,,0,-0.29
influencer,XCOMPUTE_LOWINFr3,L3,,HHN,60,,pct_yes,,,,,27.6,27.6,,,,,,,,0,-0.11
influencer,XCOMPUTE_LOWINFr3,L3,,MFL,69,,pct_yes,,,,,14.9,14.9,,,,,,,,0,-0.7
influencer,XCOMPUTE_LOWINFr3,L3,,VS,67,,pct_yes,,,,,31.8,31.8,,,,,,,,0,0.64
influencer,XCOMPUTE_LOWINFr3,L3,,UCP,69,,pct_yes,,,,,25.3,25.3,,,,,,,,0,1.4
influencer,XCOMPUTE_LOWINFr3,L3,,FJP,72,,pct_yes,,,,,31.3,31.3,,,,,,,,2,2.94
influencer,XCOMPUTE_LOWINFr3,L3,,HCP,70,,pct_yes,,,,,29.9,29.9,,,,,,,,0,-0.46
influencer,XCOMPUTE_LOWINFr3,L3,,HAD,65,,pct_yes,,,,,37.6,37.6,,,,,,,,0,0.48
influencer,XCOMPUTE_LOWINFr3,L3,,HCI,67,,pct_yes,,,,,15.0,15.0,,,,,,,,0,-0.88
influencer,XCOMPUTE_LOWINFr3,L3,,GHI,71,,pct_yes,,,,,18.8,18.8,,,,,,,,0,0.07
influencer,XSMr4,BCS,,TOTAL,1044,,mean,0.289,,,,,0.289,,,,,,,,0,0.0
influencer,XSMr4,BCS,,TSP,64,,mean,0.307,,,,,0.307,,,,,,,,0,1.61
influencer,XSMr4,BCS,,CEC,68,,mean,0.118,,,,,0.118,,,,,,,,2,-6.0
influencer,XSMr4,BCS,,TC,69,,mean,0.208,,,,,0.208,,,,,,,,2,-2.74
influencer,XSMr4,BCS,,HF,43,,mean,0.457,,,,,0.457,,,,,,,,2,3.07
influencer,XSMr4,BCS,,PP,62,,mean,0.19,,,,,0.19,,,,,,,,0,-1.42
influencer,XSMr4,BCS,,WE,70,,mean,0.245,,,,,0.245,,,,,,,,0,-1.18
influencer,XSMr4,BCS,,PFF,58,,mean,0.361,,,,,0.361,,,,,,,,0,1.43
influencer,XSMr4,BCS,,HHN,60,,mean,0.303,,,,,0.303,,,,,,,,0,0.79
influencer,XSMr4,BCS,,MFL,69,,mean,0.211,,,,,0.211,,,,,,,,0,-1.61
influencer,XSMr4,BCS,,VS,67,,mean,0.25,,,,,0.25,,,,,,,,0,-0.34
influencer,XSMr4,BCS,,UCP,69,,mean,0.421,,,,,0.421,,,,,,,,2,3.58
influencer,XSMr4,BCS,,FJP,72,,mean,0.349,,,,,0.349,,,,,,,,0,1.81
influencer,XSMr4,BCS,,HCP,70,,mean,0.256,,,,,0.256,,,,,,,,0,-1.45
influencer,XSMr4,BCS,,HAD,65,,mean,0.304,,,,,0.304,,,,,,,,0,-0.45
influencer,XSMr4,BCS,,HCI,67,,mean,0.307,,,,,0.307,,,,,,,,0,-1.55
influencer,XSMr4,BCS,,GHI,71,,mean,0.29,,,,,0.29,,,,,,,,0,1.05
influencer,INFLUENCER360r1,INF_1,,TOTAL,1044,,pct_yes,,,,,4.2,4.2,,,,,,,,0,0.0
influencer,INFLUENCER360r1,INF_1,,TSP,64,,pct_yes,,,,,9.5,9.5,,,,,,,,1,2.25
influencer,INFLUENCER360r1,INF_1,,CEC,68,,pct_yes,,,,,0.6,0.6,,,,,,,,0,-1.11
influencer,INFLUENCER360r1,INF_1,,TC,69,,pct_yes,,,,,6.7,6.7,,,,,,,,0,0.78
influencer,INFLUENCER360r1,INF_1,,HF,43,,pct_yes,,,,,14.0,14.0,,,,,,,,0,1.8
influencer,INFLUENCER360r1,INF_1,,PP,62,,pct_yes,,,,,0.0,0.0,,,,,,,,0,-1.66
influencer,INFLUENCER360r1,INF_1,,WE,70,,pct_yes,,,,,6.3,6.3,,,,,,,,0,0.75
influencer,INFLUENCER360r1,INF_1,,PFF,58,,pct_yes,,,,,0.0,0.0,,,,,,,,0,-1.6
influencer,INFLUENCER360r1,INF_1,,HHN,60,,pct_yes,,,,,13.4,13.4,,,,,,,,0,1.75
influencer,INFLUENCER360r1,INF_1,,MFL,69,,pct_yes,,,,,3.3,3.3,,,,,,,,0,-0.49
influencer,INFLUENCER360r1,INF_1,,VS,67,,pct_yes,,,,,2.6,2.6,,,,,,,,0,-1.09
influencer,INFLUENCER360r1,INF_1,,UCP,69,,pct_yes,,,,,0.2,0.2,,,,,,,,0,-1.13
influencer,INFLUENCER360r1,INF_1,,FJP,72,,pct_yes,,,,,5.0,5.0,,,,,,,,0,0.06
influencer,INFLUENCER360r1,INF_1,,HCP,70,,pct_yes,,,,,0.2,0.2,,,,,,,,0,-1.14
influencer,INFLUENCER360r1,INF_1,,HAD,65,,pct_yes,,,,,8.0,8.0,,,,,,,,0,0.9
influencer,INFLUENCER360r1,INF_1,,HCI,67,,pct_yes,,,,,0.6,0.6,,,,,,,,0,-0.45
influencer,INFLUENCER360r1,INF_1,,GHI,71,,pct_yes,,,,,7.0,7.0,,,,,,,,0,0.72
influencer,INFLUENCER360r2,INF_2,,TOTAL,1044,,pct_yes,,,,,3.0,3.0,,,,,,,,0,0.0
influencer,INFLUENCER360r2,INF_2,,TSP,64,,pct_yes,,,,,2.0,2.0,,,,,,,,0,0.46
influencer,INFLUENCER360r2,INF_2,,CEC,68,,pct_yes,,,,,0.0,0.0,,,,,,,,0,-1.31
influencer,INFLUENCER360r2,INF_2,,TC,69,,pct_yes,,,,,5.1,5.1,,,,,,,,0,0.34
influencer,INFLUENCER360r2,INF_2,,HF,43,,pct_yes,,,,,9.4,9.4,,,,,,,,1,2.09
influencer,INFLUENCER360r2,INF_2,,PP,62,,pct_yes,,,,,1.0,1.0,,,,,,,,0,-0.37
influencer,INFLUENCER360r2,INF_2,,WE,70,,pct_yes,,,,,0.0,0.0,,,,,,,,0,-1.33
influencer,INFLUENCER360r2,INF_2,,PFF,58,,pct_yes,,,,,0.0,0.0,,,,,,,,0,-1.2
influencer,INFLUENCER360r2,INF_2,,HHN,60,,pct_yes,,,,,5.6,5.6,,,,,,,,0,1.44
influencer,INFLUENCER360r2,INF_2,,MFL,69,,pct_yes,,,,,1.3,1.3,,,,,,,,0,-0.49
influencer,INFLUENCER360r2,INF_2,,VS,67,,pct_yes,,,,,1.7,1.7,,,,,,,,0,0.39
influencer,INFLUENCER360r2,INF_2,,UCP,69,,pct_yes,,,,,0.5,0.5,,,,,,,,0,1.18
influencer,INFLUENCER360r2,INF_2,,FJP,72,,pct_yes,,,,,14.6,14.6,,,,,,,,2,2.73
influencer,INFLUENCER360r2,INF_2,,HCP,70,,pct_yes,,,,,0.3,0.3,,,,,,,,0,-0.5
influencer,INFLUENCER360r2,INF_2,,HAD,65,,pct_yes,,,,,7.0,7.0,,,,,,,,0,-0.42
influencer,INFLUENCER360r2,INF_2,,HCI,67,,pct_yes,,,,,0.0,0.0,,,,,,,,0,-1.3
influencer,INFLUENCER360r2,INF_2,,GHI,71,,pct_yes,,,,,0.0,0.0,,,,,,,,0,-1.34
influencer,INFLUENCER360r3,INF_3,,TOTAL,1044,,pct_yes,,,,,2.5,2.5,,,,,,,,0,0.0
influencer,INFLUENCER360r3,INF_3,,TSP,64,,pct_yes,,,,,8.1,8.1,,,,,,,,2,3.04
influencer,INFLUENCER360r3,INF_3,,CEC,68,,pct_yes,,,,,0.0,0.0,,,,,,,,0,-1.31
influencer,INFLUENCER360r3,INF_3,,TC,69,,pct_yes,,,,,3.7,3.7,,,,,,,,0,-0.49
influencer,INFLUENCER360r3,INF_3,,HF,43,,pct_yes,,,,,13.6,13.6,,,,,,,,2,3.13
influencer,INFLUENCER360r3,INF_3,,PP,62,,pct_yes,,,,,0.0,0.0,,,,,,,,0,-1.25
influencer,INFLUENCER360r3,INF_3,,WE,70,,pct_yes,,,,,0.6,0.6,,,,,,,,0,-0.5
influencer,INFLUENCER360r3,INF_3,,PFF,58,,pct_yes,,,,,0.0,0.0,,,,,,,,0,-1.2
influencer,INFLUENCER360r3,INF_3,,HHN,60,,pct_yes,,,,,12.5,12.5,,,,,,,,1,2.33
influencer,INFLUENCER360r3,INF_3,,MFL,69,,pct_yes,,,,,2.2,2.2,,,,,,,,0,0.34
influencer,INFLUENCER360r3,INF_3,,VS,67,,pct_yes,,,,,0.0,0.0,,,,,,,,0,-1.3
influencer,INFLUENCER360r3,INF_3,,UCP,69,,pct_yes,,,,,0.0,0.0,,,,,,,,0,-1.32
influencer,INFLUENCER360r3,INF_3,,FJP,72,,pct_yes,,,,,5.9,5.9,,,,,,,,0,0.28
influencer,INFLUENCER360r3,INF_3,,HCP,70,,pct_yes,,,,,0.0,0.0,,,,,,,,0,-1.33
influencer,INFLUENCER360r3,INF_3,,HAD,65,,pct_yes,,,,,7.3,7.3,,,,,,,,0,0.43
influencer,INFLUENCER360r3,INF_3,,HCI,67,,pct_yes,,,,,0.0,0.0,,,,,,,,0,-1.3
influencer,INFLUENCER360r3,INF_3,,GHI,71,,pct_yes,,,,,1.0,1.0,,,,,,,,0,1.12
influencer,INFLUENCER360r4,INF_4,,TOTAL,1044,,pct_yes,,,,,35.1,35.1,,,,,,,,0,0.0
influencer,INFLUENCER360r4,INF_4,,TSP,64,,pct_yes,,,,,24.8,24.8,,,,,,,,0,-0.9
influencer,INFLUENCER360r4,INF_4,,CEC,68,,pct_yes,,,,,17.1,17.1,,,,,,,,2,-3.08
influencer,INFLUENCER360r4,INF_4,,TC,69,,pct_yes,,,,,51.1,51.1,,,,,,,,1,2.08
influencer,INFLUENCER360r4,INF_4,,HF,43,,pct_yes,,,,,42.2,42.2,,,,,,,,0,0.66
influencer,INFLUENCER360r4,INF_4,,PP,62,,pct_yes,,,,,17.1,17.1,,,,,,,,0,-1.82
influencer,INFLUENCER360r4,INF_4,,WE,70,,pct_yes,,,,,30.5,30.5,,,,,,,,0,-0.11
influencer,INFLUENCER360r4,INF_4,,PFF,58,,pct_yes,,,,,28.8,28.8,,,,,,,,0,-0.06
influencer,INFLUENCER360r4,INF_4,,HHN,60,,pct_yes,,,,,24.4,24.4,,,,,,,,0,-1.93
influencer,INFLUENCER360r4,INF_4,,MFL,69,,pct_yes,,,,,19.8,19.8,,,,,,,,1,-2.37
influencer,INFLUENCER360r4,INF_4,,VS,67,,pct_yes,,,,,20.2,20.2,,,,,,,,0,-1.42
influencer,INFLUENCER360r4,INF_4,,UCP,69,,pct_yes,,,,,50.5,50.5,,,,,,,,2,3.12
influencer,INFLUENCER360r4,INF_4,,FJP,72,,pct_yes,,,,,47.6,47.6,,,,,,,,1,2.54
influencer,INFLUENCER360r4,INF_4,,HCP,70,,pct_yes,,,,,32.2,32.2,,,,,,,,0,0.41
influencer,INFLUENCER360r4,INF_4,,HAD,65,,pct_yes,,,,,24.3,24.3,,,,,,,,0,-1.52
influencer,INFLUENCER360r4,INF_4,,HCI,67,,pct_yes,,,,,36.6,36.6,,,,,,,,0,1.23
influencer,INFLUENCER360r4,INF_4,,GHI,71,,pct_yes,,,,,48.4,48.4,,,,,,,,2,2.9
influencer,INFLUENCER360r5,INF_5,,TOTAL,1044,,pct_yes,,,,,4.7,4.7,,,,,,,,0,0.0
influencer,INFLUENCER360r5,INF_5,,TSP,64,,pct_yes,,,,,5.0,5.0,,,,,,,,0,0.28
influencer,INFLUENCER360r5,INF_5,,CEC,68,,pct_yes,,,,,0.0,0.0,,,,,,,,0,-1.75
influencer,INFLUENCER360r5,INF_5,,TC,69,,pct_yes,,,,,6.4,6.4,,,,,,,,0,0.14
influencer,INFLUENCER360r5,INF_5,,HF,43,,pct_yes,,,,,16.1,16.1,,,,,,,,0,1.8
influencer,INFLUENCER360r5,INF_5,,PP,62,,pct_yes,,,,,3.1,3.1,,,,,,,,0,0.34
influencer,INFLUENCER360r5,INF_5,,WE,70,,pct_yes,,,,,7.8,7.8,,,,,,,,0,1.38
influencer,INFLUENCER360r5,INF_5,,PFF,58,,pct_yes,,,,,3.3,3.3,,,,,,,,0,-0.92
influencer,INFLUENCER360r5,INF_5,,HHN,60,,pct_yes,,,,,10.3,10.3,,,,,,,,0,1.75
influencer,INFLUENCER360r5,INF_5,,MFL,69,,pct_yes,,,,,0.0,0.0,,,,,,,,0,-1.76
influencer,INFLUENCER360r5,INF_5,,VS,67,,pct_yes,,,,,5.4,5.4,,,,,,,,0,0.2
influencer,INFLUENCER360r5,INF_5,,UCP,69,,pct_yes,,,,,0.0,0.0,,,,,,,,0,-1.76
influencer,INFLUENCER360r5,INF_5,,FJP,72,,pct_yes,,,,,7.9,7.9,,,,,,,,0,0.69
influencer,INFLUENCER360r5,INF_5,,HCP,70,,pct_yes,,,,,7.7,7.7,,,,,,,,0,-0.51
influencer,INFLUENCER360r5,INF_5,,HAD,65,,pct_yes,,,,,7.5,7.5,,,,,,,,0,0.25
influencer,INFLUENCER360r5,INF_5,,HCI,67,,pct_yes,,,,,1.5,1.5,,,,,,,,0,-1.09
influencer,INFLUENCER360r5,INF_5,,GHI,71,,pct_yes,,,,,2.1,2.1,,,,,,,,0,1.34
influencer,INFLUENCER360r6,INF_6,,TOTAL,1044,,pct_yes,,,,,5.4,5.4,,,,,,,,0,0.0
influencer,INFLUENCER360r6,INF_6,,TSP,64,,pct_yes,,,,,4.5,4.5,,,,,,,,0,1.46
influencer,INFLUENCER360r6,INF_6,,CEC,68,,pct_yes,,,,,0.0,0.0,,,,,,,,0,-1.54
influencer,INFLUENCER360r6,INF_6,,TC,69,,pct_yes,,,,,1.4,1.4,,,,,,,,0,-0.84
influencer,INFLUENCER360r6,INF_6,,HF,43,,pct_yes,,,,,14.0,14.0,,,,,,,,1,2.35
influencer,INFLUENCER360r6,INF_6,,PP,62,,pct_yes,,,,,1.8,1.8,,,,,,,,0,0.03
influencer,INFLUENCER360r6,INF_6,,WE,70,,pct_yes,,,,,4.9,4.9,,,,,,,,0,0.56
influencer,INFLUENCER360r6,INF_6,,PFF,58,,pct_yes,,,,,6.7,6.7,,,,,,,,0,0.13
influencer,INFLUENCER360r6,INF_6,,HHN,60,,pct_yes,,,,,0.7,0.7,,,,,,,,0,-0.68
influencer,INFLUENCER360r6,INF_6,,MFL,69,,pct_yes,,,,,2.9,2.9,,,,,,,,0,-0.84
influencer,INFLUENCER360r6,INF_6,,VS,67,,pct_yes,,,,,1.3,1.3,,,,,,,,0,-0.81
influencer,INFLUENCER360r6,INF_6,,UCP,69,,pct_yes,,,,,5.5,5.5,,,,,,,,0,-0.13
influencer,INFLUENCER360r6,INF_6,,FJP,72,,pct_yes,,,,,7.7,7.7,,,,,,,,0,0.51
influencer,INFLUENCER360r6,INF_6,,HCP,70,,pct_yes,,,,,15.1,15.1,,,,,,,,0,0.56
influencer,INFLUENCER360r6,INF_6,,HAD,65,,pct_yes,,,,,7.0,7.0,,,,,,,,0,0.69
influencer,INFLUENCER360r6,INF_6,,HCI,67,,pct_yes,,,,,1.5,1.5,,,,,,,,0,-0.81
influencer,INFLUENCER360r6,INF_6,,GHI,71,,pct_yes,,,,,5.9,5.9,,,,,,,,0,-0.17
influencer,INFLUENCER360r7,INF_7,,TOTAL,1044,,pct_yes,,,,,13.4,13.4,,,,,,,,0,0.0
influencer,INFLUENCER360r7,INF_7,,TSP,64,,pct_yes,,,,,19.5,19.5,,,,,,,,0,1.07
influencer,INFLUENCER360r7,INF_7,,CEC,68,,pct_yes,,,,,7.1,7.1,,,,,,,,0,-1.02
influencer,INFLUENCER360r7,INF_7,,TC,69,,pct_yes,,,,,22.9,22.9,,,,,,,,0,1.17
influencer,INFLUENCER360r7,INF_7,,HF,43,,pct_yes,,,,,19.6,19.6,,,,,,,,0,0.69
influencer,INFLUENCER360r7,INF_7,,PP,62,,pct_yes,,,,,6.3,6.3,,,,,,,,0,-1.16
influencer,INFLUENCER360r7,INF_7,,WE,70,,pct_yes,,,,,15.4,15.4,,,,,,,,0,0.75
influencer,INFLUENCER360r7,INF_7,,PFF,58,,pct_yes,,,,,17.7,17.7,,,,,,,,0,0.63
influencer,INFLUENCER360r7,INF_7,,HHN,60,,pct_yes,,,,,10.2,10.2,,,,,,,,0,-0.68
influencer,INFLUENCER360r7,INF_7,,MFL,69,,pct_yes,,,,,8.8,8.8,,,,,,,,0,-1.06
influencer,INFLUENCER360r7,INF_7,,VS,67,,pct_yes,,,,,10.7,10.7,,,,,,,,0,-0.98
influencer,INFLUENCER360r7,INF_7,,UCP,69,,pct_yes,,,,,18.0,18.0,,,,,,,,0,1.17
influencer,INFLUENCER360r7,INF_7,,FJP,72,,pct_yes,,,,,13.4,13.4,,,,,,,,0,1.01
influencer,INFLUENCER360r7,INF_7,,HCP,70,,pct_yes,,,,,8.1,8.1,,,,,,,,0,0.38
influencer,INFLUENCER360r7,INF_7,,HAD,65,,pct_yes,,,,,15.9,15.9,,,,,,,,0,0.25
influencer,INFLUENCER360r7,INF_7,,HCI,67,,pct_yes,,,,,15.6,15.6,,,,,,,,0,-0.98
influencer,INFLUENCER360r7,INF_7,,GHI,71,,pct_yes,,,,,7.8,7.8,,,,,,,,0,-1.14
influencer,INFLUENCER360r8,INF_8,,TOTAL,1044,,pct_yes,,,,,6.0,6.0,,,,,,,,0,0.0
influencer,INFLUENCER360r8,INF_8,,TSP,64,,pct_yes,,,,,11.2,11.2,,,,,,,,1,2.5
influencer,INFLUENCER360r8,INF_8,,CEC,68,,pct_yes,,,,,1.3,1.3,,,,,,,,0,-1.27
influencer,INFLUENCER360r8,INF_8,,TC,69,,pct_yes,,,,,9.6,9.6,,,,,,,,0,1.09
influencer,INFLUENCER360r8,INF_8,,HF,43,,pct_yes,,,,,10.2,10.2,,,,,,,,0,0.76
influencer,INFLUENCER360r8,INF_8,,PP,62,,pct_yes,,,,,1.1,1.1,,,,,,,,0,-1.16
influencer,INFLUENCER360r8,INF_8,,WE,70,,pct_yes,,,,,1.9,1.9,,,,,,,,0,-0.72
influencer,INFLUENCER360r8,INF_8,,PFF,58,,pct_yes,,,,,0.0,0.0,,,,,,,,0,-1.72
influencer,INFLUENCER360r8,INF_8,,HHN,60,,pct_yes,,,,,12.5,12.5,,,,,,,,0,0.79
influencer,INFLUENCER360r8,INF_8,,MFL,69,,pct_yes,,,,,0.0,0.0,,,,,,,,0,-1.89
influencer,INFLUENCER360r8,INF_8,,VS,67,,pct_yes,,,,,0.8,0.8,,,,,,,,0,-1.25
influencer,INFLUENCER360r8,INF_8,,UCP,69,,pct_yes,,,,,5.3,5.3,,,,,,,,0,1.09
influencer,INFLUENCER360r8,INF_8,,FJP,72,,pct_yes,,,,,11.6,11.6,,,,,,,,1,2.15
influencer,INFLUENCER360r8,INF_8,,HCP,70,,pct_yes,,,,,0.7,0.7,,,,,,,,0,-0.72
influencer,INFLUENCER360r8,INF_8,,HAD,65,,pct_yes,,,,,20.1,20.1,,,,,,,,0,0.01
influencer,INFLUENCER360r8,INF_8,,HCI,67,,pct_yes,,,,,0.9,0.9,,,,,,,,0,-0.05
influencer,INFLUENCER360r8,INF_8,,GHI,71,,pct_yes,,,,,7.4,7.4,,,,,,,,0,0.43
influencer,INFLUENCER360r9,INF_9,,TOTAL,1044,,pct_yes,,,,,2.9,2.9,,,,,,,,0,0.0
influencer,INFLUENCER360r9,INF_9,,TSP,64,,pct_yes,,,,,3.4,3.4,,,,,,,,0,1.48
influencer,INFLUENCER360r9,INF_9,,CEC,68,,pct_yes,,,,,0.0,0.0,,,,,,,,0,-1.25
influencer,INFLUENCER360r9,INF_9,,TC,69,,pct_yes,,,,,3.7,3.7,,,,,,,,0,-0.39
influencer,INFLUENCER360r9,INF_9,,HF,43,,pct_yes,,,,,6.3,6.3,,,,,,,,0,1.19
influencer,INFLUENCER360r9,INF_9,,PP,62,,pct_yes,,,,,0.0,0.0,,,,,,,,0,-1.19
influencer,INFLUENCER360r9,INF_9,,WE,70,,pct_yes,,,,,2.3,2.3,,,,,,,,0,-0.41
influencer,INFLUENCER360r9,INF_9,,PFF,58,,pct_yes,,,,,3.6,3.6,,,,,,,,0,-0.21
influencer,INFLUENCER360r9,INF_9,,HHN,60,,pct_yes,,,,,11.4,11.4,,,,,,,,0,1.61
influencer,INFLUENCER360r9,INF_9,,MFL,69,,pct_yes,,,,,4.4,4.4,,,,,,,,0,0.47
influencer,INFLUENCER360r9,INF_9,,VS,67,,pct_yes,,,,,1.8,1.8,,,,,,,,0,-0.36
influencer,INFLUENCER360r9,INF_9,,UCP,69,,pct_yes,,,,,0.4,0.4,,,,,,,,0,0.47
influencer,INFLUENCER360r9,INF_9,,FJP,72,,pct_yes,,,,,7.7,7.7,,,,,,,,0,1.26
influencer,INFLUENCER360r9,INF_9,,HCP,70,,pct_yes,,,,,0.2,0.2,,,,,,,,0,-0.41
influencer,INFLUENCER360r9,INF_9,,HAD,65,,pct_yes,,,,,7.0,7.0,,,,,,,,0,-0.33
influencer,INFLUENCER360r9,INF_9,,HCI,67,,pct_yes,,,,,0.0,0.0,,,,,,,,0,-1.24
influencer,INFLUENCER360r9,INF_9,,GHI,71,,pct_yes,,,,,0.6,0.6,,,,,,,,0,-0.42
influencer,INFLUENCER360r10,INF_10,,TOTAL,1044,,pct_yes,,,,,8.0,8.0,,,,,,,,0,0.0
influencer,INFLUENCER360r10,INF_10,,TSP,64,,pct_yes,,,,,5.7,5.7,,,,,,,,0,-0.11
influencer,INFLUENCER360r10,INF_10,,CEC,68,,pct_yes,,,,,1.0,1.0,,,,,,,,0,-1.38
influencer,INFLUENCER360r10,INF_10,,TC,69,,pct_yes,,,,,1.4,1.4,,,,,,,,0,-1.4
influencer,INFLUENCER360r10,INF_10,,HF,43,,pct_yes,,,,,15.8,15.8,,,,,,,,1,2.05
influencer,INFLUENCER360r10,INF_10,,PP,62,,pct_yes,,,,,2.3,2.3,,,,,,,,0,-0.65
influencer,INFLUENCER360r10,INF_10,,WE,70,,pct_yes,,,,,3.2,3.2,,,,,,,,0,-0.28
influencer,INFLUENCER360r10,INF_10,,PFF,58,,pct_yes,,,,,4.8,4.8,,,,,,,,0,0.07
influencer,INFLUENCER360r10,INF_10,,HHN,60,,pct_yes,,,,,9.6,9.6,,,,,,,,0,0.62
influencer,INFLUENCER360r10,INF_10,,MFL,69,,pct_yes,,,,,0.0,0.0,,,,,,,,1,-1.97
influencer,INFLUENCER360r10,INF_10,,VS,67,,pct_yes,,,,,1.0,1.0,,,,,,,,0,-1.36
influencer,INFLUENCER360r10,INF_10,,UCP,69,,pct_yes,,,,,14.2,14.2,,,,,,,,2,2.61
influencer,INFLUENCER360r10,INF_10,,FJP,72,,pct_yes,,,,,19.5,19.5,,,,,,,,1,2.48
influencer,INFLUENCER360r10,INF_10,,HCP,70,,pct_yes,,,,,0.7,0.7,,,,,,,,0,-0.85
influencer,INFLUENCER360r10,INF_10,,HAD,65,,pct_yes,,,,,21.8,21.8,,,,,,,,0,1.63
influencer,INFLUENCER360r10,INF_10,,HCI,67,,pct_yes,,,,,4.3,4.3,,,,,,,,0,-0.2
influencer,INFLUENCER360r10,INF_10,,GHI,71,,pct_yes,,,,,8.0,8.0,,,,,,,,0,-0.87
influencer,INFLUENCER360r11,INF_11,,TOTAL,1044,,pct_yes,,,,,7.6,7.6,,,,,,,,0,0.0
influencer,INFLUENCER360r11,INF_11,,TSP,64,,pct_yes,,,,,20.8,20.8,,,,,,,,2,3.11
influencer,INFLUENCER360r11,INF_11,,CEC,68,,pct_yes,,,,,0.0,0.0,,,,,,,,1,-2.57
influencer,INFLUENCER360r11,INF_11,,TC,69,,pct_yes,,,,,11.7,11.7,,,,,,,,0,-0.79
influencer,INFLUENCER360r11,INF_11,,HF,43,,pct_yes,,,,,28.2,28.2,,,,,,,,2,3.05
influencer,INFLUENCER360r11,INF_11,,PP,62,,pct_yes,,,,,5.4,5.4,,,,,,,,0,-0.55
influencer,INFLUENCER360r11,INF_11,,WE,70,,pct_yes,,,,,2.9,2.9,,,,,,,,0,-1.72
influencer,INFLUENCER360r11,INF_11,,PFF,58,,pct_yes,,,,,9.7,9.7,,,,,,,,0,0.57
influencer,INFLUENCER360r11,INF_11,,HHN,60,,pct_yes,,,,,14.8,14.8,,,,,,,,0,-0.48
influencer,INFLUENCER360r11,INF_11,,MFL,69,,pct_yes,,,,,6.8,6.8,,,,,,,,0,0.56
influencer,INFLUENCER360r11,INF_11,,VS,67,,pct_yes,,,,,17.8,17.8,,,,,,,,0,1.1
influencer,INFLUENCER360r11,INF_11,,UCP,69,,pct_yes,,,,,1.6,1.6,,,,,,,,0,0.56
influencer,INFLUENCER360r11,INF_11,,FJP,72,,pct_yes,,,,,18.3,18.3,,,,,,,,2,2.65
influencer,INFLUENCER360r11,INF_11,,HCP,70,,pct_yes,,,,,0.9,0.9,,,,,,,,0,-1.27
influencer,INFLUENCER360r11,INF_11,,HAD,65,,pct_yes,,,,,13.5,13.5,,,,,,,,0,-0.66
influencer,INFLUENCER360r11,INF_11,,HCI,67,,pct_yes,,,,,0.3,0.3,,,,,,,,1,-2.09
influencer,INFLUENCER360r11,INF_11,,GHI,71,,pct_yes,,,,,1.1,1.1,,,,,,,,0,-0.85
influencer,INFLUENCER360r12,INF_12,,TOTAL,1044,,pct_yes,,,,,10.1,10.1,,,,,,,,0,0.0
influencer,INFLUENCER360r12,INF_12,,TSP,64,,pct_yes,,,,,10.9,10.9,,,,,,,,0,1.91
influencer,INFLUENCER360r12,INF_12,,CEC,68,,pct_yes,,,,,1.7,1.7,,,,,,,,0,-1.78
influencer,INFLUENCER360r12,INF_12,,TC,69,,pct_yes,,,,,8.7,8.7,,,,,,,,0,-0.31
influencer,INFLUENCER360r12,INF_12,,HF,43,,pct_yes,,,,,17.4,17.4,,,,,,,,0,1.32
influencer,INFLUENCER360r12,INF_12,,PP,62,,pct_yes,,,,,3.6,3.6,,,,,,,,0,-0.61
influencer,INFLUENCER360r12,INF_12,,WE,70,,pct_yes,,,,,1.9,1.9,,,,,,,,0,-1.83
influencer,INFLUENCER360r12,INF_12,,PFF,58,,pct_yes,,,,,10.4,10.4,,,,,,,,0,0.6
influencer,INFLUENCER360r12,INF_12,,HHN,60,,pct_yes,,,,,9.4,9.4,,,,,,,,0,-0.54
influencer,INFLUENCER360r12,INF_12,,MFL,69,,pct_yes,,,,,6.1,6.1,,,,,,,,0,-0.31
influencer,INFLUENCER360r12,INF_12,,VS,67,,pct_yes,,,,,7.3,7.3,,,,,,,,0,0.26
influencer,INFLUENCER360r12,INF_12,,UCP,69,,pct_yes,,,,,22.9,22.9,,,,,,,,1,2.18
influencer,INFLUENCER360r12,INF_12,,FJP,72,,pct_yes,,,,,14.1,14.1,,,,,,,,0,1.06
influencer,INFLUENCER360r12,INF_12,,HCP,70,,pct_yes,,,,,12.2,12.2,,,,,,,,0,0.15
influencer,INFLUENCER360r12,INF_12,,HAD,65,,pct_yes,,,,,13.3,13.3,,,,,,,,0,-0.7
influencer,INFLUENCER360r12,INF_12,,HCI,67,,pct_yes,,,,,8.0,8.0,,,,,,,,0,-0.25
influencer,INFLUENCER360r12,INF_12,,GHI,71,,pct_yes,,,,,6.5,6.5,,,,,,,,0,-0.87
influencer,INFLUENCER360r13,INF_13,,TOTAL,1044,,pct_yes,,,,,11.4,11.4,,,,,,,,0,0.0
influencer,INFLUENCER360r13,INF_13,,TSP,64,,pct_yes,,,,,12.6,12.6,,,,,,,,0,-0.1
influencer,INFLUENCER360r13,INF_13,,CEC,68,,pct_yes,,,,,4.4,4.4,,,,,,,,0,-1.46
influencer,INFLUENCER360r13,INF_13,,TC,69,,pct_yes,,,,,6.8,6.8,,,,,,,,0,-0.71
influencer,INFLUENCER360r13,INF_13,,HF,43,,pct_yes,,,,,29.0,29.0,,,,,,,,1,2.04
influencer,INFLUENCER360r13,INF_13,,PP,62,,pct_yes,,,,,8.7,8.7,,,,,,,,0,-0.83
influencer,INFLUENCER360r13,INF_13,,WE,70,,pct_yes,,,,,5.2,5.2,,,,,,,,0,-1.14
influencer,INFLUENCER360r13,INF_13,,PFF,58,,pct_yes,,,,,8.6,8.6,,,,,,,,0,-1.09
influencer,INFLUENCER360r13,INF_13,,HHN,60,,pct_yes,,,,,4.7,4.7,,,,,,,,0,-0.75
influencer,INFLUENCER360r13,INF_13,,MFL,69,,pct_yes,,,,,4.6,4.6,,,,,,,,0,-1.89
influencer,INFLUENCER360r13,INF_13,,VS,67,,pct_yes,,,,,7.9,7.9,,,,,,,,0,-1.43
influencer,INFLUENCER360r13,INF_13,,UCP,69,,pct_yes,,,,,15.6,15.6,,,,,,,,0,0.87
influencer,INFLUENCER360r13,INF_13,,FJP,72,,pct_yes,,,,,29.0,29.0,,,,,,,,2,4.19
influencer,INFLUENCER360r13,INF_13,,HCP,70,,pct_yes,,,,,20.0,20.0,,,,,,,,0,0.82
influencer,INFLUENCER360r13,INF_13,,HAD,65,,pct_yes,,,,,8.2,8.2,,,,,,,,0,-0.54
influencer,INFLUENCER360r13,INF_13,,HCI,67,,pct_yes,,,,,1.7,1.7,,,,,,,,0,-0.63
influencer,INFLUENCER360r13,INF_13,,GHI,71,,pct_yes,,,,,9.8,9.8,,,,,,,,2,2.71
influencer,INFLUENCER360r14,INF_14,,TOTAL,1044,,pct_yes,,,,,3.8,3.8,,,,,,,,0,0.0
influencer,INFLUENCER360r14,INF_14,,TSP,64,,pct_yes,,,,,9.7,9.7,,,,,,,,1,2.5
influencer,INFLUENCER360r14,INF_14,,CEC,68,,pct_yes,,,,,0.0,0.0,,,,,,,,0,-1.87
influencer,INFLUENCER360r14,INF_14,,TC,69,,pct_yes,,,,,6.7,6.7,,,,,,,,0,-0.1
influencer,INFLUENCER360r14,INF_14,,HF,43,,pct_yes,,,,,21.3,21.3,,,,,,,,2,2.99
influencer,INFLUENCER360r14,INF_14,,PP,62,,pct_yes,,,,,6.7,6.7,,,,,,,,0,0.09
influencer,INFLUENCER360r14,INF_14,,WE,70,,pct_yes,,,,,0.6,0.6,,,,,,,,0,-1.31
influencer,INFLUENCER360r14,INF_14,,PFF,58,,pct_yes,,,,,5.8,5.8,,,,,,,,0,-0.43
influencer,INFLUENCER360r14,INF_14,,HHN,60,,pct_yes,,,,,7.7,7.7,,,,,,,,0,0.79
influencer,INFLUENCER360r14,INF_14,,MFL,69,,pct_yes,,,,,4.3,4.3,,,,,,,,0,-0.7
influencer,INFLUENCER360r14,INF_14,,VS,67,,pct_yes,,,,,4.5,4.5,,,,,,,,0,-0.65
influencer,INFLUENCER360r14,INF_14,,UCP,69,,pct_yes,,,,,5.8,5.8,,,,,,,,0,0.49
influencer,INFLUENCER360r14,INF_14,,FJP,72,,pct_yes,,,,,2.5,2.5,,,,,,,,0,1.57
influencer,INFLUENCER360r14,INF_14,,HCP,70,,pct_yes,,,,,1.9,1.9,,,,,,,,0,-0.13
influencer,INFLUENCER360r14,INF_14,,HAD,65,,pct_yes,,,,,6.5,6.5,,,,,,,,0,0.01
influencer,INFLUENCER360r14,INF_14,,HCI,67,,pct_yes,,,,,0.3,0.3,,,,,,,,0,-1.25
influencer,INFLUENCER360r14,INF_14,,GHI,71,,pct_yes,,,,,0.2,0.2,,,,,,,,0,-1.33
influencer,LOWINFr1,L1_PETITION,,TOTAL,1044,,pct_yes,,,,,36.0,36.0,,,,,,,,0,0.0
influencer,LOWINFr1,L1_PETITION,,TSP,64,,pct_yes,,,,,30.3,30.3,,,,,,,,0,-0.72
influencer,LOWINFr1,L1_PETITION,,CEC,68,,pct_yes,,,,,17.0,17.0,,,,,,,,2,-2.65
influencer,LOWINFr1,L1_PETITION,,TC,69,,pct_yes,,,,,20.9,20.9,,,,,,,,0,-1.93
influencer,LOWINFr1,L1_PETITION,,HF,43,,pct_yes,,,,,32.0,32.0,,,,,,,,0,-0.51
influencer,LOWINFr1,L1_PETITION,,PP,62,,pct_yes,,,,,24.1,24.1,,,,,,,,0,-0.82
influencer,LOWINFr1,L1_PETITION,,WE,70,,pct_yes,,,,,30.3,30.3,,,,,,,,0,-0.96
influencer,LOWINFr1,L1_PETITION,,PFF,58,,pct_yes,,,,,42.3,42.3,,,,,,,,0,0.4
influencer,LOWINFr1,L1_PETITION,,HHN,60,,pct_yes,,,,,29.3,29.3,,,,,,,,0,-0.36
influencer,LOWINFr1,L1_PETITION,,MFL,69,,pct_yes,,,,,26.4,26.4,,,,,,,,0,-0.88
influencer,LOWINFr1,L1_PETITION,,VS,67,,pct_yes,,,,,37.2,37.2,,,,,,,,0,0.89
influencer,LOWINFr1,L1_PETITION,,UCP,69,,pct_yes,,,,,72.7,72.7,,,,,,,,2,4.92
influencer,LOWINFr1,L1_PETITION,,FJP,72,,pct_yes,,,,,40.7,40.7,,,,,,,,0,1.72
influencer,LOWINFr1,L1_PETITION,,HCP,70,,pct_yes,,,,,23.1,23.1,,,,,,,,0,0.35
influencer,LOWINFr1,L1_PETITION,,HAD,65,,pct_yes,,,,,44.1,44.1,,,,,,,,0,-0.26
influencer,LOWINFr1,L1_PETITION,,HCI,67,,pct_yes,,,,,33.8,33.8,,,,,,,,0,-1.24
influencer,LOWINFr1,L1_PETITION,,GHI,71,,pct_yes,,,,,31.5,31.5,,,,,,,,0,1.82
influencer,LOWINFr2,L1_MEETING,,TOTAL,1044,,pct_yes,,,,,12.4,12.4,,,,,,,,0,0.0
influencer,LOWINFr2,L1_MEETING,,TSP,64,,pct_yes,,,,,22.2,22.2,,,,,,,,1,2.25
influencer,LOWINFr2,L1_MEETING,,CEC,68,,pct_yes,,,,,4.7,4.7,,,,,,,,0,-1.52
influencer,LOWINFr2,L1_MEETING,,TC,69,,pct_yes,,,,,11.0,11.0,,,,,,,,0,-1.17
influencer,LOWINFr2,L1_MEETING,,HF,43,,pct_yes,,,,,20.2,20.2,,,,,,,,0,0.98
influencer,LOWINFr2,L1_MEETING,,PP,62,,pct_yes,,,,,4.4,4.4,,,,,,,,0,-1.71
influencer,LOWINFr2,L1_MEETING,,WE,70,,pct_yes,,,,,3.8,3.8,,,,,,,,1,-1.98
influencer,LOWINFr2,L1_MEETING,,PFF,58,,pct_yes,,,,,11.2,11.2,,,,,,,,0,-0.3
influencer,LOWINFr2,L1_MEETING,,HHN,60,,pct_yes,,,,,24.2,24.2,,,,,,,,0,1.27
influencer,LOWINFr2,L1_MEETING,,MFL,69,,pct_yes,,,,,11.1,11.1,,,,,,,,0,0.0
influencer,LOWINFr2,L1_MEETING,,VS,67,,pct_yes,,,,,9.2,9.2,,,,,,,,0,-1.49
influencer,LOWINFr2,L1_MEETING,,UCP,69,,pct_yes,,,,,12.7,12.7,,,,,,,,0,0.39
influencer,LOWINFr2,L1_MEETING,,FJP,72,,pct_yes,,,,,25.2,25.2,,,,,,,,1,2.16
influencer,LOWINFr2,L1_MEETING,,HCP,70,,pct_yes,,,,,13.7,13.7,,,,,,,,0,-0.43
influencer,LOWINFr2,L1_MEETING,,HAD,65,,pct_yes,,,,,16.1,16.1,,,,,,,,0,0.19
influencer,LOWINFr2,L1_MEETING,,HCI,67,,pct_yes,,,,,6.3,6.3,,,,,,,,0,0.09
influencer,LOWINFr2,L1_MEETING,,GHI,71,,pct_yes,,,,,10.9,10.9,,,,,,,,0,1.45
influencer,LOWINFr3,L1_DONATION,,TOTAL,1044,,pct_yes,,,,,23.5,23.5,,,,,,,,0,0.0
influencer,LOWINFr3,L1_DONATION,,TSP,64,,pct_yes,,,,,21.7,21.7,,,,,,,,0,0.85
influencer,LOWINFr3,L1_DONATION,,CEC,68,,pct_yes,,,,,8.7,8.7,,,,,,,,0,-1.64
influencer,LOWINFr3,L1_DONATION,,TC,69,,pct_yes,,,,,15.0,15.0,,,,,,,,0,-1.37
influencer,LOWINFr3,L1_DONATION,,HF,43,,pct_yes,,,,,35.0,35.0,,,,,,,,0,1.85
influencer,LOWINFr3,L1_DONATION,,PP,62,,pct_yes,,,,,4.8,4.8,,,,,,,,2,-2.65
influencer,LOWINFr3,L1_DONATION,,WE,70,,pct_yes,,,,,18.5,18.5,,,,,,,,0,-0.48
influencer,LOWINFr3,L1_DONATION,,PFF,58,,pct_yes,,,,,19.4,19.4,,,,,,,,0,-0.42
influencer,LOWINFr3,L1_DONATION,,HHN,60,,pct_yes,,,,,25.1,25.1,,,,,,,,0,0.47
influencer,LOWINFr3,L1_DONATION,,MFL,69,,pct_yes,,,,,10.9,10.9,,,,,,,,0,-1.69
influencer,LOWINFr3,L1_DONATION,,VS,67,,pct_yes,,,,,10.4,10.4,,,,,,,,0,-1.91
influencer,LOWINFr3,L1_DONATION,,UCP,69,,pct_yes,,,,,45.9,45.9,,,,,,,,2,4.3
influencer,LOWINFr3,L1_DONATION,,FJP,72,,pct_yes,,,,,38.7,38.7,,,,,,,,2,3.73
influencer,LOWINFr3,L1_DONATION,,HCP,70,,pct_yes,,,,,13.9,13.9,,,,,,,,0,-1.11
influencer,LOWINFr3,L1_DONATION,,HAD,65,,pct_yes,,,,,24.9,24.9,,,,,,,,0,-0.51
influencer,LOWINFr3,L1_DONATION,,HCI,67,,pct_yes,,,,,20.4,20.4,,,,,,,,0,-1.59
influencer,LOWINFr3,L1_DONATION,,GHI,71,,pct_yes,,,,,27.7,27.7,,,,,,,,1,2.26
influencer,QTOT_FOLLOWERS,followers=None — no social media,,TOTAL,347,268.6,pct,,,,,33.2,,,,,,,,,0,0.0
influencer,QTOT_FOLLOWERS,followers=None — no social media,,TSP,8,1.9,pct,,,,,12.5,,,,,,,,,2,-3.63
influencer,QTOT_FOLLOWERS,followers=None — no social media,,CEC,35,30.8,pct,,,,,51.5,,,,,,,,,2,3.3
influencer,QTOT_FOLLOWERS,followers=None — no social media,,TC,38,31.2,pct,,,,,55.1,,,,,,,,,2,3.98
influencer,QTOT_FOLLOWERS,followers=None — no social media,,HF,8,3.1,pct,,,,,18.6,,,,,,,,,1,-2.08
influencer,QTOT_FOLLOWERS,followers=None — no social media,,PP,10,2.3,pct,,,,,16.1,,,,,,,,,2,-2.95
influencer,QTOT_FOLLOWERS,followers=None — no social media,,WE,26,28.8,pct,,,,,37.1,,,,,,,,,0,0.72
influencer,QTOT_FOLLOWERS,followers=None — no social media,,PFF,13,5.9,pct,,,,,22.4,,,,,,,,,0,-1.8
influencer,QTOT_FOLLOWERS,followers=None — no social media,,HHN,14,5.0,pct,,,,,23.3,,,,,,,,,0,-1.68
influencer,QTOT_FOLLOWERS,followers=None — no social media,,MFL,20,10.9,pct,,,,,29.0,,,,,,,,,0,-0.78
influencer,QTOT_FOLLOWERS,followers=None — no social media,,VS,13,6.7,pct,,,,,19.4,,,,,,,,,1,-2.48
influencer,QTOT_FOLLOWERS,followers=None — no social media,,UCP,15,15.0,pct,,,,,21.7,,,,,,,,,1,-2.1
influencer,QTOT_FOLLOWERS,followers=None — no social media,,FJP,24,21.6,pct,,,,,33.3,,,,,,,,,0,0.02
influencer,QTOT_FOLLOWERS,followers=None — no social media,,HCP,33,28.3,pct,,,,,47.1,,,,,,,,,1,2.56
influencer,QTOT_FOLLOWERS,followers=None — no social media,,HAD,22,23.0,pct,,,,,33.8,,,,,,,,,0,0.11
influencer,QTOT_FOLLOWERS,followers=None — no social media,,HCI,37,20.2,pct,,,,,55.2,,,,,,,,,2,3.95
influencer,QTOT_FOLLOWERS,followers=None — no social media,,GHI,31,34.1,pct,,,,,43.7,,,,,,,,,0,1.93
influencer,QTOT_FOLLOWERS,followers=1 - 500,,TOTAL,476,478.2,pct,,,,,45.6,,,,,,,,,0,0.0
influencer,QTOT_FOLLOWERS,followers=1 - 500,,TSP,27,10.0,pct,,,,,42.2,,,,,,,,,0,-0.56
influencer,QTOT_FOLLOWERS,followers=1 - 500,,CEC,26,28.7,pct,,,,,38.2,,,,,,,,,0,-1.26
influencer,QTOT_FOLLOWERS,followers=1 - 500,,TC,26,22.7,pct,,,,,37.7,,,,,,,,,0,-1.37
influencer,QTOT_FOLLOWERS,followers=1 - 500,,HF,13,6.1,pct,,,,,30.2,,,,,,,,,1,-2.07
influencer,QTOT_FOLLOWERS,followers=1 - 500,,PP,35,15.9,pct,,,,,56.5,,,,,,,,,0,1.77
influencer,QTOT_FOLLOWERS,followers=1 - 500,,WE,31,45.5,pct,,,,,44.3,,,,,,,,,0,-0.23
influencer,QTOT_FOLLOWERS,followers=1 - 500,,PFF,29,21.0,pct,,,,,50.0,,,,,,,,,0,0.69
influencer,QTOT_FOLLOWERS,followers=1 - 500,,HHN,27,11.4,pct,,,,,45.0,,,,,,,,,0,-0.1
influencer,QTOT_FOLLOWERS,followers=1 - 500,,MFL,39,32.3,pct,,,,,56.5,,,,,,,,,0,1.89
influencer,QTOT_FOLLOWERS,followers=1 - 500,,VS,37,30.4,pct,,,,,55.2,,,,,,,,,0,1.64
influencer,QTOT_FOLLOWERS,followers=1 - 500,,UCP,32,37.2,pct,,,,,46.4,,,,,,,,,0,0.14
influencer,QTOT_FOLLOWERS,followers=1 - 500,,FJP,39,56.4,pct,,,,,54.2,,,,,,,,,0,1.51
influencer,QTOT_FOLLOWERS,followers=1 - 500,,HCP,28,43.2,pct,,,,,40.0,,,,,,,,,0,-0.97
influencer,QTOT_FOLLOWERS,followers=1 - 500,,HAD,28,21.5,pct,,,,,43.1,,,,,,,,,0,-0.42
influencer,QTOT_FOLLOWERS,followers=1 - 500,,HCI,27,46.3,pct,,,,,40.3,,,,,,,,,0,-0.9
influencer,QTOT_FOLLOWERS,followers=1 - 500,,GHI,32,49.5,pct,,,,,45.1,,,,,,,,,0,-0.09
influencer,QTOT_FOLLOWERS,"followers=500 - 1,999",,TOTAL,114,146.3,pct,,,,,10.9,,,,,,,,,0,0.0
influencer,QTOT_FOLLOWERS,"followers=500 - 1,999",,TSP,12,5.9,pct,,,,,18.8,,,,,,,,,1,2.07
influencer,QTOT_FOLLOWERS,"followers=500 - 1,999",,CEC,7,8.9,pct,,,,,10.3,,,,,,,,,0,-0.17
influencer,QTOT_FOLLOWERS,"followers=500 - 1,999",,TC,4,3.7,pct,,,,,5.8,,,,,,,,,0,-1.41
influencer,QTOT_FOLLOWERS,"followers=500 - 1,999",,HF,7,5.0,pct,,,,,16.3,,,,,,,,,0,1.15
influencer,QTOT_FOLLOWERS,"followers=500 - 1,999",,PP,10,4.5,pct,,,,,16.1,,,,,,,,,0,1.36
influencer,QTOT_FOLLOWERS,"followers=500 - 1,999",,WE,5,6.6,pct,,,,,7.1,,,,,,,,,0,-1.05
influencer,QTOT_FOLLOWERS,"followers=500 - 1,999",,PFF,7,7.6,pct,,,,,12.1,,,,,,,,,0,0.29
influencer,QTOT_FOLLOWERS,"followers=500 - 1,999",,HHN,7,3.6,pct,,,,,11.7,,,,,,,,,0,0.19
influencer,QTOT_FOLLOWERS,"followers=500 - 1,999",,MFL,8,7.9,pct,,,,,11.6,,,,,,,,,0,0.19
influencer,QTOT_FOLLOWERS,"followers=500 - 1,999",,VS,11,10.8,pct,,,,,16.4,,,,,,,,,0,1.49
influencer,QTOT_FOLLOWERS,"followers=500 - 1,999",,UCP,10,32.0,pct,,,,,14.5,,,,,,,,,0,0.98
influencer,QTOT_FOLLOWERS,"followers=500 - 1,999",,FJP,7,15.5,pct,,,,,9.7,,,,,,,,,0,-0.34
influencer,QTOT_FOLLOWERS,"followers=500 - 1,999",,HCP,7,5.7,pct,,,,,10.0,,,,,,,,,0,-0.26
influencer,QTOT_FOLLOWERS,"followers=500 - 1,999",,HAD,8,16.0,pct,,,,,12.3,,,,,,,,,0,0.37
influencer,QTOT_FOLLOWERS,"followers=500 - 1,999",,HCI,1,0.2,pct,,,,,1.5,,,,,,,,,1,-2.56
influencer,QTOT_FOLLOWERS,"followers=500 - 1,999",,GHI,3,12.3,pct,,,,,4.2,,,,,,,,,0,-1.87
influencer,QTOT_FOLLOWERS,"followers=2,000 - 9,999",,TOTAL,72,84.7,pct,,,,,6.9,,,,,,,,,0,0.0
influencer,QTOT_FOLLOWERS,"followers=2,000 - 9,999",,TSP,13,6.1,pct,,,,,20.3,,,,,,,,,2,4.37
influencer,QTOT_FOLLOWERS,"followers=2,000 - 9,999",,CEC,0,0.0,pct,,,,,0.0,,,,,,,,,1,-2.32
influencer,QTOT_FOLLOWERS,"followers=2,000 - 9,999",,TC,0,0.0,pct,,,,,0.0,,,,,,,,,1,-2.34
influencer,QTOT_FOLLOWERS,"followers=2,000 - 9,999",,HF,11,7.1,pct,,,,,25.6,,,,,,,,,2,4.94
influencer,QTOT_FOLLOWERS,"followers=2,000 - 9,999",,PP,6,2.9,pct,,,,,9.7,,,,,,,,,0,0.89
influencer,QTOT_FOLLOWERS,"followers=2,000 - 9,999",,WE,6,11.9,pct,,,,,8.6,,,,,,,,,0,0.57
influencer,QTOT_FOLLOWERS,"followers=2,000 - 9,999",,PFF,8,8.9,pct,,,,,13.8,,,,,,,,,1,2.13
influencer,QTOT_FOLLOWERS,"followers=2,000 - 9,999",,HHN,8,5.6,pct,,,,,13.3,,,,,,,,,1,2.03
influencer,QTOT_FOLLOWERS,"followers=2,000 - 9,999",,MFL,2,2.0,pct,,,,,2.9,,,,,,,,,0,-1.36
influencer,QTOT_FOLLOWERS,"followers=2,000 - 9,999",,VS,3,3.7,pct,,,,,4.5,,,,,,,,,0,-0.81
influencer,QTOT_FOLLOWERS,"followers=2,000 - 9,999",,UCP,8,13.5,pct,,,,,11.6,,,,,,,,,0,1.59
influencer,QTOT_FOLLOWERS,"followers=2,000 - 9,999",,FJP,1,6.0,pct,,,,,1.4,,,,,,,,,0,-1.91
influencer,QTOT_FOLLOWERS,"followers=2,000 - 9,999",,HCP,1,1.1,pct,,,,,1.4,,,,,,,,,0,-1.87
influencer,QTOT_FOLLOWERS,"followers=2,000 - 9,999",,HAD,4,13.8,pct,,,,,6.2,,,,,,,,,0,-0.24
influencer,QTOT_FOLLOWERS,"followers=2,000 - 9,999",,HCI,0,0.0,pct,,,,,0.0,,,,,,,,,1,-2.3
influencer,QTOT_FOLLOWERS,"followers=2,000 - 9,999",,GHI,1,2.1,pct,,,,,1.4,,,,,,,,,0,-1.89
influencer,QTOT_FOLLOWERS,"followers=10,000 - 49,999",,TOTAL,27,56.9,pct,,,,,2.6,,,,,,,,,0,0.0
influencer,QTOT_FOLLOWERS,"followers=10,000 - 49,999",,TSP,3,1.0,pct,,,,,4.7,,,,,,,,,0,1.09
influencer,QTOT_FOLLOWERS,"followers=10,000 - 49,999",,CEC,0,0.0,pct,,,,,0.0,,,,,,,,,0,-1.39
influencer,QTOT_FOLLOWERS,"followers=10,000 - 49,999",,TC,1,2.2,pct,,,,,1.4,,,,,,,,,0,-0.62
influencer,QTOT_FOLLOWERS,"followers=10,000 - 49,999",,HF,3,1.2,pct,,,,,7.0,,,,,,,,,0,1.85
influencer,QTOT_FOLLOWERS,"followers=10,000 - 49,999",,PP,0,0.0,pct,,,,,0.0,,,,,,,,,0,-1.32
influencer,QTOT_FOLLOWERS,"followers=10,000 - 49,999",,WE,0,0.0,pct,,,,,0.0,,,,,,,,,0,-1.41
influencer,QTOT_FOLLOWERS,"followers=10,000 - 49,999",,PFF,1,1.5,pct,,,,,1.7,,,,,,,,,0,-0.43
influencer,QTOT_FOLLOWERS,"followers=10,000 - 49,999",,HHN,3,1.5,pct,,,,,5.0,,,,,,,,,0,1.21
influencer,QTOT_FOLLOWERS,"followers=10,000 - 49,999",,MFL,0,0.0,pct,,,,,0.0,,,,,,,,,0,-1.4
influencer,QTOT_FOLLOWERS,"followers=10,000 - 49,999",,VS,3,1.0,pct,,,,,4.5,,,,,,,,,0,1.01
influencer,QTOT_FOLLOWERS,"followers=10,000 - 49,999",,UCP,4,16.1,pct,,,,,5.8,,,,,,,,,0,1.74
influencer,QTOT_FOLLOWERS,"followers=10,000 - 49,999",,FJP,1,6.0,pct,,,,,1.4,,,,,,,,,0,-0.66
influencer,QTOT_FOLLOWERS,"followers=10,000 - 49,999",,HCP,0,0.0,pct,,,,,0.0,,,,,,,,,0,-1.41
influencer,QTOT_FOLLOWERS,"followers=10,000 - 49,999",,HAD,3,11.7,pct,,,,,4.6,,,,,,,,,0,1.06
influencer,QTOT_FOLLOWERS,"followers=10,000 - 49,999",,HCI,2,6.3,pct,,,,,3.0,,,,,,,,,0,0.21
influencer,QTOT_FOLLOWERS,"followers=10,000 - 49,999",,GHI,3,8.4,pct,,,,,4.2,,,,,,,,,0,0.9
influencer,QTOT_FOLLOWERS,"followers=50,000 or more",,TOTAL,8,9.3,pct,,,,,0.8,,,,,,,,,0,0.0
influencer,QTOT_FOLLOWERS,"followers=50,000 or more",,TSP,1,0.4,pct,,,,,1.6,,,,,,,,,0,0.75
influencer,QTOT_FOLLOWERS,"followers=50,000 or more",,CEC,0,0.0,pct,,,,,0.0,,,,,,,,,0,-0.75
influencer,QTOT_FOLLOWERS,"followers=50,000 or more",,TC,0,0.0,pct,,,,,0.0,,,,,,,,,0,-0.76
influencer,QTOT_FOLLOWERS,"followers=50,000 or more",,HF,1,1.3,pct,,,,,2.3,,,,,,,,,0,1.2
influencer,QTOT_FOLLOWERS,"followers=50,000 or more",,PP,1,0.3,pct,,,,,1.6,,,,,,,,,0,0.79
influencer,QTOT_FOLLOWERS,"followers=50,000 or more",,WE,2,3.2,pct,,,,,2.9,,,,,,,,,1,2.08
influencer,QTOT_FOLLOWERS,"followers=50,000 or more",,PFF,0,0.0,pct,,,,,0.0,,,,,,,,,0,-0.69
influencer,QTOT_FOLLOWERS,"followers=50,000 or more",,HHN,1,1.0,pct,,,,,1.7,,,,,,,,,0,0.82
influencer,QTOT_FOLLOWERS,"followers=50,000 or more",,MFL,0,0.0,pct,,,,,0.0,,,,,,,,,0,-0.76
influencer,QTOT_FOLLOWERS,"followers=50,000 or more",,VS,0,0.0,pct,,,,,0.0,,,,,,,,,0,-0.74
influencer,QTOT_FOLLOWERS,"followers=50,000 or more",,UCP,0,0.0,pct,,,,,0.0,,,,,,,,,0,-0.76
influencer,QTOT_FOLLOWERS,"followers=50,000 or more",,FJP,0,0.0,pct,,,,,0.0,,,,,,,,,0,-0.77
influencer,QTOT_FOLLOWERS,"followers=50,000 or more",,HCP,1,2.9,pct,,,,,1.4,,,,,,,,,0,0.66
influencer,QTOT_FOLLOWERS,"followers=50,000 or more",,HAD,0,0.0,pct,,,,,0.0,,,,,,,,,0,-0.73
influencer,QTOT_FOLLOWERS,"followers=50,000 or more",,HCI,0,0.0,pct,,,,,0.0,,,,,,,,,0,-0.74
influencer,QTOT_FOLLOWERS,"followers=50,000 or more",,GHI,1,0.2,pct,,,,,1.4,,,,,,,,,0,0.64
influencer,QSMr1,SM_SHARED,,TOTAL,1044,,any_activity,,,,,61.1,61.1,,,,,,,,0,0.0
influencer,QSMr1,SM_SHARED,,TSP,64,,any_activity,,,,,65.8,65.8,,,,,,,,0,1.49
influencer,QSMr1,SM_SHARED,,CEC,68,,any_activity,,,,,42.6,42.6,,,,,,,,2,-3.09
influencer,QSMr1,SM_SHARED,,TC,69,,any_activity,,,,,34.2,34.2,,,,,,,,2,-3.45
influencer,QSMr1,SM_SHARED,,HF,43,,any_activity,,,,,81.2,81.2,,,,,,,,2,3.02
influencer,QSMr1,SM_SHARED,,PP,62,,any_activity,,,,,60.8,60.8,,,,,,,,0,1.26
influencer,QSMr1,SM_SHARED,,WE,70,,any_activity,,,,,54.3,54.3,,,,,,,,0,-0.33
influencer,QSMr1,SM_SHARED,,PFF,58,,any_activity,,,,,83.1,83.1,,,,,,,,1,2.4
influencer,QSMr1,SM_SHARED,,HHN,60,,any_activity,,,,,68.2,68.2,,,,,,,,0,1.56
influencer,QSMr1,SM_SHARED,,MFL,69,,any_activity,,,,,61.8,61.8,,,,,,,,0,1.04
influencer,QSMr1,SM_SHARED,,VS,67,,any_activity,,,,,73.0,73.0,,,,,,,,1,2.08
influencer,QSMr1,SM_SHARED,,UCP,69,,any_activity,,,,,73.9,73.9,,,,,,,,1,2.54
influencer,QSMr1,SM_SHARED,,FJP,72,,any_activity,,,,,66.5,66.5,,,,,,,,0,0.15
influencer,QSMr1,SM_SHARED,,HCP,70,,any_activity,,,,,53.1,53.1,,,,,,,,1,-2.31
influencer,QSMr1,SM_SHARED,,HAD,65,,any_activity,,,,,66.3,66.3,,,,,,,,0,0.07
influencer,QSMr1,SM_SHARED,,HCI,67,,any_activity,,,,,56.1,56.1,,,,,,,,2,-3.74
influencer,QSMr1,SM_SHARED,,GHI,71,,any_activity,,,,,57.1,57.1,,,,,,,,0,-1.69
influencer,QSMr2,SM_COMMENTED,,TOTAL,1044,,any_activity,,,,,61.5,61.5,,,,,,,,0,0.0
influencer,QSMr2,SM_COMMENTED,,TSP,64,,any_activity,,,,,69.1,69.1,,,,,,,,0,1.9
influencer,QSMr2,SM_COMMENTED,,CEC,68,,any_activity,,,,,40.7,40.7,,,,,,,,2,-2.95
influencer,QSMr2,SM_COMMENTED,,TC,69,,any_activity,,,,,30.8,30.8,,,,,,,,2,-3.81
influencer,QSMr2,SM_COMMENTED,,HF,43,,any_activity,,,,,83.6,83.6,,,,,,,,2,3.55
influencer,QSMr2,SM_COMMENTED,,PP,62,,any_activity,,,,,65.9,65.9,,,,,,,,0,1.94
influencer,QSMr2,SM_COMMENTED,,WE,70,,any_activity,,,,,58.7,58.7,,,,,,,,0,-0.2
influencer,QSMr2,SM_COMMENTED,,PFF,58,,any_activity,,,,,76.4,76.4,,,,,,,,0,1.76
influencer,QSMr2,SM_COMMENTED,,HHN,60,,any_activity,,,,,59.4,59.4,,,,,,,,0,0.39
influencer,QSMr2,SM_COMMENTED,,MFL,69,,any_activity,,,,,61.5,61.5,,,,,,,,0,0.68
influencer,QSMr2,SM_COMMENTED,,VS,67,,any_activity,,,,,78.8,78.8,,,,,,,,1,2.47
influencer,QSMr2,SM_COMMENTED,,UCP,69,,any_activity,,,,,71.1,71.1,,,,,,,,0,1.92
influencer,QSMr2,SM_COMMENTED,,FJP,72,,any_activity,,,,,61.2,61.2,,,,,,,,0,-0.46
influencer,QSMr2,SM_COMMENTED,,HCP,70,,any_activity,,,,,56.9,56.9,,,,,,,,0,-0.94
influencer,QSMr2,SM_COMMENTED,,HAD,65,,any_activity,,,,,64.2,64.2,,,,,,,,0,-1.33
influencer,QSMr2,SM_COMMENTED,,HCI,67,,any_activity,,,,,66.0,66.0,,,,,,,,2,-3.09
influencer,QSMr2,SM_COMMENTED,,GHI,71,,any_activity,,,,,61.0,61.0,,,,,,,,0,-0.82
influencer,QSMr3,SM_CREATED,,TOTAL,1044,,any_activity,,,,,49.8,49.8,,,,,,,,0,0.0
influencer,QSMr3,SM_CREATED,,TSP,64,,any_activity,,,,,60.8,60.8,,,,,,,,1,2.35
influencer,QSMr3,SM_CREATED,,CEC,68,,any_activity,,,,,35.6,35.6,,,,,,,,1,-1.96
influencer,QSMr3,SM_CREATED,,TC,69,,any_activity,,,,,15.5,15.5,,,,,,,,2,-4.59
influencer,QSMr3,SM_CREATED,,HF,43,,any_activity,,,,,79.3,79.3,,,,,,,,2,4.28
influencer,QSMr3,SM_CREATED,,PP,62,,any_activity,,,,,45.7,45.7,,,,,,,,0,0.2
influencer,QSMr3,SM_CREATED,,WE,70,,any_activity,,,,,42.6,42.6,,,,,,,,0,-0.88
influencer,QSMr3,SM_CREATED,,PFF,58,,any_activity,,,,,65.5,65.5,,,,,,,,0,1.48
influencer,QSMr3,SM_CREATED,,HHN,60,,any_activity,,,,,64.3,64.3,,,,,,,,2,2.86
influencer,QSMr3,SM_CREATED,,MFL,69,,any_activity,,,,,55.0,55.0,,,,,,,,0,1.25
influencer,QSMr3,SM_CREATED,,VS,67,,any_activity,,,,,72.7,72.7,,,,,,,,1,2.5
influencer,QSMr3,SM_CREATED,,UCP,69,,any_activity,,,,,64.0,64.0,,,,,,,,1,2.01
influencer,QSMr3,SM_CREATED,,FJP,72,,any_activity,,,,,34.1,34.1,,,,,,,,2,-2.81
influencer,QSMr3,SM_CREATED,,HCP,70,,any_activity,,,,,34.7,34.7,,,,,,,,0,-1.64
influencer,QSMr3,SM_CREATED,,HAD,65,,any_activity,,,,,62.7,62.7,,,,,,,,0,-0.12
influencer,QSMr3,SM_CREATED,,HCI,67,,any_activity,,,,,56.3,56.3,,,,,,,,1,-2.38
influencer,QSMr3,SM_CREATED,,GHI,71,,any_activity,,,,,49.4,49.4,,,,,,,,0,-1.23
knowledge,QHIVr1,HIV_K1,,TOTAL,820,,pct_aware,,,,,81.8,,,,,,,,,0,0.0
knowledge,QHIVr1,HIV_K1,,TSP,28,,pct_aware,,,,,79.7,,,,,,,,,0,-1.23
knowledge,QHIVr1,HIV_K1,,CEC,68,,pct_aware,,,,,79.8,,,,,,,,,0,-0.87
knowledge,QHIVr1,HIV_K1,,TC,69,,pct_aware,,,,,81.6,,,,,,,,,0,-0.17
knowledge,QHIVr1,HIV_K1,,HF,20,,pct_aware,,,,,61.3,,,,,,,,,1,-2.34
knowledge,QHIVr1,HIV_K1,,PP,33,,pct_aware,,,,,80.6,,,,,,,,,0,0.2
knowledge,QHIVr1,HIV_K1,,WE,58,,pct_aware,,,,,77.5,,,,,,,,,0,0.11
knowledge,QHIVr1,HIV_K1,,PFF,38,,pct_aware,,,,,69.1,,,,,,,,,0,-0.66
knowledge,QHIVr1,HIV_K1,,HHN,36,,pct_aware,,,,,70.8,,,,,,,,,1,-2.14
knowledge,QHIVr1,HIV_K1,,MFL,49,,pct_aware,,,,,82.3,,,,,,,,,0,-0.91
knowledge,QHIVr1,HIV_K1,,VS,42,,pct_aware,,,,,87.6,,,,,,,,,0,0.88
knowledge,QHIVr1,HIV_K1,,UCP,46,,pct_aware,,,,,97.8,,,,,,,,,2,3.05
knowledge,QHIVr1,HIV_K1,,FJP,72,,pct_aware,,,,,83.4,,,,,,,,,1,2.51
knowledge,QHIVr1,HIV_K1,,HCP,70,,pct_aware,,,,,77.6,,,,,,,,,0,-1.37
knowledge,QHIVr1,HIV_K1,,HAD,53,,pct_aware,,,,,74.4,,,,,,,,,0,-0.24
knowledge,QHIVr1,HIV_K1,,HCI,67,,pct_aware,,,,,77.4,,,,,,,,,0,-0.3
knowledge,QHIVr1,HIV_K1,,GHI,71,,pct_aware,,,,,90.1,,,,,,,,,0,1.83
knowledge,QHIVr2,HIV_K2,,TOTAL,820,,pct_aware,,,,,72.8,,,,,,,,,0,0.0
knowledge,QHIVr2,HIV_K2,,TSP,28,,pct_aware,,,,,66.9,,,,,,,,,0,-1.62
knowledge,QHIVr2,HIV_K2,,CEC,68,,pct_aware,,,,,60.5,,,,,,,,,1,-2.56
knowledge,QHIVr2,HIV_K2,,TC,69,,pct_aware,,,,,62.1,,,,,,,,,0,-1.63
knowledge,QHIVr2,HIV_K2,,HF,20,,pct_aware,,,,,66.6,,,,,,,,,0,-1.08
knowledge,QHIVr2,HIV_K2,,PP,33,,pct_aware,,,,,70.9,,,,,,,,,0,-0.15
knowledge,QHIVr2,HIV_K2,,WE,58,,pct_aware,,,,,70.9,,,,,,,,,0,-0.03
knowledge,QHIVr2,HIV_K2,,PFF,38,,pct_aware,,,,,63.1,,,,,,,,,0,-1.43
knowledge,QHIVr2,HIV_K2,,HHN,36,,pct_aware,,,,,61.3,,,,,,,,,0,-1.69
knowledge,QHIVr2,HIV_K2,,MFL,49,,pct_aware,,,,,75.7,,,,,,,,,0,0.42
knowledge,QHIVr2,HIV_K2,,VS,42,,pct_aware,,,,,77.8,,,,,,,,,0,0.43
knowledge,QHIVr2,HIV_K2,,UCP,46,,pct_aware,,,,,90.1,,,,,,,,,2,3.14
knowledge,QHIVr2,HIV_K2,,FJP,72,,pct_aware,,,,,83.9,,,,,,,,,1,2.44
knowledge,QHIVr2,HIV_K2,,HCP,70,,pct_aware,,,,,73.2,,,,,,,,,0,-0.16
knowledge,QHIVr2,HIV_K2,,HAD,53,,pct_aware,,,,,76.2,,,,,,,,,0,1.7
knowledge,QHIVr2,HIV_K2,,HCI,67,,pct_aware,,,,,57.5,,,,,,,,,0,-0.13
knowledge,QHIVr2,HIV_K2,,GHI,71,,pct_aware,,,,,77.3,,,,,,,,,0,1.28
knowledge,QHIVr3,HIV_K3,,TOTAL,820,,pct_aware,,,,,36.2,,,,,,,,,0,0.0
knowledge,QHIVr3,HIV_K3,,TSP,28,,pct_aware,,,,,39.4,,,,,,,,,0,-0.34
knowledge,QHIVr3,HIV_K3,,CEC,68,,pct_aware,,,,,17.7,,,,,,,,,2,-2.83
knowledge,QHIVr3,HIV_K3,,TC,69,,pct_aware,,,,,14.7,,,,,,,,,2,-2.63
knowledge,QHIVr3,HIV_K3,,HF,20,,pct_aware,,,,,24.1,,,,,,,,,0,-1.12
knowledge,QHIVr3,HIV_K3,,PP,33,,pct_aware,,,,,27.8,,,,,,,,,0,-0.15
knowledge,QHIVr3,HIV_K3,,WE,58,,pct_aware,,,,,23.7,,,,,,,,,0,-1.25
knowledge,QHIVr3,HIV_K3,,PFF,38,,pct_aware,,,,,32.9,,,,,,,,,0,-0.7
knowledge,QHIVr3,HIV_K3,,HHN,36,,pct_aware,,,,,36.8,,,,,,,,,0,0.98
knowledge,QHIVr3,HIV_K3,,MFL,49,,pct_aware,,,,,22.0,,,,,,,,,1,-2.35
knowledge,QHIVr3,HIV_K3,,VS,42,,pct_aware,,,,,27.1,,,,,,,,,0,-0.07
knowledge,QHIVr3,HIV_K3,,UCP,46,,pct_aware,,,,,59.3,,,,,,,,,2,4.09
knowledge,QHIVr3,HIV_K3,,FJP,72,,pct_aware,,,,,38.0,,,,,,,,,1,2.22
knowledge,QHIVr3,HIV_K3,,HCP,70,,pct_aware,,,,,18.1,,,,,,,,,0,-1.08
knowledge,QHIVr3,HIV_K3,,HAD,53,,pct_aware,,,,,49.2,,,,,,,,,0,1.02
knowledge,QHIVr3,HIV_K3,,HCI,67,,pct_aware,,,,,49.6,,,,,,,,,1,2.17
knowledge,QHIVr3,HIV_K3,,GHI,71,,pct_aware,,,,,59.0,,,,,,,,,0,1.78
knowledge,QHIVr4,HIV_K4,,TOTAL,820,,pct_aware,,,,,55.8,,,,,,,,,0,0.0
knowledge,QHIVr4,HIV_K4,,TSP,28,,pct_aware,,,,,38.4,,,,,,,,,0,-1.86
knowledge,QHIVr4,HIV_K4,,CEC,68,,pct_aware,,,,,47.2,,,,,,,,,0,-0.76
knowledge,QHIVr4,HIV_K4,,TC,69,,pct_aware,,,,,42.2,,,,,,,,,1,-2.15
knowledge,QHIVr4,HIV_K4,,HF,20,,pct_aware,,,,,60.4,,,,,,,,,0,-0.27
knowledge,QHIVr4,HIV_K4,,PP,33,,pct_aware,,,,,55.9,,,,,,,,,0,-0.17
knowledge,QHIVr4,HIV_K4,,WE,58,,pct_aware,,,,,35.4,,,,,,,,,0,-1.83
knowledge,QHIVr4,HIV_K4,,PFF,38,,pct_aware,,,,,35.9,,,,,,,,,0,-1.7
knowledge,QHIVr4,HIV_K4,,HHN,36,,pct_aware,,,,,46.1,,,,,,,,,0,-1.04
knowledge,QHIVr4,HIV_K4,,MFL,49,,pct_aware,,,,,57.0,,,,,,,,,0,0.61
knowledge,QHIVr4,HIV_K4,,VS,42,,pct_aware,,,,,40.8,,,,,,,,,0,-1.34
knowledge,QHIVr4,HIV_K4,,UCP,46,,pct_aware,,,,,73.7,,,,,,,,,1,2.33
knowledge,QHIVr4,HIV_K4,,FJP,72,,pct_aware,,,,,61.0,,,,,,,,,2,2.94
knowledge,QHIVr4,HIV_K4,,HCP,70,,pct_aware,,,,,73.0,,,,,,,,,0,1.24
knowledge,QHIVr4,HIV_K4,,HAD,53,,pct_aware,,,,,56.8,,,,,,,,,0,0.84
knowledge,QHIVr4,HIV_K4,,HCI,67,,pct_aware,,,,,58.3,,,,,,,,,0,1.16
knowledge,QHIVr4,HIV_K4,,GHI,71,,pct_aware,,,,,62.3,,,,,,,,,0,0.6
knowledge,QHIVr5,HIV_K5,FALSE,TOTAL,820,,pct_aware,,,,,12.7,,,,,,,,,0,0.0
knowledge,QHIVr5,HIV_K5,FALSE,TSP,28,,pct_aware,,,,,17.4,,,,,,,,,0,0.93
knowledge,QHIVr5,HIV_K5,FALSE,CEC,68,,pct_aware,,,,,6.5,,,,,,,,,0,-1.01
knowledge,QHIVr5,HIV_K5,FALSE,TC,69,,pct_aware,,,,,2.0,,,,,,,,,1,-2.34
knowledge,QHIVr5,HIV_K5,FALSE,HF,20,,pct_aware,,,,,30.8,,,,,,,,,1,2.46
knowledge,QHIVr5,HIV_K5,FALSE,PP,33,,pct_aware,,,,,10.5,,,,,,,,,0,-0.04
knowledge,QHIVr5,HIV_K5,FALSE,WE,58,,pct_aware,,,,,5.8,,,,,,,,,0,-1.12
knowledge,QHIVr5,HIV_K5,FALSE,PFF,38,,pct_aware,,,,,14.1,,,,,,,,,0,0.27
knowledge,QHIVr5,HIV_K5,FALSE,HHN,36,,pct_aware,,,,,33.3,,,,,,,,,2,3.92
knowledge,QHIVr5,HIV_K5,FALSE,MFL,49,,pct_aware,,,,,11.9,,,,,,,,,0,0.23
knowledge,QHIVr5,HIV_K5,FALSE,VS,42,,pct_aware,,,,,12.6,,,,,,,,,0,0.6
knowledge,QHIVr5,HIV_K5,FALSE,UCP,46,,pct_aware,,,,,2.8,,,,,,,,,0,-0.66
knowledge,QHIVr5,HIV_K5,FALSE,FJP,72,,pct_aware,,,,,18.0,,,,,,,,,0,0.14
knowledge,QHIVr5,HIV_K5,FALSE,HCP,70,,pct_aware,,,,,14.9,,,,,,,,,0,-1.93
knowledge,QHIVr5,HIV_K5,FALSE,HAD,53,,pct_aware,,,,,16.1,,,,,,,,,0,1.02
knowledge,QHIVr5,HIV_K5,FALSE,HCI,67,,pct_aware,,,,,22.6,,,,,,,,,0,0.35
knowledge,QHIVr5,HIV_K5,FALSE,GHI,71,,pct_aware,,,,,13.7,,,,,,,,,0,-0.25
knowledge,QHIVr6,HIV_K6,,TOTAL,820,,pct_aware,,,,,11.0,,,,,,,,,0,0.0
knowledge,QHIVr6,HIV_K6,,TSP,28,,pct_aware,,,,,17.5,,,,,,,,,0,1.38
knowledge,QHIVr6,HIV_K6,,CEC,68,,pct_aware,,,,,8.8,,,,,,,,,0,-0.79
knowledge,QHIVr6,HIV_K6,,TC,69,,pct_aware,,,,,6.9,,,,,,,,,0,-1.66
knowledge,QHIVr6,HIV_K6,,HF,20,,pct_aware,,,,,28.7,,,,,,,,,1,2.23
knowledge,QHIVr6,HIV_K6,,PP,33,,pct_aware,,,,,2.5,,,,,,,,,0,-1.38
knowledge,QHIVr6,HIV_K6,,WE,58,,pct_aware,,,,,4.9,,,,,,,,,0,-0.84
knowledge,QHIVr6,HIV_K6,,PFF,38,,pct_aware,,,,,11.9,,,,,,,,,0,0.08
knowledge,QHIVr6,HIV_K6,,HHN,36,,pct_aware,,,,,22.5,,,,,,,,,0,1.33
knowledge,QHIVr6,HIV_K6,,MFL,49,,pct_aware,,,,,10.7,,,,,,,,,0,0.02
knowledge,QHIVr6,HIV_K6,,VS,42,,pct_aware,,,,,7.4,,,,,,,,,0,-0.66
knowledge,QHIVr6,HIV_K6,,UCP,46,,pct_aware,,,,,8.8,,,,,,,,,0,-0.33
knowledge,QHIVr6,HIV_K6,,FJP,72,,pct_aware,,,,,13.3,,,,,,,,,0,1.11
knowledge,QHIVr6,HIV_K6,,HCP,70,,pct_aware,,,,,17.1,,,,,,,,,0,-0.04
knowledge,QHIVr6,HIV_K6,,HAD,53,,pct_aware,,,,,15.1,,,,,,,,,0,1.24
knowledge,QHIVr6,HIV_K6,,HCI,67,,pct_aware,,,,,10.0,,,,,,,,,0,-0.33
knowledge,QHIVr6,HIV_K6,,GHI,71,,pct_aware,,,,,9.8,,,,,,,,,0,-0.08
knowledge,QHIVr7,HIV_K7,,TOTAL,820,,pct_aware,,,,,20.7,,,,,,,,,0,0.0
knowledge,QHIVr7,HIV_K7,,TSP,28,,pct_aware,,,,,16.8,,,,,,,,,0,-0.63
knowledge,QHIVr7,HIV_K7,,CEC,68,,pct_aware,,,,,17.5,,,,,,,,,0,-0.28
knowledge,QHIVr7,HIV_K7,,TC,69,,pct_aware,,,,,9.9,,,,,,,,,2,-2.58
knowledge,QHIVr7,HIV_K7,,HF,20,,pct_aware,,,,,35.2,,,,,,,,,0,1.28
knowledge,QHIVr7,HIV_K7,,PP,33,,pct_aware,,,,,32.0,,,,,,,,,0,1.25
knowledge,QHIVr7,HIV_K7,,WE,58,,pct_aware,,,,,12.6,,,,,,,,,0,-1.38
knowledge,QHIVr7,HIV_K7,,PFF,38,,pct_aware,,,,,14.1,,,,,,,,,0,-0.5
knowledge,QHIVr7,HIV_K7,,HHN,36,,pct_aware,,,,,31.8,,,,,,,,,0,1.39
knowledge,QHIVr7,HIV_K7,,MFL,49,,pct_aware,,,,,10.3,,,,,,,,,0,-0.85
knowledge,QHIVr7,HIV_K7,,VS,42,,pct_aware,,,,,10.2,,,,,,,,,0,-0.38
knowledge,QHIVr7,HIV_K7,,UCP,46,,pct_aware,,,,,23.1,,,,,,,,,0,0.89
knowledge,QHIVr7,HIV_K7,,FJP,72,,pct_aware,,,,,26.3,,,,,,,,,2,2.96
knowledge,QHIVr7,HIV_K7,,HCP,70,,pct_aware,,,,,25.0,,,,,,,,,0,-0.39
knowledge,QHIVr7,HIV_K7,,HAD,53,,pct_aware,,,,,24.1,,,,,,,,,0,-0.37
knowledge,QHIVr7,HIV_K7,,HCI,67,,pct_aware,,,,,22.2,,,,,,,,,0,0.11
knowledge,QHIVr7,HIV_K7,,GHI,71,,pct_aware,,,,,25.2,,,,,,,,,0,0.18
knowledge,QHIVr8,HIV_K8,,TOTAL,820,,pct_aware,,,,,55.6,,,,,,,,,0,0.0
knowledge,QHIVr8,HIV_K8,,TSP,28,,pct_aware,,,,,54.1,,,,,,,,,0,-0.93
knowledge,QHIVr8,HIV_K8,,CEC,68,,pct_aware,,,,,58.2,,,,,,,,,0,1.01
knowledge,QHIVr8,HIV_K8,,TC,69,,pct_aware,,,,,36.6,,,,,,,,,1,-2.14
knowledge,QHIVr8,HIV_K8,,HF,20,,pct_aware,,,,,30.7,,,,,,,,,0,-1.94
knowledge,QHIVr8,HIV_K8,,PP,33,,pct_aware,,,,,30.4,,,,,,,,,1,-2.13
knowledge,QHIVr8,HIV_K8,,WE,58,,pct_aware,,,,,40.5,,,,,,,,,0,-1.59
knowledge,QHIVr8,HIV_K8,,PFF,38,,pct_aware,,,,,38.1,,,,,,,,,1,-2.51
knowledge,QHIVr8,HIV_K8,,HHN,36,,pct_aware,,,,,46.9,,,,,,,,,0,-0.52
knowledge,QHIVr8,HIV_K8,,MFL,49,,pct_aware,,,,,36.9,,,,,,,,,0,-1.24
knowledge,QHIVr8,HIV_K8,,VS,42,,pct_aware,,,,,55.5,,,,,,,,,0,-0.19
knowledge,QHIVr8,HIV_K8,,UCP,46,,pct_aware,,,,,77.7,,,,,,,,,1,2.53
knowledge,QHIVr8,HIV_K8,,FJP,72,,pct_aware,,,,,59.4,,,,,,,,,1,1.96
knowledge,QHIVr8,HIV_K8,,HCP,70,,pct_aware,,,,,49.6,,,,,,,,,0,0.74
knowledge,QHIVr8,HIV_K8,,HAD,53,,pct_aware,,,,,50.1,,,,,,,,,0,0.21
knowledge,QHIVr8,HIV_K8,,HCI,67,,pct_aware,,,,,66.0,,,,,,,,,0,1.41
knowledge,QHIVr8,HIV_K8,,GHI,71,,pct_aware,,,,,73.8,,,,,,,,,2,2.85
knowledge,QHIVr9,HIV_K9,,TOTAL,820,,pct_aware,,,,,27.9,,,,,,,,,0,0.0
knowledge,QHIVr9,HIV_K9,,TSP,28,,pct_aware,,,,,27.5,,,,,,,,,0,0.19
knowledge,QHIVr9,HIV_K9,,CEC,68,,pct_aware,,,,,19.8,,,,,,,,,0,-0.9
knowledge,QHIVr9,HIV_K9,,TC,69,,pct_aware,,,,,13.4,,,,,,,,,1,-2.44
knowledge,QHIVr9,HIV_K9,,HF,20,,pct_aware,,,,,30.6,,,,,,,,,0,0.16
knowledge,QHIVr9,HIV_K9,,PP,33,,pct_aware,,,,,12.6,,,,,,,,,0,-1.16
knowledge,QHIVr9,HIV_K9,,WE,58,,pct_aware,,,,,20.7,,,,,,,,,0,-0.53
knowledge,QHIVr9,HIV_K9,,PFF,38,,pct_aware,,,,,25.6,,,,,,,,,0,0.02
knowledge,QHIVr9,HIV_K9,,HHN,36,,pct_aware,,,,,47.4,,,,,,,,,2,3.02
knowledge,QHIVr9,HIV_K9,,MFL,49,,pct_aware,,,,,12.4,,,,,,,,,0,-0.53
knowledge,QHIVr9,HIV_K9,,VS,42,,pct_aware,,,,,18.2,,,,,,,,,0,-1.45
knowledge,QHIVr9,HIV_K9,,UCP,46,,pct_aware,,,,,16.3,,,,,,,,,0,1.49
knowledge,QHIVr9,HIV_K9,,FJP,72,,pct_aware,,,,,30.7,,,,,,,,,0,0.02
knowledge,QHIVr9,HIV_K9,,HCP,70,,pct_aware,,,,,31.0,,,,,,,,,0,0.74
knowledge,QHIVr9,HIV_K9,,HAD,53,,pct_aware,,,,,35.8,,,,,,,,,0,-0.16
knowledge,QHIVr9,HIV_K9,,HCI,67,,pct_aware,,,,,41.3,,,,,,,,,0,0.67
knowledge,QHIVr9,HIV_K9,,GHI,71,,pct_aware,,,,,41.8,,,,,,,,,0,1.26
knowledge,QHIVr10,HIV_K10,,TOTAL,820,,pct_aware,,,,,47.6,,,,,,,,,0,0.0
knowledge,QHIVr10,HIV_K10,,TSP,28,,pct_aware,,,,,44.2,,,,,,,,,0,-1.25
knowledge,QHIVr10,HIV_K10,,CEC,68,,pct_aware,,,,,41.5,,,,,,,,,0,-0.55
knowledge,QHIVr10,HIV_K10,,TC,69,,pct_aware,,,,,39.4,,,,,,,,,0,-1.93
knowledge,QHIVr10,HIV_K10,,HF,20,,pct_aware,,,,,57.3,,,,,,,,,0,0.24
knowledge,QHIVr10,HIV_K10,,PP,33,,pct_aware,,,,,47.8,,,,,,,,,0,-0.22
knowledge,QHIVr10,HIV_K10,,WE,58,,pct_aware,,,,,36.4,,,,,,,,,0,-1.49
knowledge,QHIVr10,HIV_K10,,PFF,38,,pct_aware,,,,,45.9,,,,,,,,,0,-0.33
knowledge,QHIVr10,HIV_K10,,HHN,36,,pct_aware,,,,,50.8,,,,,,,,,0,0.33
knowledge,QHIVr10,HIV_K10,,MFL,49,,pct_aware,,,,,20.8,,,,,,,,,2,-3.3
knowledge,QHIVr10,HIV_K10,,VS,42,,pct_aware,,,,,45.1,,,,,,,,,0,-0.28
knowledge,QHIVr10,HIV_K10,,UCP,46,,pct_aware,,,,,45.4,,,,,,,,,0,1.29
knowledge,QHIVr10,HIV_K10,,FJP,72,,pct_aware,,,,,57.7,,,,,,,,,1,2.45
knowledge,QHIVr10,HIV_K10,,HCP,70,,pct_aware,,,,,32.7,,,,,,,,,0,-0.03
knowledge,QHIVr10,HIV_K10,,HAD,53,,pct_aware,,,,,53.6,,,,,,,,,0,-0.02
knowledge,QHIVr10,HIV_K10,,HCI,67,,pct_aware,,,,,55.2,,,,,,,,,0,0.84
knowledge,QHIVr10,HIV_K10,,GHI,71,,pct_aware,,,,,66.3,,,,,,,,,2,3.33
knowledge,QHIVr11,HIV_K11,,TOTAL,820,,pct_aware,,,,,43.0,,,,,,,,,0,0.0
knowledge,QHIVr11,HIV_K11,,TSP,28,,pct_aware,,,,,38.7,,,,,,,,,0,-0.37
knowledge,QHIVr11,HIV_K11,,CEC,68,,pct_aware,,,,,47.8,,,,,,,,,0,-0.01
knowledge,QHIVr11,HIV_K11,,TC,69,,pct_aware,,,,,21.7,,,,,,,,,2,-3.42
knowledge,QHIVr11,HIV_K11,,HF,20,,pct_aware,,,,,36.4,,,,,,,,,0,-0.25
knowledge,QHIVr11,HIV_K11,,PP,33,,pct_aware,,,,,30.6,,,,,,,,,0,-1.11
knowledge,QHIVr11,HIV_K11,,WE,58,,pct_aware,,,,,32.5,,,,,,,,,0,-0.48
knowledge,QHIVr11,HIV_K11,,PFF,38,,pct_aware,,,,,43.7,,,,,,,,,0,-0.41
knowledge,QHIVr11,HIV_K11,,HHN,36,,pct_aware,,,,,58.6,,,,,,,,,0,1.6
knowledge,QHIVr11,HIV_K11,,MFL,49,,pct_aware,,,,,26.5,,,,,,,,,1,-2.06
knowledge,QHIVr11,HIV_K11,,VS,42,,pct_aware,,,,,47.7,,,,,,,,,0,0.02
knowledge,QHIVr11,HIV_K11,,UCP,46,,pct_aware,,,,,75.2,,,,,,,,,1,2.26
knowledge,QHIVr11,HIV_K11,,FJP,72,,pct_aware,,,,,40.7,,,,,,,,,0,1.81
knowledge,QHIVr11,HIV_K11,,HCP,70,,pct_aware,,,,,55.0,,,,,,,,,0,0.54
knowledge,QHIVr11,HIV_K11,,HAD,53,,pct_aware,,,,,47.2,,,,,,,,,0,1.54
knowledge,QHIVr11,HIV_K11,,HCI,67,,pct_aware,,,,,23.6,,,,,,,,,0,-0.93
knowledge,QHIVr11,HIV_K11,,GHI,71,,pct_aware,,,,,46.5,,,,,,,,,0,1.18
composites,MBS,MBS,,TOTAL,833,,mean,4.6,,,,,4.6,,,,,,,,0,0.0
composites,MBS,MBS,,TSP,30,,mean,5.188,,,,,5.188,,,,,,,,2,2.72
composites,MBS,MBS,,CEC,68,,mean,5.35,,,,,5.35,,,,,,,,2,4.11
composites,MBS,MBS,,TC,69,,mean,5.37,,,,,5.37,,,,,,,,2,4.45
composites,MBS,MBS,,HF,26,,mean,5.224,,,,,5.224,,,,,,,,1,2.46
composites,MBS,MBS,,PP,37,,mean,4.976,,,,,4.976,,,,,,,,0,0.14
composites,MBS,MBS,,WE,62,,mean,5.285,,,,,5.285,,,,,,,,2,3.12
composites,MBS,MBS,,PFF,31,,mean,5.166,,,,,5.166,,,,,,,,2,2.91
composites,MBS,MBS,,HHN,38,,mean,4.727,,,,,4.727,,,,,,,,0,-0.19
composites,MBS,MBS,,MFL,49,,mean,5.23,,,,,5.23,,,,,,,,2,2.96
composites,MBS,MBS,,VS,50,,mean,5.027,,,,,5.027,,,,,,,,2,2.89
composites,MBS,MBS,,UCP,39,,mean,3.92,,,,,3.92,,,,,,,,2,-4.82
composites,MBS,MBS,,FJP,72,,mean,3.696,,,,,3.696,,,,,,,,2,-4.88
composites,MBS,MBS,,HCP,70,,mean,4.329,,,,,4.329,,,,,,,,2,-2.86
composites,MBS,MBS,,HAD,54,,mean,4.794,,,,,4.794,,,,,,,,0,0.38
composites,MBS,MBS,,HCI,67,,mean,4.44,,,,,4.44,,,,,,,,0,0.55
composites,MBS,MBS,,GHI,71,,mean,3.857,,,,,3.857,,,,,,,,2,-6.01
composites,SDS,SDS,,TOTAL,833,,mean,4.902,,,,,4.902,,,,,,,,0,0.0
composites,SDS,SDS,,TSP,30,,mean,4.596,,,,,4.596,,,,,,,,0,-0.88
composites,SDS,SDS,,CEC,68,,mean,4.564,,,,,4.564,,,,,,,,0,-1.95
composites,SDS,SDS,,TC,69,,mean,4.698,,,,,4.698,,,,,,,,0,-0.59
composites,SDS,SDS,,HF,26,,mean,3.979,,,,,3.979,,,,,,,,1,-2.45
composites,SDS,SDS,,PP,37,,mean,4.747,,,,,4.747,,,,,,,,0,-0.67
composites,SDS,SDS,,WE,62,,mean,4.383,,,,,4.383,,,,,,,,2,-3.02
composites,SDS,SDS,,PFF,31,,mean,4.076,,,,,4.076,,,,,,,,1,-2.36
composites,SDS,SDS,,HHN,38,,mean,5.082,,,,,5.082,,,,,,,,0,0.34
composites,SDS,SDS,,MFL,49,,mean,4.28,,,,,4.28,,,,,,,,1,-2.24
composites,SDS,SDS,,VS,50,,mean,4.257,,,,,4.257,,,,,,,,2,-3.07
composites,SDS,SDS,,UCP,39,,mean,6.487,,,,,6.487,,,,,,,,2,7.41
composites,SDS,SDS,,FJP,72,,mean,5.38,,,,,5.38,,,,,,,,2,4.07
composites,SDS,SDS,,HCP,70,,mean,5.091,,,,,5.091,,,,,,,,2,2.72
composites,SDS,SDS,,HAD,54,,mean,4.258,,,,,4.258,,,,,,,,0,-1.61
composites,SDS,SDS,,HCI,67,,mean,4.567,,,,,4.567,,,,,,,,0,-0.26
composites,SDS,SDS,,GHI,71,,mean,5.817,,,,,5.817,,,,,,,,2,7.04
composites,EDS,EDS,,TOTAL,833,,mean,4.234,,,,,4.234,,,,,,,,0,0.0
composites,EDS,EDS,,TSP,30,,mean,4.888,,,,,4.888,,,,,,,,2,2.69
composites,EDS,EDS,,CEC,68,,mean,5.488,,,,,5.488,,,,,,,,2,5.82
composites,EDS,EDS,,TC,69,,mean,5.078,,,,,5.078,,,,,,,,2,4.33
composites,EDS,EDS,,HF,26,,mean,5.471,,,,,5.471,,,,,,,,2,3.39
composites,EDS,EDS,,PP,37,,mean,5.434,,,,,5.434,,,,,,,,1,2.11
composites,EDS,EDS,,WE,62,,mean,5.789,,,,,5.789,,,,,,,,2,8.68
composites,EDS,EDS,,PFF,31,,mean,5.84,,,,,5.84,,,,,,,,2,8.36
composites,EDS,EDS,,HHN,38,,mean,5.379,,,,,5.379,,,,,,,,2,3.32
composites,EDS,EDS,,MFL,49,,mean,5.477,,,,,5.477,,,,,,,,2,4.9
composites,EDS,EDS,,VS,50,,mean,5.84,,,,,5.84,,,,,,,,2,6.51
composites,EDS,EDS,,UCP,39,,mean,2.888,,,,,2.888,,,,,,,,2,-10.1
composites,EDS,EDS,,FJP,72,,mean,3.057,,,,,3.057,,,,,,,,2,-7.67
composites,EDS,EDS,,HCP,70,,mean,3.482,,,,,3.482,,,,,,,,2,-5.06
composites,EDS,EDS,,HAD,54,,mean,4.47,,,,,4.47,,,,,,,,0,-1.75
composites,EDS,EDS,,HCI,67,,mean,3.802,,,,,3.802,,,,,,,,0,-1.67
composites,EDS,EDS,,GHI,71,,mean,2.399,,,,,2.399,,,,,,,,2,-13.48
composites,SCS,SCS,,TOTAL,833,,mean,5.582,,,,,5.582,,,,,,,,0,0.0
composites,SCS,SCS,,TSP,30,,mean,5.305,,,,,5.305,,,,,,,,0,-0.86
composites,SCS,SCS,,CEC,68,,mean,5.012,,,,,5.012,,,,,,,,2,-2.77
composites,SCS,SCS,,TC,69,,mean,5.26,,,,,5.26,,,,,,,,0,-0.45
composites,SCS,SCS,,HF,26,,mean,4.98,,,,,4.98,,,,,,,,0,-1.95
composites,SCS,SCS,,PP,37,,mean,5.54,,,,,5.54,,,,,,,,0,-0.56
composites,SCS,SCS,,WE,62,,mean,4.733,,,,,4.733,,,,,,,,2,-3.77
composites,SCS,SCS,,PFF,31,,mean,4.698,,,,,4.698,,,,,,,,2,-3.74
composites,SCS,SCS,,HHN,38,,mean,5.263,,,,,5.263,,,,,,,,0,-1.04
composites,SCS,SCS,,MFL,49,,mean,5.331,,,,,5.331,,,,,,,,0,-1.34
composites,SCS,SCS,,VS,50,,mean,4.906,,,,,4.906,,,,,,,,2,-3.08
composites,SCS,SCS,,UCP,39,,mean,6.9,,,,,6.9,,,,,,,,2,11.5
composites,SCS,SCS,,FJP,72,,mean,6.364,,,,,6.364,,,,,,,,2,8.12
composites,SCS,SCS,,HCP,70,,mean,5.716,,,,,5.716,,,,,,,,2,3.51
composites,SCS,SCS,,HAD,54,,mean,5.485,,,,,5.485,,,,,,,,0,-0.08
composites,SCS,SCS,,HCI,67,,mean,5.522,,,,,5.522,,,,,,,,0,1.76
composites,SCS,SCS,,GHI,71,,mean,6.188,,,,,6.188,,,,,,,,2,6.64
composites,CFS,CFS,,TOTAL,829,,mean,5.459,,,,,5.459,,,,,,,,0,0.0
composites,CFS,CFS,,TSP,38,,mean,5.165,,,,,5.165,,,,,,,,0,-0.61
composites,CFS,CFS,,CEC,68,,mean,5.278,,,,,5.278,,,,,,,,0,-0.58
composites,CFS,CFS,,TC,69,,mean,5.282,,,,,5.282,,,,,,,,0,-1.39
composites,CFS,CFS,,HF,23,,mean,5.239,,,,,5.239,,,,,,,,0,-0.74
composites,CFS,CFS,,PP,32,,mean,4.892,,,,,4.892,,,,,,,,0,-1.69
composites,CFS,CFS,,WE,58,,mean,5.041,,,,,5.041,,,,,,,,1,-2.26
composites,CFS,CFS,,PFF,37,,mean,5.076,,,,,5.076,,,,,,,,0,-1.59
composites,CFS,CFS,,HHN,34,,mean,5.031,,,,,5.031,,,,,,,,0,-1.36
composites,CFS,CFS,,MFL,49,,mean,5.41,,,,,5.41,,,,,,,,0,0.25
composites,CFS,CFS,,VS,41,,mean,5.086,,,,,5.086,,,,,,,,0,-1.1
composites,CFS,CFS,,UCP,40,,mean,5.631,,,,,5.631,,,,,,,,2,4.16
composites,CFS,CFS,,FJP,72,,mean,6.093,,,,,6.093,,,,,,,,2,4.49
composites,CFS,CFS,,HCP,70,,mean,5.855,,,,,5.855,,,,,,,,0,0.8
composites,CFS,CFS,,HAD,60,,mean,5.629,,,,,5.629,,,,,,,,0,0.54
composites,CFS,CFS,,HCI,67,,mean,5.326,,,,,5.326,,,,,,,,0,-0.03
composites,CFS,CFS,,GHI,71,,mean,5.324,,,,,5.324,,,,,,,,0,0.54
composites,PFS,PFS,,TOTAL,829,,mean,4.799,,,,,4.799,,,,,,,,0,0.0
composites,PFS,PFS,,TSP,38,,mean,4.815,,,,,4.815,,,,,,,,0,-0.31
composites,PFS,PFS,,CEC,68,,mean,4.789,,,,,4.789,,,,,,,,0,-0.08
composites,PFS,PFS,,TC,69,,mean,5.063,,,,,5.063,,,,,,,,0,1.44
composites,PFS,PFS,,HF,23,,mean,5.377,,,,,5.377,,,,,,,,0,1.57
composites,PFS,PFS,,PP,32,,mean,4.998,,,,,4.998,,,,,,,,0,1.64
composites,PFS,PFS,,WE,58,,mean,5.314,,,,,5.314,,,,,,,,2,3.66
composites,PFS,PFS,,PFF,37,,mean,5.359,,,,,5.359,,,,,,,,2,2.67
composites,PFS,PFS,,HHN,34,,mean,5.311,,,,,5.311,,,,,,,,0,1.77
composites,PFS,PFS,,MFL,49,,mean,5.125,,,,,5.125,,,,,,,,0,1.53
composites,PFS,PFS,,VS,41,,mean,5.096,,,,,5.096,,,,,,,,0,1.4
composites,PFS,PFS,,UCP,40,,mean,4.237,,,,,4.237,,,,,,,,1,-2.3
composites,PFS,PFS,,FJP,72,,mean,5.012,,,,,5.012,,,,,,,,0,1.42
composites,PFS,PFS,,HCP,70,,mean,4.366,,,,,4.366,,,,,,,,2,-2.79
composites,PFS,PFS,,HAD,60,,mean,5.294,,,,,5.294,,,,,,,,0,-0.56
composites,PFS,PFS,,HCI,67,,mean,4.81,,,,,4.81,,,,,,,,0,-0.2
composites,PFS,PFS,,GHI,71,,mean,3.898,,,,,3.898,,,,,,,,2,-5.59
composites,SCF,SCF,,TOTAL,829,,mean,-0.66,,,,,-0.66,,,,,,,,0,0.0
composites,SCF,SCF,,TSP,38,,mean,-0.349,,,,,-0.349,,,,,,,,0,0.29
composites,SCF,SCF,,CEC,68,,mean,-0.489,,,,,-0.489,,,,,,,,0,0.33
composites,SCF,SCF,,TC,69,,mean,-0.219,,,,,-0.219,,,,,,,,2,2.63
composites,SCF,SCF,,HF,23,,mean,0.138,,,,,0.138,,,,,,,,1,2.43
composites,SCF,SCF,,PP,32,,mean,0.105,,,,,0.105,,,,,,,,2,3.77
composites,SCF,SCF,,WE,58,,mean,0.273,,,,,0.273,,,,,,,,2,5.23
composites,SCF,SCF,,PFF,37,,mean,0.283,,,,,0.283,,,,,,,,2,3.2
composites,SCF,SCF,,HHN,34,,mean,0.28,,,,,0.28,,,,,,,,2,3.95
composites,SCF,SCF,,MFL,49,,mean,-0.284,,,,,-0.284,,,,,,,,0,1.11
composites,SCF,SCF,,VS,41,,mean,0.01,,,,,0.01,,,,,,,,1,2.46
composites,SCF,SCF,,UCP,40,,mean,-1.395,,,,,-1.395,,,,,,,,2,-4.12
composites,SCF,SCF,,FJP,72,,mean,-1.081,,,,,-1.081,,,,,,,,1,-2.42
composites,SCF,SCF,,HCP,70,,mean,-1.489,,,,,-1.489,,,,,,,,2,-3.38
composites,SCF,SCF,,HAD,60,,mean,-0.335,,,,,-0.335,,,,,,,,0,-0.93
composites,SCF,SCF,,HCI,67,,mean,-0.516,,,,,-0.516,,,,,,,,0,-0.19
composites,SCF,SCF,,GHI,71,,mean,-1.426,,,,,-1.426,,,,,,,,2,-5.11
composites,HKS,HKS,,TOTAL,1044,,mean,3.576,,,,,3.576,,,,,,,,0,0.0
composites,HKS,HKS,,TSP,64,,mean,1.511,,,,,1.511,,,,,,,,2,-5.26
composites,HKS,HKS,,CEC,68,,mean,3.989,,,,,3.989,,,,,,,,0,1.87
composites,HKS,HKS,,TC,69,,mean,3.284,,,,,3.284,,,,,,,,0,-0.66
composites,HKS,HKS,,HF,43,,mean,1.718,,,,,1.718,,,,,,,,2,-3.68
composites,HKS,HKS,,PP,62,,mean,1.624,,,,,1.624,,,,,,,,2,-4.13
composites,HKS,HKS,,WE,70,,mean,2.656,,,,,2.656,,,,,,,,0,-0.86
composites,HKS,HKS,,PFF,58,,mean,2.342,,,,,2.342,,,,,,,,2,-2.81
composites,HKS,HKS,,HHN,60,,mean,2.333,,,,,2.333,,,,,,,,0,-1.59
composites,HKS,HKS,,MFL,69,,mean,2.249,,,,,2.249,,,,,,,,2,-2.66
composites,HKS,HKS,,VS,67,,mean,2.331,,,,,2.331,,,,,,,,1,-2.44
composites,HKS,HKS,,UCP,69,,mean,3.324,,,,,3.324,,,,,,,,0,1.1
composites,HKS,HKS,,FJP,72,,mean,4.944,,,,,4.944,,,,,,,,2,7.64
composites,HKS,HKS,,HCP,70,,mean,4.524,,,,,4.524,,,,,,,,2,3.25
composites,HKS,HKS,,HAD,65,,mean,3.289,,,,,3.289,,,,,,,,0,1.23
composites,HKS,HKS,,HCI,67,,mean,4.611,,,,,4.611,,,,,,,,2,4.53
composites,HKS,HKS,,GHI,71,,mean,5.521,,,,,5.521,,,,,,,,2,5.95
