message,segment,proof,arm,n,lift_raw,msg_marginal,lift_shrunk,shrink_weight,ci_low,ci_high
1,1,1,1,28,-0.018615468275681835,0.027768479607950966,-0.0029822560814551733,0.66296072439873,-0.18276082,0.1720861
1,1,1,2,38,-0.03756990949600981,0.027768479607950966,-0.01976419518434835,0.7274846448489792,-0.19247615,0.16877073
1,1,2,1,33,-0.0016606067761675482,0.027768479607950966,0.007208208948649469,0.6986377487544738,-0.14478433,0.18062906
1,1,2,2,34,0.1916568788730378,0.027768479607950966,0.14329104724254516,0.7048855694034714,0.013002546,0.24029823
1,1,3,1,41,-0.06290358921515772,0.027768479607950966,-0.039536121888285446,0.742285936229605,-0.18442006,0.15510471
1,1,3,2,34,0.10608090681872713,0.027768479607950966,0.08296977945378682,0.7048855694034714,-0.08381768,0.19957718
1,2,1,1,24,0.2690710993531249,0.027768479607950966,0.1792343165341958,0.627700756362278,0.00650789,0.2536374
1,2,1,2,32,0.06357099574934415,0.027768479607950966,0.05254810501912795,0.6921196631352943,-0.099476725,0.16909117
1,2,2,1,18,0.02771561334731446,0.027768479607950966,0.027738958925422403,0.5584030754801934,-0.11672211,0.17133053
1,2,2,2,23,0.18339213918592984,0.027768479607950966,0.12389753475795932,0.6177020602824255,0.0019772232,0.2065632
1,2,3,1,31,0.11774176717892659,0.027768479607950966,0.08942837817846144,0.6853133883973054,-0.122745365,0.21923773
1,2,3,2,24,-0.21339278944059248,0.027768479607950966,-0.12360863137910658,0.627700756362278,-0.25480667,0.07493225
1,3,1,1,12,0.059946614780452774,0.027768479607950966,0.042487018497883645,0.4574080757330702,-0.2510832,0.21921442
1,3,1,2,13,0.010855334809161676,0.027768479607950966,0.01969531409794188,0.47733083386047737,-0.11955255,0.15178266
1,3,2,1,10,0.0869663804474972,0.027768479607950966,0.052195316618899826,0.4126301214152326,-0.049803652,0.12988396
1,3,2,2,11,-0.07561566798614823,0.027768479607950966,-0.017297324290211472,0.4359063255528997,-0.12156238,0.07753586
1,3,3,1,11,0.05766365096027194,0.027768479607950966,0.040799973903915515,0.4359063255528997,-0.02803049,0.12089294
1,3,3,2,12,0.2164017173135368,0.027768479607950966,0.1140508458861618,0.4574080757330702,-0.056743436,0.24281791
1,4,1,1,26,-0.3305930871954778,0.027768479607950966,-0.2038073077312076,0.6462070958244924,-0.37966293,0.09543719
1,4,1,2,30,0.009739282675363448,0.027768479607950966,0.015541089434082403,0.6781993795723497,-0.16009654,0.20666848
1,4,2,1,24,-0.03332180926149357,0.027768479607950966,-0.010577940921789418,0.627700756362278,-0.19546871,0.17796798
1,4,2,2,22,-0.46014872671187573,0.027768479607950966,-0.26847117446421326,0.607151480282048,-0.4291963,-0.036496848
1,4,3,1,36,-0.36720236889147134,0.027768479607950966,-0.25528144501971906,0.7166349762344145,-0.44102028,0.031682845
1,4,3,2,33,0.09277777626320059,0.027768479607950966,0.07318642827128631,0.6986377487544738,-0.21385919,0.3418761
1,5,1,1,10,0.004756593508189244,0.027768479607950966,0.018273082252612784,0.4126301214152326,-0.022613851,0.09064997
1,5,1,2,9,0.0997631977069249,0.027768479607950966,0.055655658972035574,0.3873503515319974,-0.052336443,0.12479553
1,5,2,1,8,0.3735514879109895,0.027768479607950966,0.15218006051445943,0.3597966872839402,0.013800841,0.20248576
1,5,2,2,12,0.3555604740173391,0.027768479607950966,0.1777031850114545,0.4574080757330702,0.009633511,0.27181536
1,5,3,1,11,-0.17874998866131483,0.027768479607950966,-0.0622542270541178,0.4359063255528997,-0.25574318,0.10044775
1,5,3,2,13,-0.4017036228565715,0.027768479607950966,-0.17723179718125193,0.47733083386047737,-0.36513972,0.108335
1,6,1,1,15,0.039093496963739156,0.027768479607950966,0.03357920448252145,0.5130875028284732,-0.067574374,0.09016988
1,6,1,2,14,0.10867076497785377,0.027768479607950966,0.06788326059688168,0.49584237089863703,-0.059760723,0.19186383
1,6,2,1,16,-0.013506468763676817,0.027768479607950966,0.005926111802819851,0.5291918867703651,-0.08363606,0.10303761
1,6,2,2,7,-0.25138675496027263,0.027768479607950966,-0.06425445115348019,0.32964787819137736,-0.13291368,0.0707325
1,6,3,1,9,0.05290166076497035,0.027768479607950966,0.0375038261642398,0.3873503515319974,-0.0759946,0.118920036
1,6,3,2,13,0.10496418109882881,0.027768479607950966,0.06461636817103618,0.47733083386047737,-0.015798558,0.10556984
1,7,1,1,12,0.1882708224129244,0.027768479607950966,0.10118354738102345,0.4574080757330702,-0.05829511,0.18692191
1,7,1,2,4,0.1736471195646585,0.027768479607950966,0.05976856825244703,0.21936102951050776,0.0070058787,0.083291106
1,7,2,1,16,0.1856753540384061,0.027768479607950966,0.11133151642181464,0.5291918867703651,-0.06459169,0.2639828
1,7,2,2,11,0.26024082978314367,0.027768479607950966,0.12910464756546622,0.4359063255528997,-0.0882235,0.2424148
1,7,3,1,7,-0.442045142652369,0.027768479607950966,-0.12710458411556877,0.32964787819137736,-0.21699576,0.015626276
1,7,3,2,11,-0.0038606064443990062,0.027768479607950966,0.01398116092627462,0.4359063255528997,-0.11535593,0.2314569
1,8,1,1,37,-0.26645108020197567,0.027768479607950966,-0.18470679252351763,0.7221656924126088,-0.35973126,0.035628673
1,8,1,2,43,0.10799493013125697,0.027768479607950966,0.08804192529504286,0.7512914418366582,-0.056949485,0.24639025
1,8,2,1,50,0.2930516677454492,0.027768479607950966,0.23426345809007373,0.7783945146765007,0.06655993,0.365304
1,8,2,2,39,0.033275820382295485,0.027768479607950966,0.03180317820707492,0.7326037673062209,-0.10745283,0.21178979
1,8,3,1,42,0.013706225063686215,0.027768479607950966,0.017265820998763177,0.746868759637925,-0.13868104,0.18366277
1,8,3,2,39,0.033277054858718194,0.027768479607950966,0.03180408258915285,0.7326037673062209,-0.11878717,0.17701739
1,9,1,1,32,0.2741300623137722,0.027768479607950966,0.19828017523978186,0.6921196631352943,0.020362448,0.32391897
1,9,1,2,25,0.029877080573092636,0.027768479607950966,0.029112058565828033,0.6371897670960198,-0.13652344,0.19891343
1,9,2,1,22,0.046004584312837896,0.027768479607950966,0.038840557574101486,0.607151480282048,-0.10142939,0.1617357
1,9,2,2,21,0.07454499843024513,0.027768479607950966,0.05564737965268423,0.5960020272275135,-0.1029833,0.21094221
1,9,3,1,24,0.17872508027404727,0.027768479607950966,0.12252405202393797,0.627700756362278,-0.11411411,0.3190649
1,9,3,2,30,-0.004432118462370103,0.027768479607950966,0.005930053974800618,0.6781993795723497,-0.14500286,0.14637709
1,10,1,1,7,0.5250860958527873,0.027768479607950966,0.19170817659025494,0.32964787819137736,0.056667015,0.22884606
1,10,1,2,12,-0.3235421593422809,0.027768479607950966,-0.13292384373882998,0.4574080757330702,-0.29261357,0.07903973
1,10,2,1,16,0.02545215873173124,0.027768479607950966,0.026542701393098667,0.5291918867703651,-0.17533435,0.23564823
1,10,2,2,12,0.1044786352390584,0.027768479607950966,0.06285632428436015,0.4574080757330702,-0.02220805,0.1443209
1,10,3,1,9,0.06362995828733446,0.027768479607950966,0.041659435980867396,0.3873503515319974,-0.030840881,0.099720396
1,10,3,2,12,0.5144215685696055,0.027768479607950966,0.250367532579456,0.4574080757330702,-0.12817657,0.47873855
1,11,1,1,31,0.11759318321108887,0.027768479607950966,0.08932655159600106,0.6853133883973054,-0.05920231,0.20096071
1,11,1,2,37,0.03093994846793546,0.027768479607950966,0.030058805613186693,0.7221656924126088,-0.13454235,0.18905753
1,11,2,1,39,0.08707784123682807,0.027768479607950966,0.07121874137379336,0.7326037673062209,-0.044874292,0.1795824
1,11,2,2,44,-0.08684823507559428,0.027768479607950966,-0.05883158123132594,0.7555622325973848,-0.14214616,0.05059459
1,11,3,1,30,0.0052610084875335476,0.027768479607950966,0.012503926658341295,0.6781993795723497,-0.12764734,0.14254054
1,11,3,2,40,-0.17919765619467715,0.027768479607950966,-0.124876105863268,0.7375341133913206,-0.26936212,0.07537702
1,12,1,1,59,0.19440944090924195,0.027768479607950966,0.16201912918128197,0.8056281512358927,-0.023757428,0.30244985
1,12,1,2,53,0.12114556438311283,0.027768479607950966,0.10137600135837976,0.7882824991555987,-0.07648427,0.23478074
1,12,2,1,65,-0.061255398541114385,0.027768479607950966,-0.04526197643094841,0.820346827809659,-0.18185426,0.111057594
1,12,2,2,63,0.12454843609826126,0.027768479607950966,0.10671137683387247,0.8156946963891779,-0.06671906,0.25469404
1,12,3,1,60,0.02331529525491516,0.027768479607950966,0.024169208982407306,0.8082464906466276,-0.10047932,0.1535416
1,12,3,2,54,0.1466365430545126,0.027768479607950966,0.12183891516694645,0.7913852790349009,-0.04144724,0.24793835
1,13,1,1,49,0.09562254204733446,0.027768479607950966,0.08034791590522887,0.7748900273178048,-0.07508939,0.25723267
1,13,1,2,73,-0.013415212848003552,0.027768479607950966,-0.006694948478272368,0.8368221990556474,-0.12895669,0.115086876
1,13,2,1,63,0.10017335933098451,0.027768479607950966,0.08682875599072576,0.8156946963891779,-0.059452865,0.23523292
1,13,2,2,53,-0.0011931288253023105,0.027768479607950966,0.004938550532620211,0.7882824991555987,-0.15222459,0.15224868
1,13,3,1,55,-0.17303366477060667,0.027768479607950966,-0.13174842827419028,0.7943984282429557,-0.24605575,0.03742518
1,13,3,2,61,0.056772240264240395,0.027768479607950966,0.05128459027142808,0.8107952255625057,-0.058032475,0.15866402
1,14,1,1,16,-0.10071680190525265,0.027768479607950966,-0.04022488893824277,0.5291918867703651,-0.16820769,0.17561877
1,14,1,2,11,0.16465895108578268,0.027768479607950966,0.08743990203305661,0.4359063255528997,-0.050813545,0.1896213
1,14,2,1,15,0.2857320976064812,0.027768479607950966,0.16012638818741504,0.5130875028284732,-0.08359167,0.30705523
1,14,2,2,12,0.056447151559373576,0.027768479607950966,0.04088633575983116,0.4574080757330702,-0.0437402,0.12967414
1,14,3,1,10,-0.05114991525294995,0.027768479607950966,-0.004795627245397845,0.4126301214152326,-0.11559842,0.13441758
1,14,3,2,7,-0.1167945353707661,0.027768479607950966,-0.019886411544731423,0.32964787819137736,-0.09073037,0.07715319
1,15,1,1,13,-0.13631799206273948,0.027768479607950966,-0.050555052739843294,0.47733083386047737,-0.17354044,0.0956396
1,15,1,2,9,0.2552826292474169,0.027768479607950966,0.11589616544930156,0.3873503515319974,0.011182441,0.23505671
1,15,2,1,10,0.13884483138726347,0.027768479607950966,0.07360192812900977,0.4126301214152326,0.0010789104,0.16455871
1,15,2,2,11,0.15204582616600168,0.027768479607950966,0.08194176109553516,0.4359063255528997,0.0044511445,0.12072283
1,15,3,1,14,0.16218872519734118,0.027768479607950966,0.09441973287777128,0.49584237089863703,-0.07654539,0.22264014
1,15,3,2,14,-0.1110115410010787,0.027768479607950966,-0.04104453484419201,0.49584237089863703,-0.11962572,0.07059143
1,16,1,1,51,-0.06441355526720655,0.027768479607950966,-0.04429865721670527,0.7817915597356583,-0.20581049,0.108526245
1,16,1,2,34,-0.2795353567296453,0.027768479607950966,-0.18884556004874675,0.7048855694034714,-0.31490028,0.01736602
1,16,2,1,33,-0.12168516346697529,0.027768479607950966,-0.07664547713307017,0.6986377487544738,-0.23136142,0.11916053
1,16,2,2,46,0.061788646151691454,0.027768479607950966,0.053748945951117975,0.763678399685767,-0.042010922,0.14687301
1,16,3,1,39,-0.037916401011216565,0.027768479607950966,-0.02035251138871054,0.7326037673062209,-0.11592452,0.09035482
1,16,3,2,34,0.21220918148484522,0.027768479607950966,0.15777806877162148,0.7048855694034714,-0.05960574,0.33370346
2,1,1,1,35,-0.12583044593332957,-0.03353937878975909,-0.09914721503946598,0.7108795930124588,-0.30150935,0.13844402
2,1,1,2,29,-0.07490359340861112,-0.03353937878975909,-0.06128468565445124,0.6707562834287933,-0.18401752,0.0894616
2,1,2,1,25,-0.0572152836665266,-0.03353937878975909,-0.04862542310397411,0.6371897670960198,-0.25211805,0.14226949
2,1,2,2,36,-0.11485562056769695,-0.03353937878975909,-0.0918134417837635,0.7166349762344145,-0.21791257,0.050508752
2,1,3,1,42,-0.09247864610220334,-0.03353937878975909,-0.07755927626137242,0.746868759637925,-0.2628539,0.111410625
2,1,3,2,41,0.11518658032615392,-0.03353937878975909,0.07685780901424236,0.742285936229605,-0.06734911,0.20411357
2,2,1,1,27,0.0011888427997708876,-0.03353937878975909,-0.010799788698493204,0.6547870593558273,-0.14753027,0.12287307
2,2,1,2,30,0.15194592290354877,-0.03353937878975909,0.0922566377384324,0.6781993795723497,-0.107186705,0.25011232
2,2,2,1,18,-0.055594197995288086,-0.03353937878975909,-0.04585485766328612,0.5584030754801934,-0.20083833,0.102357246
2,2,2,2,29,0.07261746288113238,-0.03353937878975909,0.037665989789946924,0.6707562834287933,-0.13411348,0.18781461
2,2,3,1,28,-0.07923660025412746,-0.03353937878975909,-0.06383484183478594,0.66296072439873,-0.22221361,0.13820443
2,2,3,2,20,0.023544650557961844,-0.03353937878975909,-0.00019081910164653326,0.5842012217633336,-0.16595557,0.1448848
2,3,1,1,7,0.07231347196200517,-0.03353937878975909,0.0013547888610685455,0.32964787819137736,-0.05364414,0.04773106
2,3,1,2,11,0.04342853074191788,-0.03353937878975909,1.1419839682221683e-05,0.4359063255528997,-0.06037453,0.06200231
2,3,2,1,11,0.02723138460921417,-0.03353937878975909,-0.007049018615468012,0.4359063255528997,-0.09487565,0.06807891
2,3,2,2,11,0.2895924783216721,-0.03353937878975909,0.10731584171276952,0.4359063255528997,-0.041041847,0.173063
2,3,3,1,15,-0.04374771966236176,-0.03353937878975909,-0.03877715091610463,0.5130875028284732,-0.15668738,0.100629225
2,3,3,2,14,-0.0694340811547861,-0.03353937878975909,-0.051337493113135,0.49584237089863703,-0.20875977,0.07483916
2,4,1,1,30,0.08711966679274007,-0.03353937878975909,0.04829151106408369,0.6781993795723497,-0.22259216,0.28218812
2,4,1,2,20,-0.4555558652634135,-0.03353937878975909,-0.28008192579193736,0.5842012217633336,-0.42679453,-0.031707052
2,4,2,1,27,-0.051263633156621885,-0.03353937878975909,-0.04514499118591186,0.6547870593558273,-0.14667128,0.08237067
2,4,2,2,32,0.03828716606249886,-0.03353937878975909,0.016173185237557786,0.6921196631352943,-0.15120764,0.20426555
2,4,3,1,29,0.09376447916524737,-0.03353937878975909,0.05185048383828807,0.6707562834287933,-0.14287665,0.21332891
2,4,3,2,33,0.35721915694976286,-0.03353937878975909,0.23945928492589513,0.6986377487544738,-0.027568925,0.43191656
2,5,1,1,8,-0.21102187682834855,-0.03353937878975909,-0.09739699363492199,0.3597966872839402,-0.22086371,0.066851996
2,5,1,2,11,0.055918058208179716,-0.03353937878975909,0.005455683865392438,0.4359063255528997,-0.11667439,0.09938402
2,5,2,1,13,0.026792082092561037,-0.03353937878975909,-0.004741312258780453,0.47733083386047737,-0.10749002,0.09034084
2,5,2,2,13,-0.14248664663924313,-0.03353937878975909,-0.08554326899917408,0.47733083386047737,-0.29650578,0.084921554
2,5,3,1,8,-0.4768914640647384,-0.03353937878975909,-0.19305599037212362,0.3597966872839402,-0.25145856,-0.0325918
2,5,3,2,10,-0.06332312308966787,-0.03353937878975909,-0.04582904881643069,0.4126301214152326,-0.27387342,0.12970322
2,6,1,1,16,0.04763929499932217,-0.03353937878975909,0.009419716758200806,0.5291918867703651,-0.085295394,0.08253427
2,6,1,2,8,-0.20749398132239139,-0.03353937878975909,-0.09612766851879471,0.3597966872839402,-0.1712581,0.026422987
2,6,2,1,11,-0.002830173137372727,-0.03353937878975909,-0.020153041793179016,0.4359063255528997,-0.20453933,0.104156174
2,6,2,2,12,0.15883987925162332,-0.03353937878975909,0.054456447441905406,0.4574080757330702,-0.104417846,0.19980016
2,6,3,1,13,0.04225854560828012,-0.03353937878975909,0.0026413076680503883,0.47733083386047737,-0.11218243,0.09881618
2,6,3,2,14,-0.05116184825969613,-0.03353937878975909,-0.04227734583282152,0.49584237089863703,-0.13696826,0.047173757
2,7,1,1,16,-0.04873724290389857,-0.03353937878975909,-0.041581965175200186,0.5291918867703651,-0.16925345,0.10596316
2,7,1,2,7,0.08622521716080081,-0.03353937878975909,0.005940766147790606,0.32964787819137736,-0.085564144,0.07245207
2,7,2,1,9,-0.5288683034626407,-0.03353937878975909,-0.22540521188576607,0.3873503515319974,-0.30763614,-0.06257095
2,7,2,2,9,0.3816202982973424,-0.03353937878975909,0.1272728680718402,0.3873503515319974,-0.072491705,0.19254185
2,7,3,1,10,0.13483988603748398,-0.03353937878975909,0.03593897769971382,0.4126301214152326,-0.14494269,0.21996942
2,7,3,2,10,0.07123953903580862,-0.03353937878975909,0.009695558794361594,0.4126301214152326,-0.13312738,0.19986616
2,8,1,1,39,-0.056430678313206833,-0.03353937878975909,-0.05030963105917201,0.7326037673062209,-0.26741925,0.19359416
2,8,1,2,39,-0.3354375406001461,-0.03353937878975909,-0.25471110947487163,0.7326037673062209,-0.41068617,-0.06614116
2,8,2,1,60,-0.2126100836732757,-0.03353937878975909,-0.1782726475894793,0.8082464906466276,-0.3321323,0.0280113
2,8,2,2,47,-0.14789114541722512,-0.03353937878975909,-0.12130866737024953,0.7675376705497196,-0.26256102,0.02564586
2,8,3,1,30,-0.39585812606997256,-0.03353937878975909,-0.2792637284026308,0.6781993795723497,-0.3523561,-0.12681167
2,8,3,2,35,-0.06025246918147144,-0.03353937878975909,-0.05252916961552459,0.7108795930124588,-0.16893014,0.06402624
2,9,1,1,23,-0.0072539384751566125,-0.03353937878975909,-0.017302808151998417,0.6177020602824255,-0.20565496,0.17125694
2,9,1,2,32,0.08205154214715236,-0.03353937878975909,0.0464633704705945,0.6921196631352943,-0.09797791,0.15468669
2,9,2,1,27,-0.03210527804243497,-0.03353937878975909,-0.032600348178598734,0.6547870593558273,-0.23695455,0.18060234
2,9,2,2,17,0.32837318187637393,-0.03353937878975909,0.16343699285171315,0.5442650878955936,-0.068313256,0.30772766
2,9,3,1,28,0.14286657771480082,-0.03353937878975909,0.0834108419227548,0.66296072439873,-0.14509849,0.2507983
2,9,3,2,27,0.058367974580827105,-0.03353937878975909,0.026640366856943924,0.6547870593558273,-0.14764881,0.17433584
2,10,1,1,16,-0.1681137727836679,-0.03353937878975909,-0.10475505625837418,0.5291918867703651,-0.23003809,0.04767127
2,10,1,2,11,-0.21859072216601136,-0.03353937878975909,-0.11420442991952914,0.4359063255528997,-0.14376996,-0.023835322
2,10,2,1,7,0.4836649571269364,-0.03353937878975909,0.13695593313656,0.32964787819137736,-0.070362926,0.2521399
2,10,2,2,11,-0.05890705801796474,-0.03353937878975909,-0.04459731062993083,0.4359063255528997,-0.14924808,0.14505224
2,10,3,1,9,0.5008783309280201,-0.03353937878975909,0.17346750893434765,0.3873503515319974,0.00046062993,0.21286517
2,10,3,2,14,-0.024009429894048136,-0.03353937878975909,-0.028814026334766926,0.49584237089863703,-0.14081128,0.10486379
2,11,1,1,41,0.0137929491721721,-0.03353937878975909,0.0015947425853897156,0.742285936229605,-0.14610182,0.1407033
2,11,1,2,40,-0.017690184603180302,-0.03353937878975909,-0.021850057407393833,0.7375341133913206,-0.1360681,0.09422341
2,11,2,1,27,0.11250674069658205,-0.03353937878975909,0.062089730319032005,0.6547870593558273,-0.057506993,0.1386315
2,11,2,2,40,-0.018736404078658706,-0.03353937878975909,-0.022621679960653528,0.7375341133913206,-0.124518074,0.09162273
2,11,3,1,32,-0.15317981651209503,-0.03353937878975909,-0.1163448782435014,0.6921196631352943,-0.22445373,0.030656256
2,11,3,2,41,0.10438379882702939,-0.03353937878975909,0.06883905623528085,0.742285936229605,-0.107735746,0.21656935
2,12,1,1,64,0.11814310408994905,-0.03353937878975909,0.0905445512553641,0.8180504939619693,-0.051858235,0.18982087
2,12,1,2,60,-0.09358648877912404,-0.03353937878975909,-0.08207224471213537,0.8082464906466276,-0.23402591,0.09776742
2,12,2,1,59,-0.016705265009414702,-0.03353937878975909,-0.019977342827205577,0.8056281512358927,-0.1610514,0.106058955
2,12,2,2,60,-0.12653728514068732,-0.03353937878975909,-0.10870461023538056,0.8082464906466276,-0.23796469,0.024282971
2,12,3,1,61,0.026035816974324204,-0.03353937878975909,0.014763905497711258,0.8107952255625057,-0.14024413,0.14637347
2,12,3,2,50,-0.06454565192942402,-0.03353937878975909,-0.05767449172223559,0.7783945146765007,-0.23063552,0.106500566
2,13,1,1,50,-0.020751348270538966,-0.03353937878975909,-0.023585245980082464,0.7783945146765007,-0.17359035,0.10596462
2,13,1,2,67,-0.07696141301991324,-0.03353937878975909,-0.06935256511195703,0.8247698883100162,-0.17273821,0.029366516
2,13,2,1,58,0.030277210362532732,-0.03353937878975909,0.017701342056786636,0.8029373165692848,-0.1546812,0.21126051
2,13,2,2,61,-0.06105958455675973,-0.03353937878975909,-0.055852630232140946,0.8107952255625057,-0.24798597,0.13325211
2,13,3,1,59,-0.13343583982995022,-0.03353937878975909,-0.11401878001257665,0.8056281512358927,-0.24450488,0.039690427
2,13,3,2,59,-0.07904567541977221,-0.03353937878975909,-0.0702005324133887,0.8056281512358927,-0.20549242,0.079442374
2,14,1,1,12,0.06283526482355453,-0.03353937878975909,0.010543161494867115,0.4574080757330702,-0.15448335,0.1279064
2,14,1,2,10,-0.05709478832436163,-0.03353937878975909,-0.04325905028600766,0.4126301214152326,-0.13859773,0.060024176
2,14,2,1,11,-0.40323079418599156,-0.03353937878975909,-0.1946902052635815,0.4359063255528997,-0.27129915,-0.058656625
2,14,2,2,10,0.10420893684996627,-0.03353937878975909,0.023299725417404563,0.4126301214152326,-0.092119694,0.11990284
2,14,3,1,18,-0.26958170389833813,-0.03353937878975909,-0.16534613907388532,0.5584030754801934,-0.3080242,0.014193587
2,14,3,2,10,-0.023265163281892355,-0.03353937878975909,-0.029299927997301772,0.4126301214152326,-0.09385003,0.036503322
2,15,1,1,13,0.04172040175178592,-0.03353937878975909,0.0023844350122931186,0.47733083386047737,-0.13540593,0.12103053
2,15,1,2,9,-0.07250413334690209,-0.03353937878975909,-0.04863239016482643,0.3873503515319974,-0.19690764,0.074377075
2,15,2,1,10,-0.014023559577327087,-0.03353937878975909,-0.025486563938615543,0.4126301214152326,-0.13627462,0.07941954
2,15,2,2,14,0.015852646895490204,-0.03353937878975909,-0.009048719670498705,0.49584237089863703,-0.09943438,0.049886577
2,15,3,1,14,-0.12130218552116506,-0.03353937878975909,-0.07705589695617829,0.49584237089863703,-0.14364335,0.0030330443
2,15,3,2,11,0.28011286042365,-0.03353937878975909,0.1031836163071972,0.4359063255528997,-0.0376276,0.15712376
2,16,1,1,32,-0.17792674045806645,-0.03353937878975909,-0.13347271090862187,0.6921196631352943,-0.24819823,0.039346598
2,16,1,2,46,0.06092581499913525,-0.03353937878975909,0.03860164922894959,0.763678399685767,-0.13296004,0.19819443
2,16,2,1,48,0.0056557392709542485,-0.03353937878975909,-0.0033092456940382866,0.7712729184510747,-0.138439,0.14893909
2,16,2,2,36,-0.10388065859770698,-0.03353937878975909,-0.08394840017322613,0.7166349762344145,-0.31955114,0.1680687
2,16,3,1,43,-0.1558416307076015,-0.03353937878975909,-0.1254240139729851,0.7512914418366582,-0.28027824,0.050365176
2,16,3,2,32,-0.12183402729313413,-0.03353937878975909,-0.09464984116856423,0.6921196631352943,-0.30448797,0.1142134
3,1,1,1,38,-0.23962563241308335,-0.002936294040358313,-0.17512415330598005,0.7274846448489792,-0.34789738,0.06563064
3,1,1,2,32,0.06967788088261481,-0.002936294040358313,0.04732140424617718,0.6921196631352943,-0.105874404,0.19978547
3,1,2,1,33,-0.14724823735653111,-0.002936294040358313,-0.10375806523715252,0.6986377487544738,-0.23982984,0.055395648
3,1,2,2,40,0.03168303598081064,-0.002936294040358313,0.022596642833006057,0.7375341133913206,-0.16876335,0.19367199
3,1,3,1,31,-0.12254057353428517,-0.002936294040358313,-0.08490270808715968,0.6853133883973054,-0.3206288,0.16163655
3,1,3,2,34,-0.10831126944036402,-0.002936294040358313,-0.07721359357606812,0.7048855694034714,-0.20905003,0.07710459
3,2,1,1,28,0.0802373207858511,-0.002936294040358313,0.05220454589568642,0.66296072439873,-0.13490754,0.24591002
3,2,1,2,36,0.1722201187358298,-0.002936294040358313,0.12258691766681055,0.7166349762344145,-0.018163156,0.22859341
3,2,2,1,26,0.13878400670338256,-0.002936294040358313,0.08864436992262813,0.6462070958244924,-0.17059007,0.25104505
3,2,2,2,20,0.2319598751488908,-0.002936294040358313,0.13429033498752774,0.5842012217633336,-0.0654886,0.26983315
3,2,3,1,19,0.3325333637930683,-0.002936294040358313,0.18884844466528616,0.571690268336795,-0.15393005,0.2975237
3,2,3,2,23,0.1969885968551948,-0.002936294040358313,0.12055772296756397,0.6177020602824255,-0.03157352,0.21516308
3,3,1,1,10,0.20485946308087108,-0.002936294040358313,0.08280649445014476,0.4126301214152326,-0.038761076,0.13353615
3,3,1,2,12,-0.19034835374248454,-0.002936294040358313,-0.08866008363787914,0.4574080757330702,-0.21580635,0.07571349
3,3,2,1,12,0.0690271496827754,-0.002936294040358313,0.029980366276165366,0.4574080757330702,-0.24467236,0.14232625
3,3,2,2,16,-0.07629890755431065,-0.002936294040358313,-0.04175919390421184,0.5291918867703651,-0.13395078,0.04485366
3,3,3,1,11,0.04054797592986162,-0.002936294040358313,0.01601877430171056,0.4359063255528997,-0.13589607,0.12733033
3,3,3,2,8,-0.39730256194264213,-0.002936294040358313,-0.1448279708081309,0.3597966872839402,-0.23224086,0.051826462
3,4,1,1,36,-0.18809453365358197,-0.002936294040358313,-0.1356271646851869,0.7166349762344145,-0.2915236,0.07630344
3,4,1,2,24,-0.1647041432189942,-0.002936294040358313,-0.10447809532488697,0.627700756362278,-0.23934002,0.07502787
3,4,2,1,26,0.10189746102400442,-0.002936294040358313,0.06480802236415971,0.6462070958244924,-0.18318155,0.28265792
3,4,2,2,34,0.2742171896880587,-0.002936294040358313,0.19242519714970263,0.7048855694034714,-0.017258065,0.328021
3,4,3,1,24,0.3044486482158186,-0.002936294040358313,0.19000946670821905,0.627700756362278,-0.048231963,0.35226813
3,4,3,2,27,0.07937228680700438,-0.002936294040358313,0.05095829957243767,0.6547870593558273,-0.09894273,0.16505247
3,5,1,1,8,0.0450204228022963,-0.002936294040358313,0.01431837381264276,0.3597966872839402,-0.11000559,0.13404834
3,5,1,2,12,0.6199720141043219,-0.002936294040358313,0.28198699654624215,0.4574080757330702,0.038189523,0.35605353
3,5,2,1,10,-0.08200149451752499,-0.002936294040358313,-0.0355609773129713,0.4126301214152326,-0.117063716,0.11768884
3,5,2,2,11,-0.20473353622779236,-0.002936294040358313,-0.09090098838899129,0.4359063255528997,-0.21578796,0.07358737
3,5,3,1,11,-0.1624099011865159,-0.002936294040358313,-0.07245184815410652,0.4359063255528997,-0.108315565,0.0077361646
3,5,3,2,11,0.04319579921403473,-0.002936294040358313,0.01717297722022787,0.4359063255528997,-0.09067762,0.1450136
3,6,1,1,16,0.0511726761369484,-0.002936294040358313,0.025697733978972043,0.5291918867703651,-0.06073046,0.12341099
3,6,1,2,12,0.07246365962059675,-0.002936294040358313,0.0315522536740618,0.4574080757330702,-0.096587494,0.11138183
3,6,2,1,13,-0.23775577839496995,-0.002936294040358313,-0.11502287431403241,0.47733083386047737,-0.20269477,0.0044419644
3,6,2,2,9,-0.11111608144807332,-0.002936294040358313,-0.04483977272139347,0.3873503515319974,-0.16588026,0.05211638
3,6,3,1,11,0.1472153609463626,-0.002936294040358313,0.06251576216058993,0.4359063255528997,-0.083424,0.19438474
3,6,3,2,13,0.12100988714488381,-0.002936294040358313,0.05622703997861512,0.47733083386047737,-0.05211406,0.13100243
3,7,1,1,14,-0.41075642590142664,-0.002936294040358313,-0.2051507951225452,0.49584237089863703,-0.3204293,-0.020006502
3,7,1,2,6,-0.3827204221826361,-0.002936294040358313,-0.11554956817640336,0.29651916915774046,-0.1611675,-0.0024299244
3,7,2,1,10,-0.32937671032229143,-0.002936294040358313,-0.13763544264561145,0.4126301214152326,-0.18650827,-0.0064481404
3,7,2,2,6,-0.12638659258505458,-0.002936294040358313,-0.03954167399710667,0.29651916915774046,-0.10256793,0.033845052
3,7,3,1,11,0.37705371922385433,-0.002936294040358313,0.16270375638844223,0.4359063255528997,-0.07566152,0.31561005
3,7,3,2,14,-0.5265581470126698,-0.002936294040358313,-0.26257019507248675,0.49584237089863703,-0.41677156,0.00858509
3,8,1,1,41,-0.13579382390437056,-0.002936294040358313,-0.10155456998061936,0.742285936229605,-0.23433065,0.046291273
3,8,1,2,37,0.19115004122318394,-0.002936294040358313,0.1372261986530634,0.7221656924126088,-0.057117146,0.29004693
3,8,2,1,52,-0.007056030786876619,-0.002936294040358313,-0.006170641802898711,0.785086028924986,-0.24041097,0.17566757
3,8,2,2,41,-0.12047147031369151,-0.002936294040358313,-0.0901810024003211,0.742285936229605,-0.1998825,0.052713163
3,8,3,1,36,-0.0001110281074483114,-0.002936294040358313,-0.0009116096556714531,0.7166349762344145,-0.10704262,0.09925758
3,8,3,2,43,0.08752923008041665,-0.002936294040358313,0.06502968001284769,0.7512914418366582,-0.1436503,0.20276989
3,9,1,1,28,-0.22311855532173896,-0.002936294040358313,-0.14890848547921287,0.66296072439873,-0.2840538,0.033158183
3,9,1,2,16,0.10817312699058153,-0.002936294040358313,0.05586191011296763,0.5291918867703651,-0.07690765,0.16524857
3,9,2,1,27,0.102516321527743,-0.002936294040358313,0.06611271400885926,0.6547870593558273,-0.12123732,0.2627924
3,9,2,2,19,0.3778537375469249,-0.002936294040358313,0.2147576612977523,0.571690268336795,-0.014209241,0.33608884
3,9,3,1,23,-0.13811476196127861,-0.002936294040358313,-0.08643631218093255,0.6177020602824255,-0.20429572,0.065099664
3,9,3,2,41,-0.23591081389135937,-0.002936294040358313,-0.17587000362560132,0.742285936229605,-0.30939078,3.2603275e-05
3,10,1,1,9,-0.25609486835532,-0.002936294040358313,-0.10099735679459802,0.3873503515319974,-0.26091364,0.045480464
3,10,1,2,14,-0.28599272971809847,-0.002936294040358313,-0.14328766820492653,0.49584237089863703,-0.23725884,0.0032958284
3,10,2,1,16,0.37047668671935985,-0.002936294040358313,0.19467082579242298,0.5291918867703651,-0.014267666,0.28185257
3,10,2,2,9,-0.11970469804353027,-0.002936294040358313,-0.048166576378817265,0.3873503515319974,-0.09664844,0.05784149
3,10,3,1,7,-0.4516639111020654,-0.002936294040358313,-0.15085840089062294,0.32964787819137736,-0.38186958,0.2304413
3,10,3,2,13,-0.5033278222041305,-0.002936294040358313,-0.24178859943549025,0.47733083386047737,-0.2677794,-0.10278672
3,11,1,1,33,-0.024185443172446027,-0.002936294040358313,-0.017781751752948154,0.6986377487544738,-0.15253124,0.11830184
3,11,1,2,43,-0.009900089767318215,-0.002936294040358313,-0.008168134172721978,0.7512914418366582,-0.13737673,0.12685847
3,11,2,1,37,0.028820979184914317,-0.002936294040358313,0.019997719167507096,0.7221656924126088,-0.11564441,0.1510186
3,11,2,2,34,0.031007995087524314,-0.002936294040358313,0.020990545529545296,0.7048855694034714,-0.113252856,0.15506724
3,11,3,1,30,-0.07915332581820997,-0.002936294040358313,-0.054626637704943366,0.6781993795723497,-0.1746687,0.090416886
3,11,3,2,44,-0.20377532421227218,-0.002936294040358313,-0.15468268006974306,0.7555622325973848,-0.2685894,0.0075432747
3,12,1,1,63,0.0014463902535136505,-0.002936294040358313,0.0006386382941011968,0.8156946963891779,-0.1205316,0.121093996
3,12,1,2,60,-0.06355944792704864,-0.002936294040358313,-0.05193474542120623,0.8082464906466276,-0.15543771,0.08140131
3,12,2,1,57,0.12019340870151544,-0.002936294040358313,0.09558851515191362,0.8001709335627736,-0.042938333,0.21768783
3,12,2,2,51,0.03794122575687107,-0.002936294040358313,0.029021405920042896,0.7817915597356583,-0.12260606,0.17565586
3,12,3,1,64,0.026158299321363123,-0.002936294040358313,0.02086455243082054,0.8180504939619693,-0.1859638,0.2062909
3,12,3,2,59,0.015033113367056927,-0.002936294040358313,0.011540366428082184,0.8056281512358927,-0.19539765,0.20397645
3,13,1,1,53,0.010350990233525481,-0.002936294040358313,0.007537839614049689,0.7882824991555987,-0.14088313,0.15765534
3,13,1,2,56,-0.1470700319023899,-0.002936294040358313,-0.11785783832139785,0.7973257752535725,-0.24073207,0.03116501
3,13,2,1,66,0.04295609982101458,-0.002936294040358313,0.034814143044620834,0.8225859212969333,-0.18857267,0.23505363
3,13,2,2,52,-0.022090954290465696,-0.002936294040358313,-0.017974350191522395,0.785086028924986,-0.14257295,0.10244167
3,13,3,1,48,0.09017074523690322,-0.002936294040358313,0.06887464387135403,0.7712729184510747,-0.10892652,0.24666731
3,13,3,2,79,-0.07516225780973203,-0.002936294040358313,-0.06413503521291872,0.8473232890041512,-0.18424378,0.08330086
3,14,1,1,15,0.04970487463467454,-0.002936294040358313,0.024073231741086734,0.5130875028284732,-0.14794771,0.15987939
3,14,1,2,7,-0.45444303116772433,-0.002936294040358313,-0.15177453192350648,0.32964787819137736,-0.2102149,0.0063955723
3,14,2,1,11,-0.26313149068472025,-0.002936294040358313,-0.1163570261361163,0.4359063255528997,-0.3714588,0.17316656
3,14,2,2,10,0.16327319306176982,-0.002936294040358313,0.06564674680295636,0.4126301214152326,-0.031865835,0.13163133
3,14,3,1,15,-0.2589336303302089,-0.002936294040358313,-0.1342853280480586,0.5130875028284732,-0.24854591,0.040208474
3,14,3,2,13,0.03537875628411922,-0.002936294040358313,0.015352660880430701,0.47733083386047737,-0.12609799,0.19922183
3,15,1,1,11,0.5533036731558424,-0.002936294040358313,0.239532226185803,0.4359063255528997,0.002753742,0.27236164
3,15,1,2,7,-0.21006975679882492,-0.002936294040358313,-0.07121740054111951,0.32964787819137736,-0.11506189,0.014343971
3,15,2,1,20,-0.11803512361718005,-0.002936294040358313,-0.07017717090266729,0.5842012217633336,-0.2148686,0.10728164
3,15,2,2,13,0.03803097247923676,-0.002936294040358313,0.016618645448424417,0.47733083386047737,-0.13201436,0.23988195
3,15,3,1,6,0.12253784549661528,-0.002936294040358313,0.034269193565927496,0.29651916915774046,-0.06111292,0.08821078
3,15,3,2,14,0.15863220695880145,-0.002936294040358313,0.07717621455760387,0.49584237089863703,-0.060405564,0.17145523
3,16,1,1,43,-0.07803841209398275,-0.002936294040358313,-0.05935987259785274,0.7512914418366582,-0.17131956,0.060580805
3,16,1,2,39,0.20347337132232554,-0.002936294040358313,0.14828020441276024,0.7326037673062209,0.026508968,0.23775712
3,16,2,1,41,0.10168152175746062,-0.002936294040358313,0.07472003930542208,0.742285936229605,-0.04882628,0.16870151
3,16,2,2,38,0.11519911907901623,-0.002936294040358313,0.08300540501687731,0.7274846448489792,-0.09441425,0.2382161
3,16,3,1,39,-0.0036405827097095167,-0.002936294040358313,-0.0034522585727960902,0.7326037673062209,-0.1497438,0.169251
3,16,3,2,37,0.05440658417939095,-0.002936294040358313,0.03847476531413881,0.7221656924126088,-0.11417842,0.17813095
4,1,1,1,32,0.10507651874272782,-0.02189546447281855,0.06598434177794564,0.6921196631352943,-0.14179845,0.23947495
4,1,1,2,40,-0.08603142303750241,-0.02189546447281855,-0.06919792180932513,0.7375341133913206,-0.27467144,0.13924426
4,1,2,1,37,0.24371197017592644,-0.02189546447281855,0.16991711248022912,0.7221656924126088,-0.023568608,0.29732
4,1,2,2,32,0.0009106313307448587,-0.02189546447281855,-0.006110917127824996,0.6921196631352943,-0.12792435,0.10561076
4,1,3,1,33,0.2392756258954283,-0.02189546447281855,0.16056851814180467,0.6986377487544738,-0.04288567,0.32196087
4,1,3,2,34,0.07402200373638053,-0.02189546447281855,0.045715374721562105,0.7048855694034714,-0.113030404,0.20579395
4,2,1,1,26,-0.13637433902590904,-0.02189546447281855,-0.09587252553102754,0.6462070958244924,-0.25678816,0.0823617
4,2,1,2,34,0.017401501559854596,-0.02189546447281855,0.005804399804951134,0.7048855694034714,-0.12570877,0.13189666
4,2,2,1,22,-0.06294673879237457,-0.02189546447281855,-0.04681980644340141,0.607151480282048,-0.20567113,0.11185021
4,2,2,2,22,0.056667468420132344,-0.02189546447281855,0.025804136528435787,0.607151480282048,-0.12410987,0.14791904
4,2,3,1,25,-0.30507736715304595,-0.02189546447281855,-0.2023360750874404,0.6371897670960198,-0.25963363,-0.067119926
4,2,3,2,23,0.1918901786944044,-0.02189546447281855,0.11016036777037849,0.6177020602824255,-0.06708009,0.23270077
4,3,1,1,15,0.10719807102598142,-0.02189546447281855,0.04434081528755958,0.5130875028284732,-0.06587001,0.18817045
4,3,1,2,13,0.14925554900608615,-0.02189546447281855,0.059800191507132824,0.47733083386047737,-0.07966175,0.17624195
4,3,2,1,9,0.016715356770729575,-0.02189546447281855,-0.006939549291191072,0.3873503515319974,-0.11155227,0.06556876
4,3,2,2,14,0.2177478639788544,-0.02189546447281855,0.09692985167669976,0.49584237089863703,-0.07855792,0.20383869
4,3,3,1,9,-0.30759097286746073,-0.02189546447281855,-0.13255972008059594,0.3873503515319974,-0.16345966,-0.031591825
4,3,3,2,9,0.1231756929988715,-0.02189546447281855,0.034297899370994346,0.3873503515319974,-0.10455922,0.12058957
4,4,1,1,27,0.040839541321805624,-0.02189546447281855,0.019182605490114194,0.6547870593558273,-0.18070205,0.20556575
4,4,1,2,28,0.11805377403600822,-0.02189546447281855,0.07088538406804389,0.66296072439873,-0.20159,0.29691067
4,4,2,1,23,0.11199238507453248,-0.02189546447281855,0.060807336039363585,0.6177020602824255,-0.12848407,0.18435372
4,4,2,2,36,-0.1956060360537836,-0.02189546447281855,-0.14638253580941,0.7166349762344145,-0.38657826,0.099638015
4,4,3,1,36,0.14829931815353053,-0.02189546447281855,0.10007206952983647,0.7166349762344145,-0.051871594,0.23370846
4,4,3,2,21,0.06593838800454173,-0.02189546447281855,0.030453689662890533,0.5960020272275135,-0.18045866,0.23218603
4,5,1,1,6,-0.3189707163660128,-0.02189546447281855,-0.10998397134151498,0.29651916915774046,-0.17399456,0.009450023
4,5,1,2,12,-0.3368533089015532,-0.02189546447281855,-0.16595972603000175,0.4574080757330702,-0.3784747,0.042308673
4,5,2,1,16,-0.029279143833404592,-0.02189546447281855,-0.025802847684954482,0.5291918867703651,-0.17622316,0.12973814
4,5,2,2,12,0.01836686304548607,-0.02189546447281855,-0.003479150718136195,0.4574080757330702,-0.18156436,0.16589133
4,5,3,1,7,-0.030718177770160223,-0.02189546447281855,-0.02480385319117808,0.32964787819137736,-0.22013915,0.1126688
4,5,3,2,10,-0.16871289921158641,-0.02189546447281855,-0.08247676039494932,0.4126301214152326,-0.17039782,0.035464264
4,6,1,1,10,0.03654245415445838,-0.02189546447281855,0.0022177809856082104,0.4126301214152326,-0.090752006,0.07029538
4,6,1,2,10,0.001007163367596864,-0.02189546447281855,-0.012445150366300053,0.4126301214152326,-0.090733245,0.06693428
4,6,2,1,11,0.04154411131740009,-0.02189546447281855,0.005758247904530349,0.4359063255528997,-0.19897985,0.16488786
4,6,2,2,14,-0.4283936967618723,-0.02189546447281855,-0.22345451173712785,0.49584237089863703,-0.2948735,-0.057471383
4,6,3,1,19,0.18107538260338762,-0.02189546447281855,0.09414099355672435,0.571690268336795,-0.004070591,0.13298872
4,6,3,2,10,0.3389302730443359,-0.02189546447281855,0.12699210340862574,0.4126301214152326,0.006463743,0.15619212
4,7,1,1,13,-0.3905570658063824,-0.02189546447281855,-0.19786901404970744,0.47733083386047737,-0.28778356,0.010065829
4,7,1,2,7,0.4071637928658392,-0.02189546447281855,0.11954300932723812,0.32964787819137736,-0.069443576,0.2534514
4,7,2,1,13,0.3457688660386499,-0.02189546447281855,0.15360205699097484,0.47733083386047737,-0.06690526,0.2874911
4,7,2,2,7,-0.09713488494536805,-0.02189546447281855,-0.04669797978794337,0.32964787819137736,-0.12550423,0.03321483
4,7,3,1,9,0.4966596403600935,-0.02189546447281855,0.1789670376729217,0.3873503515319974,-0.0307746,0.27640456
4,7,3,2,12,-0.16922099957037925,-0.02189546447281855,-0.08928335398813869,0.4574080757330702,-0.1814705,0.03068262
4,8,1,1,43,-0.06462237810263631,-0.02189546447281855,-0.053995829018994704,0.7512914418366582,-0.28329182,0.14200118
4,8,1,2,45,-0.15749651557192199,-0.02189546447281855,-0.12491006759708839,0.7596888246019721,-0.283225,0.06151739
4,8,2,1,36,-0.14956707155003993,-0.02189546447281855,-0.11338940357641261,0.7166349762344145,-0.2712338,0.057720274
4,8,2,2,31,0.020080332420056076,-0.02189546447281855,0.006871111126514443,0.6853133883973054,-0.104867674,0.09022295
4,8,3,1,50,-0.1213035068911218,-0.02189546447281855,-0.0992741394059547,0.7783945146765007,-0.2684176,0.09141431
4,8,3,2,45,0.01742245517855882,-0.02189546447281855,0.007973919692931104,0.7596888246019721,-0.16710576,0.16768026
4,9,1,1,25,-0.07151022109695845,-0.02189546447281855,-0.053509479690679956,0.6371897670960198,-0.18832709,0.08922623
4,9,1,2,22,-0.18160498032981506,-0.02189546447281855,-0.1188633334405232,0.607151480282048,-0.20223524,0.011749694
4,9,2,1,27,-0.0829503617471606,-0.02189546447281855,-0.06187342111835709,0.6547870593558273,-0.16217247,0.065347314
4,9,2,2,29,-0.14332764121283642,-0.02189546447281855,-0.1033468600316213,0.6707562834287933,-0.20492011,0.04671881
4,9,3,1,26,-0.02448741782869642,-0.02189546447281855,-0.023570403123432934,0.6462070958244924,-0.20592996,0.13794509
4,9,3,2,25,0.05626406136472198,-0.02189546447281855,0.02790698559193924,0.6371897670960198,-0.17018047,0.19048324
4,10,1,1,12,-0.14765407277498893,-0.02189546447281855,-0.07941846750318321,0.4574080757330702,-0.14938626,0.01768025
4,10,1,2,10,0.3857566860650767,-0.02189546447281855,0.14631409189881384,0.4126301214152326,-0.02808381,0.20795588
4,10,2,1,12,0.15147031248241885,-0.02189546447281855,0.05740344196224523,0.4574080757330702,-0.16798821,0.3073206
4,10,2,2,13,0.2626973055204655,-0.02189546447281855,0.11394943973873876,0.47733083386047737,-0.022047412,0.19335933
4,10,3,1,8,0.031105184885720078,-0.02189546447281855,-0.0028260064097186607,0.3597966872839402,-0.087101825,0.06720201
4,10,3,2,13,0.0893078211365713,-0.02189546447281855,0.031185292575136334,0.47733083386047737,-0.14698792,0.13220242
4,11,1,1,31,-0.1817231698003748,-0.02189546447281855,-0.1314275307706122,0.6853133883973054,-0.25219178,0.018183498
4,11,1,2,44,0.042485663367752856,-0.02189546447281855,0.026748484215541227,0.7555622325973848,-0.10372922,0.15897414
4,11,2,1,40,0.015043986198303645,-0.02189546447281855,0.00534864052706998,0.7375341133913206,-0.14444163,0.12469871
4,11,2,2,36,-0.01766660189967513,-0.02189546447281855,-0.01886491364321531,0.7166349762344145,-0.14336456,0.11848998
4,11,3,1,29,-0.03179221006442816,-0.02189546447281855,-0.028533768763886906,0.6707562834287933,-0.1607359,0.0894715
4,11,3,2,41,-0.06277755758861343,-0.02189546447281855,-0.05224166723630225,0.742285936229605,-0.13966064,0.044511437
4,12,1,1,70,-0.10976849987034776,-0.02189546447281855,-0.094918893935993,0.8310106636560742,-0.20253456,0.028647799
4,12,1,2,52,-0.11009871009735331,-0.02189546447281855,-0.09114260031847969,0.785086028924986,-0.2280888,0.0613724
4,12,2,1,54,-0.10651293026338803,-0.02189546447281855,-0.08886048124871455,0.7913852790349009,-0.22739422,0.05439246
4,12,2,2,63,0.041873946523571584,-0.02189546447281855,0.030120905868798606,0.8156946963891779,-0.114754416,0.16013631
4,12,3,1,60,-0.04244075707049488,-0.02189546447281855,-0.038501125114198585,0.8082464906466276,-0.16881329,0.10642467
4,12,3,2,55,0.010590239026779035,-0.02189546447281855,0.003911127327628458,0.7943984282429557,-0.13775581,0.13281956
4,13,1,1,58,-0.07139167441854721,-0.02189546447281855,-0.06163781846699187,0.8029373165692848,-0.19220331,0.0816348
4,13,1,2,52,-0.09183071459071049,-0.02189546447281855,-0.07680065226975,0.785086028924986,-0.19248858,0.06403544
4,13,2,1,52,0.04798903857300554,-0.02189546447281855,0.032969882506823575,0.785086028924986,-0.11783499,0.16739777
4,13,2,2,65,-0.2528085823355954,-0.02189546447281855,-0.21132430821118542,0.820346827809659,-0.3028219,-0.0746882
4,13,3,1,57,-0.07925478175598125,-0.02189546447281855,-0.06779272293181018,0.8001709335627736,-0.22842601,0.10798732
4,13,3,2,70,0.0520600021085431,-0.02189546447281855,0.039562316891953414,0.8310106636560742,-0.08675162,0.15025522
4,14,1,1,15,-0.09776791561252517,-0.02189546447281855,-0.060824670961565956,0.5130875028284732,-0.18686351,0.108536355
4,14,1,2,8,-0.25793652922942006,-0.02189546447281855,-0.10682225763521778,0.3597966872839402,-0.18141176,0.03389976
4,14,2,1,13,0.08460240093986215,-0.02189546447281855,0.028939250428977225,0.47733083386047737,-0.09546003,0.15908815
4,14,2,2,12,-0.05358495559128,-0.02189546447281855,-0.03639049362627422,0.4574080757330702,-0.1280472,0.12839393
4,14,3,1,13,0.22828507674003956,-0.02189546447281855,0.09752342187998053,0.47733083386047737,-0.19999811,0.24444343
4,14,3,2,10,0.2918806742294921,-0.02189546447281855,0.10757802173711875,0.4126301214152326,-0.0042386595,0.14271685
4,15,1,1,13,-0.12398482521091418,-0.02189546447281855,-0.07062586416221682,0.47733083386047737,-0.13571316,0.027146535
4,15,1,2,11,0.10732545650492034,-0.02189546447281855,0.03443275237514923,0.4359063255528997,-0.07385068,0.097049884
4,15,2,1,15,-0.13648385558922418,-0.02189546447281855,-0.08068933592386753,0.5130875028284732,-0.20487629,0.086726524
4,15,2,2,12,0.2093976444373502,-0.02189546447281855,0.08389987140410117,0.4574080757330702,-0.019429332,0.12316704
4,15,3,1,9,0.06471562309734527,-0.02189546447281855,0.011653370744053019,0.3873503515319974,-0.11762239,0.11037187
4,15,3,2,11,-0.4701132046028039,-0.02189546447281855,-0.21727641262050498,0.4359063255528997,-0.30009755,-0.004060501
4,16,1,1,38,0.10279485877860224,-0.02189546447281855,0.06881483105384573,0.7274846448489792,-0.05863793,0.18977086
4,16,1,2,37,-0.21569114252143784,-0.02189546447281855,-0.1618480544973707,0.7221656924126088,-0.38175553,0.045188066
4,16,2,1,46,-0.018234051662953218,-0.02189546447281855,-0.019099322597591624,0.763678399685767,-0.22452937,0.19901429
4,16,2,2,35,0.11081777875578173,-0.02189546447281855,0.07244767186089228,0.7108795930124588,-0.15127882,0.2314012
4,16,3,1,39,0.040808240649155926,-0.02189546447281855,0.02404150612359833,0.7326037673062209,-0.1193495,0.16287409
4,16,3,2,42,-0.09125025443428353,-0.02189546447281855,-0.07369439042628671,0.746868759637925,-0.21537039,0.07152731
5,1,1,1,52,-0.018774423099771797,-0.009964479057616828,-0.016881043040723614,0.785086028924986,-0.19738859,0.17322318
5,1,1,2,53,-0.16067632678538846,-0.009964479057616828,-0.12876799103682268,0.7882824991555987,-0.3302288,0.11279679
5,1,2,1,50,0.17196689439429613,-0.009964479057616828,0.13164990408491414,0.7783945146765007,-0.053348847,0.27665082
5,1,2,2,53,-0.16429727263998078,-0.009964479057616828,-0.13162231928438783,0.7882824991555987,-0.28967547,0.07183282
5,2,1,1,34,0.006664746506701026,-0.009964479057616828,0.0017572220730261248,0.7048855694034714,-0.24540792,0.22854319
5,2,1,2,44,-0.05045767206642737,-0.009964479057616828,-0.04055960637235054,0.7555622325973848,-0.16554777,0.10699769
5,2,2,1,39,0.010985964484770525,-0.009964479057616828,0.005383894808272434,0.7326037673062209,-0.1907619,0.23123646
5,2,2,2,35,-0.13112142957167977,-0.009964479057616828,-0.09609248272968451,0.7108795930124588,-0.22814135,0.07076228
5,3,1,1,14,-0.0016540140881142473,-0.009964479057616828,-0.005843798403868599,0.49584237089863703,-0.23473579,0.15706708
5,3,1,2,15,0.10653754244204665,-0.009964479057616828,0.0498112522281146,0.5130875028284732,-0.14341682,0.21168454
5,3,2,1,19,-0.10604534612837484,-0.009964479057616828,-0.06489297573533041,0.571690268336795,-0.12730823,0.029782623
5,3,2,2,21,-0.17854409518434639,-0.009964479057616828,-0.11043827201838367,0.5960020272275135,-0.19353215,0.015672201
5,4,1,1,44,-0.17258917440985308,-0.009964479057616828,-0.132837556953422,0.7555622325973848,-0.23941517,0.0107750045
5,4,1,2,45,-0.041582607179623185,-0.009964479057616828,-0.033984417646738395,0.7596888246019721,-0.23337968,0.21745305
5,4,2,1,42,-0.1315534191992213,-0.009964479057616828,-0.10077545996686688,0.746868759637925,-0.30469584,0.15655428
5,4,2,2,40,-0.022530596649696564,-0.009964479057616828,-0.019232419454662433,0.7375341133913206,-0.23690009,0.18010305
5,5,1,1,10,0.32592288597899455,-0.009964479057616828,0.12863276515928268,0.4126301214152326,-0.022166383,0.2626155
5,5,1,2,14,-0.1254290586374154,-0.009964479057616828,-0.0672167099512785,0.49584237089863703,-0.1654202,0.078652285
5,5,2,1,19,0.05214307860142237,-0.009964479057616828,0.025541807246222265,0.571690268336795,-0.086892895,0.12829146
5,5,2,2,20,0.060996410143815225,-0.009964479057616828,0.03149095911127232,0.5842012217633336,-0.26698166,0.30404514
5,6,1,1,22,-0.12721445589878652,-0.009964479057616828,-0.08115297605976884,0.607151480282048,-0.1857301,0.06515721
5,6,1,2,20,-0.06253793519029127,-0.009964479057616828,-0.04067795636264626,0.5842012217633336,-0.16458257,0.20585394
5,6,2,1,18,-0.13824827220806812,-0.009964479057616828,-0.08159854368709381,0.5584030754801934,-0.1906932,0.04633148
5,6,2,2,14,-0.07474887317717155,-0.009964479057616828,-0.04208732663508856,0.49584237089863703,-0.1259305,0.039693903
5,7,1,1,19,0.292112332449212,-0.009964479057616828,0.16272989437104557,0.571690268336795,-0.09411931,0.29533833
5,7,1,2,13,0.27922765529387045,-0.009964479057616828,0.1280758435782698,0.47733083386047737,-0.009804174,0.18718843
5,7,2,1,16,-0.15146536679933584,-0.009964479057616828,-0.08484560082133874,0.5291918867703651,-0.26623276,0.11119208
5,7,2,2,13,0.16613321824970836,-0.009964479057616828,0.07409238163899866,0.47733083386047737,-0.05249727,0.14272745
5,8,1,1,72,0.04454280764645529,-0.009964479057616828,0.03554528702842739,0.8349299485979419,-0.14895907,0.1930716
5,8,1,2,55,-0.16936649071255838,-0.009964479057616828,-0.13659318657506772,0.7943984282429557,-0.26096475,0.04273176
5,8,2,1,57,0.0800755684354626,-0.009964479057616828,0.06208294980295701,0.8001709335627736,-0.14032778,0.21886633
5,8,2,2,66,-0.1619641964575939,-0.009964479057616828,-0.1349973066319505,0.8225859212969333,-0.25278375,0.010497516
5,9,1,1,38,-0.22136011161640243,-0.009964479057616828,-0.1637515557322703,0.7274846448489792,-0.2872282,0.018587755
5,9,1,2,40,-0.005733315599933666,-0.009964479057616828,-0.006843851668240723,0.7375341133913206,-0.14251824,0.11089436
5,9,2,1,40,0.033777287522176874,-0.009964479057616828,0.022296565974981416,0.7375341133913206,-0.1452558,0.1719128
5,9,2,2,36,-0.0007347974065462806,-0.009964479057616828,-0.0033501663669506746,0.7166349762344145,-0.1561262,0.1611244
5,10,1,1,13,-0.31868541499682435,-0.009964479057616828,-0.15732650083966576,0.47733083386047737,-0.24540463,-0.014893964
5,10,1,2,16,-0.10243675681832903,-0.009964479057616828,-0.05890005819976139,0.5291918867703651,-0.17208822,0.10256453
5,10,2,1,19,0.08469748741624099,-0.009964479057616828,0.04415284595711164,0.571690268336795,-0.088946365,0.15104988
5,10,2,2,20,0.2556137803339139,-0.009964479057616828,0.14518666455269494,0.5842012217633336,-0.09156349,0.31064382
5,11,1,1,48,0.066056284008389,-0.009964479057616828,0.048668276735179164,0.7712729184510747,-0.11734264,0.21332532
5,11,1,2,64,-0.010648571854624932,-0.009964479057616828,-0.010524101508125133,0.8180504939619693,-0.12744439,0.09682713
5,11,2,1,52,0.000215272275238386,-0.009964479057616828,-0.0019724985082616945,0.785086028924986,-0.19098651,0.19557588
5,11,2,2,57,-0.012605722677281399,-0.009964479057616828,-0.012077925430530547,0.8001709335627736,-0.15961662,0.1518479
5,12,1,1,98,-0.03872056200863384,-0.009964479057616828,-0.035073417144491054,0.8731696222202685,-0.16589299,0.11169124
5,12,1,2,88,0.015826785427448836,-0.009964479057616828,0.012235708453838848,0.8607638266169777,-0.10612235,0.13808364
5,12,2,1,86,-0.08026725288462469,-0.009964479057616828,-0.070283248454693,0.8579856257948077,-0.19543503,0.0766572
5,12,2,2,82,0.16639831780772682,-0.009964479057616828,0.14031122605490062,0.8520827962784907,-0.0562106,0.3232311
5,13,1,1,83,0.10443054298957323,-0.009964479057616828,0.08768357321883204,0.8536040338902793,-0.040451393,0.1957912
5,13,1,2,88,-0.026494566227272788,-0.009964479057616828,-0.024192980144082096,0.8607638266169777,-0.117510356,0.0888971
5,13,2,1,84,-0.06948354563667591,-0.009964479057616828,-0.060858893632782435,0.8550943000351431,-0.18494417,0.064679444
5,13,2,2,99,0.0746212225362942,-0.009964479057616828,0.06398792758041141,0.8742896877898777,-0.062267706,0.18403512
5,14,1,1,25,0.2266993513683438,-0.009964479057616828,0.14083529193155295,0.6371897670960198,-0.075152054,0.31721735
5,14,1,2,14,-0.08634013807647453,-0.009964479057616828,-0.0478347669044731,0.49584237089863703,-0.13410495,0.08821147
5,14,2,1,16,0.17284200725349702,-0.009964479057616828,0.08677523034722243,0.5291918867703651,-0.104371965,0.20392165
5,14,2,2,16,0.011664235723255171,-0.009964479057616828,0.0014812613256909093,0.5291918867703651,-0.13010152,0.15837848
5,15,1,1,20,-0.17666733057598144,-0.009964479057616828,-0.10735248858607702,0.5842012217633336,-0.18812972,0.028645495
5,15,1,2,16,0.05074521828979117,-0.009964479057616828,0.022162600226915845,0.5291918867703651,-0.0743279,0.102728195
5,15,2,1,17,0.04056612150117686,-0.009964479057616828,0.017537562696932147,0.5442650878955936,-0.1485456,0.16415815
5,15,2,2,18,-0.3035007440289007,-0.009964479057616828,-0.1738760321825507,0.5584030754801934,-0.2977063,0.020217763
5,16,1,1,67,0.04417021321593903,-0.009964479057616828,0.034684185042540935,0.8247698883100162,-0.09280361,0.16092704
5,16,1,2,45,-0.042386849385074046,-0.009964479057616828,-0.03459539146249266,0.7596888246019721,-0.16932377,0.11152089
5,16,2,1,56,-0.016914423929456586,-0.009964479057616828,-0.015505849240526054,0.7973257752535725,-0.13977158,0.12868883
5,16,2,2,69,0.06026804693092448,-0.009964479057616828,0.048256907763928644,0.8289803905251037,-0.07223247,0.15674709
6,1,1,1,43,-0.42275467203837647,-0.027685247069676316,-0.3244975249799905,0.7512914418366582,-0.43974772,-0.10941871
6,1,1,2,31,-0.0958955178404508,-0.027685247069676316,-0.07443065885509345,0.6853133883973054,-0.24041894,0.0940155
6,1,2,1,34,-0.06824399458363924,-0.027685247069676316,-0.05627452290534769,0.7048855694034714,-0.17696439,0.0843264
6,1,2,2,31,0.31689724726620294,-0.027685247069676316,0.2084617497060404,0.6853133883973054,-0.018268691,0.33650646
6,1,3,1,25,-0.1535650030750385,-0.027685247069676316,-0.10789453948083685,0.6371897670960198,-0.30196187,0.09263576
6,1,3,2,44,-0.15535167279186568,-0.027685247069676316,-0.1241451767160619,0.7555622325973848,-0.24980189,0.030367212
6,2,1,1,24,-0.36526063945970844,-0.027685247069676316,-0.23958157620219225,0.627700756362278,-0.32794395,-0.03124817
6,2,1,2,24,0.20371030491144523,-0.027685247069676316,0.11756191592774048,0.627700756362278,-0.034021314,0.18336332
6,2,2,1,21,-0.2687407288267158,-0.027685247069676316,-0.17135480287117674,0.5960020272275135,-0.26613188,0.010430851
6,2,2,2,28,-0.13370935521881402,-0.027685247069676316,-0.09797506661195796,0.66296072439873,-0.21380806,0.08876885
6,2,3,1,28,-0.08505100095391445,-0.027685247069676316,-0.06571648882045009,0.66296072439873,-0.18921816,0.077751175
6,2,3,2,27,-0.03673099560131193,-0.027685247069676316,-0.033608286150378294,0.6547870593558273,-0.14072923,0.088369936
6,3,1,1,5,-0.006585869746399386,-0.027685247069676316,-0.022200552705655952,0.25994579271159934,-0.064235136,0.035805676
6,3,1,2,7,-0.3432953191610402,-0.027685247069676316,-0.13172543767042208,0.32964787819137736,-0.23936781,0.062772244
6,3,2,1,14,-0.07137565862776919,-0.027685247069676316,-0.0493488043221783,0.49584237089863703,-0.17008959,0.11818845
6,3,2,2,19,-0.0020814402975258338,-0.027685247069676316,-0.013047799905662157,0.571690268336795,-0.10518009,0.057845566
6,3,3,1,14,0.19533022420835475,-0.027685247069676316,0.08289527295589949,0.49584237089863703,-0.062390085,0.17049764
6,3,3,2,10,-0.26094488312805364,-0.027685247069676316,-0.12393519901771752,0.4126301214152326,-0.19486158,0.022695802
6,4,1,1,33,-0.11525624915594344,-0.027685247069676316,-0.08886565482339931,0.6986377487544738,-0.28909355,0.1251325
6,4,1,2,27,0.32228608427555455,-0.027685247069676316,0.20147145184071125,0.6547870593558273,-0.06809707,0.32483143
6,4,2,1,25,0.12740599943515035,-0.027685247069676316,0.07113730816936559,0.6371897670960198,-0.124611884,0.21013884
6,4,2,2,27,-0.12231482503223516,-0.027685247069676316,-0.08964747015186321,0.6547870593558273,-0.19462124,0.057256304
6,4,3,1,28,-0.2730632305375144,-0.027685247069676316,-0.19036121274101386,0.66296072439873,-0.357175,0.0688653
6,4,3,2,31,-0.02753762395909772,-0.027685247069676316,-0.027584078975559947,0.6853133883973054,-0.2375829,0.2094686
6,5,1,1,8,-0.009804227087643882,-0.027685247069676316,-0.021251715314883107,0.3597966872839402,-0.07884142,0.021470487
6,5,1,2,12,-0.23756360197235277,-0.027685247069676316,-0.12368530152373193,0.4574080757330702,-0.3648927,0.17101496
6,5,2,1,12,-0.010902623890650488,-0.027685247069676316,-0.02000873969560489,0.4574080757330702,-0.11776371,0.09817656
6,5,2,2,10,-0.1314568698997344,-0.027685247069676316,-0.07050454439749891,0.4126301214152326,-0.13556643,0.054250866
6,5,3,1,9,-0.540776849251374,-0.027685247069676316,-0.2264314595428727,0.3873503515319974,-0.40928805,0.09776278
6,5,3,2,12,0.48848919066072477,-0.027685247069676316,0.2084171092351859,0.4574080757330702,0.036618594,0.26124167
6,6,1,1,17,0.202897597436798,-0.027685247069676316,0.09781294506285591,0.5442650878955936,-0.08183598,0.2762071
6,6,1,2,10,0.08919033734594257,-0.027685247069676316,0.020541139518216768,0.4126301214152326,-0.11906872,0.11277136
6,6,2,1,15,0.18356041512589374,-0.027685247069676316,0.08070226222959592,0.5130875028284732,-0.06057613,0.18905774
6,6,2,2,12,-0.037942234732390376,-0.027685247069676316,-0.03237687605929619,0.4574080757330702,-0.10845903,0.044716094
6,6,3,1,8,0.04824558363122013,-0.027685247069676316,-0.0003655857207760689,0.3597966872839402,-0.09280906,0.09710081
6,6,3,2,12,0.07606081196010576,-0.027685247069676316,0.01976903815602582,0.4574080757330702,-0.09171136,0.15592337
6,7,1,1,12,-0.047976684391005255,-0.027685247069676316,-0.03696671436868359,0.4574080757330702,-0.1538401,0.17491503
6,7,1,2,10,-0.44865873488182967,-0.027685247069676316,-0.20139158845819907,0.4126301214152326,-0.50841945,0.12237239
6,7,2,1,11,-0.036087522514353654,-0.027685247069676316,-0.03134785208504897,0.4359063255528997,-0.20138799,0.1365983
6,7,2,2,11,-0.1817496353800541,-0.027685247069676316,-0.09484288847660821,0.4359063255528997,-0.16625267,0.0719168
6,7,3,1,12,0.06897764375154443,-0.027685247069676316,0.01652913981565412,0.4574080757330702,-0.13904111,0.16334805
6,7,3,2,5,0.12517807976266085,-0.027685247069676316,0.012050931600287862,0.25994579271159934,-0.20718524,0.1081554
6,8,1,1,48,0.10077058826712039,-0.027685247069676316,0.07138925994260557,0.7712729184510747,-0.08426276,0.2195866
6,8,1,2,40,-0.09023457578943449,-0.027685247069676316,-0.07381751077022543,0.7375341133913206,-0.17796765,0.06091888
6,8,2,1,44,0.05873374549517004,-0.027685247069676316,0.03760967989143579,0.7555622325973848,-0.191284,0.24636523
6,8,2,2,36,0.024434763314759245,-0.027685247069676316,0.009665775333511102,0.7166349762344145,-0.13301821,0.14335124
6,8,3,1,37,-0.02660803047278567,-0.027685247069676316,-0.02690731820010443,0.7221656924126088,-0.2794473,0.23313314
6,8,3,2,45,0.1888199387973568,-0.027685247069676316,0.13679132310188155,0.7596888246019721,-0.056273498,0.31159347
6,9,1,1,21,0.024607893229383195,-0.027685247069676316,0.003481570558655934,0.5960020272275135,-0.18876073,0.1642102
6,9,1,2,25,0.04708861987566789,-0.027685247069676316,0.019959895794096336,0.6371897670960198,-0.1579611,0.15609704
6,9,2,1,33,-0.005007078568841692,-0.027685247069676316,-0.011841422482378593,0.6986377487544738,-0.16485466,0.12375478
6,9,2,2,21,-0.020219469719527546,-0.027685247069676316,-0.023235628634158394,0.5960020272275135,-0.18471988,0.14880127
6,9,3,1,24,0.008515158371933607,-0.027685247069676316,-0.004962225193356645,0.627700756362278,-0.17061406,0.15110946
6,9,3,2,30,-0.13388626869468073,-0.027685247069676316,-0.099710714045704,0.6781993795723497,-0.23821838,0.07175083
6,10,1,1,12,-0.07086963708130725,-0.027685247069676316,-0.04743813580660284,0.4574080757330702,-0.25895402,0.2227144
6,10,1,2,12,-0.1640099305234332,-0.027685247069676316,-0.09004125820317918,0.4574080757330702,-0.20175825,0.080293976
6,10,2,1,12,-0.14774703943576245,-0.027685247069676316,-0.0826024804849112,0.4574080757330702,-0.14330734,0.017758261
6,10,2,2,14,0.27936124393532014,-0.027685247069676316,0.12456141300634815,0.49584237089863703,-0.04218479,0.23182228
6,10,3,1,8,-0.04488543139220471,-0.027685247069676316,-0.03387381640959519,0.3597966872839402,-0.088474356,0.031275906
6,10,3,2,10,-0.2527946342689385,-0.027685247069676316,-0.12057216084141648,0.4126301214152326,-0.23406759,0.053048655
6,11,1,1,26,-0.19221019504625309,-0.027685247069676316,-0.13400243589229568,0.6462070958244924,-0.23998347,0.008839146
6,11,1,2,40,0.12626578045693343,-0.027685247069676316,0.08585888752284458,0.7375341133913206,-0.024187122,0.1762535
6,11,2,1,38,-0.20798081115324143,-0.027685247069676316,-0.15884750147485505,0.7274846448489792,-0.29826954,0.03889329
6,11,2,2,32,0.21321272070337666,-0.027685247069676316,0.1390449732353861,0.6921196631352943,-0.023490457,0.26434398
6,11,3,1,36,0.0402706393980848,-0.027685247069676316,0.02101431801413624,0.7166349762344145,-0.09327564,0.13916115
6,11,3,2,49,0.10653052733800504,-0.027685247069676316,0.07631721802757221,0.7748900273178048,-0.06295791,0.17956182
6,12,1,1,63,-0.09134729927478488,-0.027685247069676316,-0.07961404541463434,0.8156946963891779,-0.20520014,0.04554458
6,12,1,2,65,-0.03323889152182334,-0.027685247069676316,-0.032241161678777844,0.820346827809659,-0.18793738,0.1289707
6,12,2,1,64,-0.23164916934690322,-0.027685247069676316,-0.1945380344389825,0.8180504939619693,-0.33350986,-0.021985793
6,12,2,2,52,0.06943398160239288,-0.027685247069676316,0.048561702500736124,0.785086028924986,-0.10508029,0.17776754
6,12,3,1,57,-0.1930905971548291,-0.027685247069676316,-0.1600378004635904,0.8001709335627736,-0.3142423,0.0069088647
6,12,3,2,53,0.014651604482483047,-0.027685247069676316,0.005688152078239454,0.7882824991555987,-0.10589237,0.1178184
6,13,1,1,53,0.04059783618058541,-0.027685247069676316,0.0261411124448898,0.7882824991555987,-0.1678427,0.19625996
6,13,1,2,59,0.04964307760100677,-0.027685247069676316,0.03461262817293497,0.8056281512358927,-0.09855709,0.16970837
6,13,2,1,62,-0.033082618915959455,-0.027685247069676316,-0.03207480596582213,0.8132770950677877,-0.16109806,0.11098224
6,13,2,2,65,0.022098182609427735,-0.027685247069676316,0.01315443154506192,0.820346827809659,-0.119751975,0.12548272
6,13,3,1,52,-0.07292053025574655,-0.027685247069676316,-0.06319883591352539,0.785086028924986,-0.18025656,0.08923111
6,13,3,2,63,-0.010399796235263716,-0.027685247069676316,-0.013585596499350067,0.8156946963891779,-0.107431665,0.08612104
6,14,1,1,11,-0.00018140023395343263,-0.027685247069676316,-0.015696146256946607,0.4359063255528997,-0.30359674,0.19362386
6,14,1,2,6,0.28525590424695746,-0.027685247069676316,0.06510780311399866,0.29651916915774046,-0.019701682,0.10810221
6,14,2,1,13,0.0453926264412425,-0.027685247069676316,0.007197075230041051,0.47733083386047737,-0.17466782,0.14303133
6,14,2,2,19,0.1358005200653991,-0.027685247069676316,0.06577797501302174,0.571690268336795,-0.054653164,0.13231136
6,14,3,1,17,0.0946592898110853,-0.027685247069676316,0.0389026130492771,0.5442650878955936,-0.13744986,0.1902471
6,14,3,2,5,-0.6638604968846311,-0.027685247069676316,-0.19305632668632447,0.25994579271159934,-0.2550893,0.012650223
6,15,1,1,12,-0.20804332575321646,-0.027685247069676316,-0.11018248878322809,0.4574080757330702,-0.24315381,0.04832531
6,15,1,2,14,-0.16441428614158898,-0.027685247069676316,-0.09548129797378588,0.49584237089863703,-0.2205951,0.058962215
6,15,2,1,7,0.12975304695528653,-0.027685247069676316,0.02421395250172289,0.32964787819137736,-0.07572473,0.09251121
6,15,2,2,12,-0.13371688252159272,-0.027685247069676316,-0.07618497340856778,0.4574080757330702,-0.16685922,0.06324138
6,15,3,1,18,0.09958677395388014,-0.027685247069676316,0.04338384089245745,0.5584030754801934,-0.059110872,0.11902298
6,15,3,2,8,0.0765602342131572,-0.027685247069676316,0.009821931760207177,0.3597966872839402,-0.04787405,0.049568795
6,16,1,1,54,-0.016891975426728822,-0.027685247069676316,-0.01914361077882283,0.7913852790349009,-0.13912006,0.11425219
6,16,1,2,36,-0.052505341205283565,-0.027685247069676316,-0.045472194640683146,0.7166349762344145,-0.15241453,0.07082728
6,16,2,1,30,0.27274012940309855,-0.027685247069676316,0.17606305686194917,0.6781993795723497,-0.021824026,0.2803038
6,16,2,2,35,-0.00628760923925165,-0.027685247069676316,-0.012474102997356035,0.7108795930124588,-0.13413121,0.11733721
6,16,3,1,39,-0.12241274129438338,-0.027685247069676316,-0.097082966206175,0.7326037673062209,-0.28450003,0.11520643
6,16,3,2,43,0.026602061496059447,-0.027685247069676316,0.013100343256106872,0.7512914418366582,-0.11141226,0.12198825
7,1,0,1,102,0.07565592565616876,-0.005120259364958538,0.06576360955013724,0.8775342496870315,-0.08303858,0.23282272
7,1,0,2,106,-0.002949016646501273,-0.005120259364958538,-0.003206073393573078,0.8816084701693545,-0.14884132,0.12456097
7,2,0,1,73,0.1777900545391711,-0.005120259364958538,0.147943151746254,0.8368221990556474,-0.014372614,0.2703608
7,2,0,2,79,-0.06168472837867649,-0.005120259364958538,-0.05304865129043543,0.8473232890041512,-0.16904059,0.06887106
7,3,0,1,33,0.23296991674562045,-0.005120259364958538,0.1612185252734926,0.6986377487544738,0.05565213,0.22170398
7,3,0,2,36,-0.11884728991069492,-0.005120259364958538,-0.08662102719731286,0.7166349762344145,-0.1921204,0.038612377
7,4,0,1,86,-0.1417975396361265,-0.005120259364958538,-0.12238740121034893,0.8579856257948077,-0.33203417,0.10552891
7,4,0,2,85,-0.01551603540366492,-0.005120259364958538,-0.014024808434401567,0.8565545310219171,-0.14979286,0.118508734
7,5,0,1,29,0.11965186237185207,-0.005120259364958538,0.07857142528674951,0.6707562834287933,-0.04854177,0.21496546
7,5,0,2,34,-0.13489048695531555,-0.005120259364958538,-0.0965934201316054,0.7048855694034714,-0.29525784,0.12281133
7,6,0,1,40,-0.10605203056564533,-0.005120259364958538,-0.0795608837504727,0.7375341133913206,-0.20263693,0.0614509
7,6,0,2,34,0.038252663499866224,-0.005120259364958538,0.025452688065306307,0.7048855694034714,-0.09531668,0.1226588
7,7,0,1,35,0.09928323582595482,-0.005120259364958538,0.06909805480543614,0.7108795930124588,-0.16777673,0.27032557
7,7,0,2,26,-0.14947335099658363,-0.005120259364958538,-0.09840225148151782,0.6462070958244924,-0.19269718,0.061815172
7,8,0,1,129,-0.0660282883920468,-0.005120259364958538,-0.059975202926336596,0.9006192522989349,-0.19038232,0.06279224
7,8,0,2,121,-0.05941834645043533,-0.005120259364958538,-0.053702943216876776,0.8947402470263587,-0.1872391,0.07953577
7,9,0,1,78,-0.1804510296851431,-0.005120259364958538,-0.15339187839874888,0.8456679837944048,-0.27764645,-0.011687774
7,9,0,2,76,-0.008897563872318166,-0.005120259364958538,-0.008301683913323421,0.8422473068205797,-0.13485464,0.10361682
7,10,0,1,32,-0.029286108288557842,-0.005120259364958538,-0.0218459185813385,0.6921196631352943,-0.14553034,0.0981259
7,10,0,2,36,0.05493559369248961,-0.005120259364958538,0.03791786546360331,0.7166349762344145,-0.0999603,0.17640351
7,11,0,1,100,0.006275194321562228,-0.005120259364958538,0.0048552084726167484,0.8753901434722933,-0.09001407,0.0991446
7,11,0,2,121,0.04158827769266203,-0.005120259364958538,0.03667174862021672,0.8947402470263587,-0.075039655,0.14250305
7,12,0,1,184,-0.004843948362632568,-0.005120259364958538,-0.004863789614489372,0.9281923206467296,-0.103660606,0.08804274
7,12,0,2,170,-0.05916494087795723,-0.005120259364958538,-0.05498921398393706,0.9227356554406592,-0.15589054,0.05109471
7,13,0,1,167,0.07813953995521948,-0.005120259364958538,0.07160003972021065,0.9214566899223358,-0.02990044,0.16004334
7,13,0,2,187,0.0383015272251834,-0.005120259364958538,0.03522999277967865,0.9292628266428337,-0.05937607,0.13169509
7,14,0,1,41,0.1907860352982777,-0.005120259364958538,0.14029822798241465,0.742285936229605,-0.053811755,0.28723305
7,14,0,2,30,-0.15173839644102952,-0.005120259364958538,-0.10455658896400359,0.6781993795723497,-0.28519925,0.07253723
7,15,0,1,37,-0.2080804259156678,-0.005120259364958538,-0.1516911285742299,0.7221656924126088,-0.2854605,0.006065169
7,15,0,2,34,-0.043259670624259616,-0.005120259364958538,-0.03200417998718414,0.7048855694034714,-0.13122578,0.08025691
7,16,0,1,123,0.04564782415025105,-0.005120259364958538,0.040381866961582816,0.8962742568942826,-0.06590559,0.15789172
7,16,0,2,114,-0.02726775003974085,-0.005120259364958538,-0.024809254403046026,0.8889943934147749,-0.12058905,0.08664179
8,1,0,1,102,0.09922045993422737,0.009722287540487382,0.0882599991003886,0.8775342496870315,-0.060461562,0.21995053
8,1,0,2,106,0.11607596472727853,0.009722287540487382,0.1034845901820197,0.8816084701693545,-0.0888763,0.27630857
8,2,0,1,73,-0.094260349758102,0.009722287540487382,-0.07729269166732396,0.8368221990556474,-0.21824399,0.0847495
8,2,0,2,79,0.03129775782432757,0.009722287540487382,0.028003685983202176,0.8473232890041512,-0.07873601,0.13238284
8,3,0,1,33,-0.13230439986269676,0.009722287540487382,-0.08950291760992857,0.6986377487544738,-0.1618761,0.003772032
8,3,0,2,36,-0.21508841525608471,0.009722287540487382,-0.1513849251153761,0.7166349762344145,-0.2336593,-0.014402172
8,4,0,1,86,0.19808844162362294,0.009722287540487382,0.1713377401300676,0.8579856257948077,-0.017493706,0.3217119
8,4,0,2,85,-0.10961823174362988,0.009722287540487382,-0.09249937498683174,0.8565545310219171,-0.2748338,0.093430415
8,5,0,1,29,0.04144419129959741,0.009722287540487382,0.030999953809233892,0.6707562834287933,-0.09506668,0.15121634
8,5,0,2,34,0.21794542219209656,0.009722287540487382,0.1564957703723626,0.7048855694034714,-0.010915644,0.27362147
8,6,0,1,40,0.0032782008694651667,0.009722287540487382,0.004969553790958186,0.7375341133913206,-0.100240715,0.13783346
8,6,0,2,34,0.12910337433868446,0.009722287540487382,0.09387229288423976,0.7048855694034714,-0.030775543,0.18430783
8,7,0,1,35,-0.05006944012854049,0.009722287540487382,-0.03278243149038292,0.7108795930124588,-0.2049587,0.15504134
8,7,0,2,26,-0.06136685920078946,0.009722287540487382,-0.03621602351983431,0.6462070958244924,-0.18464273,0.08207697
8,8,0,1,129,-0.013722836186142317,0.009722287540487382,-0.011392842260245875,0.9006192522989349,-0.12128449,0.105140746
8,8,0,2,121,-0.08365738847504149,0.009722287540487382,-0.07382826684488826,0.8947402470263587,-0.18953107,0.058498323
8,9,0,1,78,0.20835026552318714,0.009722287540487382,0.1776956092062765,0.8456679837944048,0.018369641,0.31178468
8,9,0,2,76,0.022019977632636818,0.009722287540487382,0.02007998390071437,0.8422473068205797,-0.104565114,0.14030774
8,10,0,1,32,-0.11137857999988822,0.009722287540487382,-0.07409400410694927,0.6921196631352943,-0.20087464,0.07800895
8,10,0,2,36,-0.1087680325905642,0.009722287540487382,-0.07519202021063694,0.7166349762344145,-0.2893782,0.18172503
8,11,0,1,100,0.08229274766742044,0.009722287540487382,0.07324975304285365,0.8753901434722933,-0.04992478,0.19103205
8,11,0,2,121,0.09318869878607042,0.009722287540487382,0.084403044956764,0.8947402470263587,-0.0013085599,0.173138
8,12,0,1,184,0.008641231822052207,0.009722287540487382,0.008718859924444619,0.9281923206467296,-0.111603715,0.11814713
8,12,0,2,170,0.10135499197998132,0.009722287540487382,0.09427505113126403,0.9227356554406592,-0.025395527,0.20289837
8,13,0,1,167,-0.03258347330118144,0.009722287540487382,-0.029260638809322743,0.9214566899223358,-0.13546586,0.08569758
8,13,0,2,187,0.024102916612506915,0.009722287540487382,0.02308567156085436,0.9292628266428337,-0.059026074,0.11356794
8,14,0,1,41,0.10049149019095617,0.009722287540487382,0.07709899011070535,0.742285936229605,-0.097740866,0.20692384
8,14,0,2,30,-0.1849408480672804,0.009722287540487382,-0.12229813025430888,0.6781993795723497,-0.21198036,0.012741155
8,15,0,1,37,0.033073842313507275,0.009722287540487382,0.02658597926205625,0.7221656924126088,-0.10409119,0.15013267
8,15,0,2,34,0.04747000283023518,0.009722287540487382,0.03633010732618138,0.7048855694034714,-0.06943333,0.15739734
8,16,0,1,123,-0.17829615184109027,0.009722287540487382,-0.15879379949865885,0.8962742568942826,-0.26443368,-0.049179267
8,16,0,2,114,-0.02192473469328393,0.009722287540487382,-0.01841173779360804,0.8889943934147749,-0.15338612,0.12684186
9,1,0,1,102,-0.00517346444745207,0.0025396865243998367,-0.004228867626407025,0.8775342496870315,-0.15923794,0.15260352
9,1,0,2,106,-0.0024854365467166543,0.0025396865243998367,-0.0018905045387399013,0.8816084701693545,-0.13100336,0.14103343
9,2,0,1,73,-0.03860983921945106,0.0025396865243998367,-0.03189515009866645,0.8368221990556474,-0.19325513,0.15000257
9,2,0,2,79,-0.1465605111944787,0.0025396865243998367,-0.12379638339792956,0.8473232890041512,-0.21519496,-0.015629977
9,3,0,1,33,0.05194647510519952,0.0025396865243998367,0.037057134071677975,0.6986377487544738,-0.060257502,0.13325393
9,3,0,2,36,0.003879786040532233,0.0025396865243998367,0.003500048709295127,0.7166349762344145,-0.11570828,0.1302223
9,4,0,1,86,-0.030295123915098282,0.0025396865243998367,-0.025632108858386845,0.8579856257948077,-0.18950734,0.14174184
9,4,0,2,85,-0.011724192022001562,0.0025396865243998367,-0.0096781032744666,0.8565545310219171,-0.17692244,0.18335909
9,5,0,1,29,-0.03252232311550091,0.0025396865243998367,-0.020978376751204515,0.6707562834287933,-0.17075652,0.10930406
9,5,0,2,34,0.11572722334879941,0.0025396865243998367,0.08232394786824311,0.7048855694034714,-0.09406663,0.29809865
9,6,0,1,40,-0.08488714059890472,0.0025396865243998367,-0.06194058090460285,0.7375341133913206,-0.17478989,0.07486428
9,6,0,2,34,-0.15532917545900682,0.0025396865243998367,-0.10873979614585179,0.7048855694034714,-0.25618184,0.062231548
9,7,0,1,35,0.02281206474222361,0.0025396865243998367,0.016950906501281036,0.7108795930124588,-0.14055942,0.2272468
9,7,0,2,26,0.21117796672107153,0.0025396865243998367,0.13736322364810774,0.6462070958244924,-0.1113385,0.43965727
9,8,0,1,129,0.023128116651046787,0.0025396865243998367,0.02108202307106948,0.9006192522989349,-0.14879017,0.17307575
9,8,0,2,121,0.07614883836292557,0.0025396865243998367,0.0684007572238031,0.8947402470263587,-0.05587239,0.18125224
9,9,0,1,78,-0.09775675225158702,0.0025396865243998367,-0.08227780063704791,0.8456679837944048,-0.22805926,0.09023372
9,9,0,2,76,0.06318732161215654,0.0025396865243998367,0.053619993842100214,0.8422473068205797,-0.07710892,0.16805747
9,10,0,1,32,0.15070301744517983,0.0025396865243998367,0.10508644121029322,0.6921196631352943,-0.04335212,0.23677278
9,10,0,2,36,0.14603458859526103,0.0025396865243998367,0.10537315225971108,0.7166349762344145,-0.065387994,0.27615178
9,11,0,1,100,-0.13142391911346363,0.0025396865243998367,-0.11473073343499518,0.8753901434722933,-0.2335474,0.034336105
9,11,0,2,121,-0.06841065743397735,0.0025396865243998367,-0.060942441755523685,0.8947402470263587,-0.16257016,0.05688968
9,12,0,1,184,0.11448675944274289,0.0025396865243998367,0.10644809992608534,0.9281923206467296,0.015901826,0.19193643
9,12,0,2,170,-0.08172883443986535,0.0025396865243998367,-0.07521788240057632,0.9227356554406592,-0.1773036,0.047693327
9,13,0,1,167,0.04794742056436615,0.0025396865243998367,0.04438094682974097,0.9214566899223358,-0.07614013,0.17730415
9,13,0,2,187,0.06799087063665804,0.0025396865243998367,0.06336103887967742,0.9292628266428337,-0.043611348,0.16364302
9,14,0,1,41,0.15538613479101415,0.0025396865243998367,0.11599545547535355,0.742285936229605,-0.066768,0.26360285
9,14,0,2,30,-0.014043060164258093,0.0025396865243998367,-0.008706721991453408,0.6781993795723497,-0.14484118,0.14624166
9,15,0,1,37,-0.08054002421019202,0.0025396865243998367,-0.05745763030368593,0.7221656924126088,-0.20080414,0.09044528
9,15,0,2,34,-0.06883371361572169,0.0025396865243998367,-0.04777039327363152,0.7048855694034714,-0.16620699,0.10846666
9,16,0,1,123,-0.004967202789785459,0.0025396865243998367,-0.00418854511725922,0.8962742568942826,-0.13924891,0.12653469
9,16,0,2,114,0.02797630687316562,0.0025396865243998367,0.025152699401872796,0.8889943934147749,-0.08722817,0.13642272
10,1,1,1,53,-0.16852274212128623,-0.030311768505892876,-0.13926106019816367,0.7882824991555987,-0.33863422,0.08998038
10,1,1,2,59,-0.01992341496206269,-0.030311768505892876,-0.02194261844599213,0.8056281512358927,-0.18533404,0.118551694
10,1,2,1,49,-0.10187539219126919,-0.030311768505892876,-0.08576570681841522,0.7748900273178048,-0.19391708,0.047263235
10,1,2,2,47,0.11593963022027812,-0.030311768505892876,0.08194168938703063,0.7675376705497196,-0.122399695,0.28189856
10,2,1,1,36,0.11742529091649019,-0.030311768505892876,0.07556177556220889,0.7166349762344145,-0.08418531,0.23365468
10,2,1,2,37,-0.2062996927527756,-0.030311768505892876,-0.15740420967590069,0.7221656924126088,-0.24298818,-0.03508219
10,2,2,1,37,-0.16950217890999542,-0.030311768505892876,-0.13083030761256678,0.7221656924126088,-0.2617309,0.031538367
10,2,2,2,42,0.09633851071174152,-0.030311768505892876,0.0642793684411786,0.746868759637925,-0.08231247,0.17662627
10,3,1,1,18,0.10047884266915381,-0.030311768505892876,0.04272211101818735,0.5584030754801934,-0.06754564,0.11491827
10,3,1,2,13,0.030158040237119883,-0.030311768505892876,-0.0014476642752070112,0.47733083386047737,-0.15880802,0.12082108
10,3,2,1,15,-0.21737369250980282,-0.030311768505892876,-0.12629090396734866,0.5130875028284732,-0.25698882,0.04752358
10,3,2,2,23,0.20354956477869587,-0.030311768505892876,0.11414485888439255,0.6177020602824255,-0.06687952,0.2143448
10,4,1,1,46,0.214485082612801,-0.030311768505892876,0.15663429900454623,0.763678399685767,-0.029503595,0.3322741
10,4,1,2,39,-0.1380660820050577,-0.030311768505892876,-0.1092529845188766,0.7326037673062209,-0.24786712,0.06636723
10,4,2,1,40,-0.1907917152745184,-0.030311768505892876,-0.14867120376297743,0.7375341133913206,-0.34772903,0.05203024
10,4,2,2,46,-0.060109435649310115,-0.030311768505892876,-0.05306760326434691,0.763678399685767,-0.25568807,0.15565024
10,5,1,1,13,0.13718986517744053,-0.030311768505892876,0.04964192597316487,0.47733083386047737,-0.2577486,0.35513085
10,5,1,2,18,0.08715905200888363,-0.030311768505892876,0.03528429894874012,0.5584030754801934,-0.13874857,0.15883036
10,5,2,1,16,0.16811049651266177,-0.030311768505892876,0.07469168429652548,0.5291918867703651,-0.04311695,0.1500631
10,5,2,2,16,-0.20034513360222367,-0.030311768505892876,-0.12029204579513451,0.5291918867703651,-0.24948414,0.07376793
10,6,1,1,19,0.22577689721486716,-0.030311768505892876,0.11609162951802023,0.571690268336795,-0.08407652,0.2756262
10,6,1,2,19,-0.25673165537989806,-0.030311768505892876,-0.15975381438967967,0.571690268336795,-0.21262537,-0.0324217
10,6,2,1,21,-0.10591629073811683,-0.030311768505892876,-0.07537221702386597,0.5960020272275135,-0.15665784,0.02531033
10,6,2,2,15,0.2016934996197656,-0.030311768505892876,0.08872723515975159,0.5130875028284732,-0.076841086,0.24923576
10,7,1,1,18,-0.31800230833811644,-0.030311768505892876,-0.1909590507347636,0.5584030754801934,-0.31376857,0.021039024
10,7,1,2,10,-0.3006538758782972,-0.030311768505892876,-0.14186306509461794,0.4126301214152326,-0.36086616,0.056518074
10,7,2,1,17,0.029583302358483155,-0.030311768505892876,0.0022870275026195524,0.5442650878955936,-0.19030085,0.17013198
10,7,2,2,16,0.004067942568535228,-0.030311768505892876,-0.012118304335796252,0.5291918867703651,-0.13536423,0.09330863
10,8,1,1,67,-0.10164519470606011,-0.030311768505892876,-0.0891454304657756,0.8247698883100162,-0.24690616,0.07225261
10,8,1,2,46,-0.06603825859548558,-0.030311768505892876,-0.05759531728390244,0.763678399685767,-0.23334596,0.09218061
10,8,2,1,62,-0.06984148911857488,-0.030311768505892876,-0.06246038485461614,0.8132770950677877,-0.17361675,0.06435525
10,8,2,2,75,0.006385660059326166,-0.030311768505892876,0.0005316667373830488,0.8404794681583931,-0.13100818,0.1305044
10,9,1,1,39,-0.12818166873109924,-0.030311768505892876,-0.10201162611676301,0.7326037673062209,-0.25124407,0.10206362
10,9,1,2,34,0.07630994176313288,-0.030311768505892876,0.044844336447861295,0.7048855694034714,-0.08803965,0.14334123
10,9,2,1,39,0.10538982924454399,-0.030311768505892876,0.06910373323555055,0.7326037673062209,-0.12774625,0.24099047
10,9,2,2,42,-0.010782333155686363,-0.030311768505892876,-0.015725843349455093,0.746868759637925,-0.15965414,0.13632494
10,10,1,1,18,-0.027799591887308742,-0.030311768505892876,-0.028908961355926063,0.5584030754801934,-0.13097243,0.12338425
10,10,1,2,17,0.06798827919130936,-0.030311768505892876,0.02318951559416594,0.5442650878955936,-0.0951648,0.112134196
10,10,2,1,14,-0.09539131638699022,-0.030311768505892876,-0.06258096582426755,0.49584237089863703,-0.16375577,0.05017254
10,10,2,2,19,-0.050737535666046794,-0.030311768505892876,-0.04198898081466616,0.571690268336795,-0.19305915,0.09499954
10,11,1,1,49,0.054655697903165275,-0.030311768505892876,0.03552867386094685,0.7748900273178048,-0.1217785,0.17151
10,11,1,2,58,0.08064178686889163,-0.030311768505892876,0.05877698151055814,0.8029373165692848,-0.07550105,0.16765532
10,11,2,1,51,-0.007304720091915331,-0.030311768505892876,-0.012325052241415568,0.7817915597356583,-0.10708508,0.103824355
10,11,2,2,63,0.07853018027832755,-0.030311768505892876,0.05847003186205826,0.8156946963891779,-0.0692406,0.17171073
10,12,1,1,101,0.031051665352086717,-0.030311768505892876,0.02347153239972354,0.8764714997875324,-0.14038911,0.15728877
10,12,1,2,86,0.050734379720895784,-0.030311768505892876,0.03922466169872714,0.8579856257948077,-0.115846775,0.17974971
10,12,2,1,83,0.024972743882568378,-0.030311768505892876,0.01687931428055477,0.8536040338902793,-0.14649911,0.18216689
10,12,2,2,84,0.020895987528214734,-0.030311768505892876,0.013475691796462744,0.8550943000351431,-0.117901966,0.14245817
10,13,1,1,99,0.007621635801582923,-0.030311768505892876,0.002853015702897342,0.8742896877898777,-0.19186503,0.16513649
10,13,1,2,84,-0.03472288687910199,-0.030311768505892876,-0.03408369068360428,0.8550943000351431,-0.13885601,0.07935223
10,13,2,1,68,-0.3366276519529185,-0.030311768505892876,-0.2836045991753814,0.8269007399131266,-0.39137954,-0.13179894
10,13,2,2,103,-0.06176298919373494,-0.030311768505892876,-0.05794414641601431,0.8785788693029375,-0.16972154,0.06478842
10,14,1,1,29,-0.00908849320943353,-0.030311768505892876,-0.016076123245853682,0.6707562834287933,-0.20460184,0.19874528
10,14,1,2,18,-0.15193157730756918,-0.030311768505892876,-0.09822464378006202,0.5584030754801934,-0.2059747,0.1121753
10,14,2,1,12,0.13756402843898186,-0.030311768505892876,0.0464759767368179,0.4574080757330702,-0.1452064,0.21469146
10,14,2,2,12,-0.4502357591165148,-0.030311768505892876,-0.2223883930052493,0.4574080757330702,-0.24941984,-0.08196948
10,15,1,1,19,0.39684793821010017,-0.030311768505892876,0.21389127884923986,0.571690268336795,0.026033115,0.3079376
10,15,1,2,15,0.017152783757785974,-0.030311768505892876,-0.005958299912050342,0.5130875028284732,-0.08540296,0.0680369
10,15,2,1,18,-0.18554368330354026,-0.030311768505892876,-0.11699374714157852,0.5584030754801934,-0.19115882,-0.0063610175
10,15,2,2,19,-0.22346598743122306,-0.030311768505892876,-0.14073615575369894,0.571690268336795,-0.2849264,0.037805513
10,16,1,1,55,-0.24501668710931204,-0.030311768505892876,-0.2008730183804808,0.7943984282429557,-0.32895735,-0.018933183
10,16,1,2,57,-0.01562011900943367,-0.030311768505892876,-0.01855593761273406,0.8001709335627736,-0.15817903,0.100391425
10,16,2,1,68,-0.17950785839679176,-0.030311768505892876,-0.15368212562882252,0.8269007399131266,-0.25910124,-0.026740624
10,16,2,2,57,0.04815779353913568,-0.030311768505892876,0.03247729421193961,0.8001709335627736,-0.13030571,0.178228
11,1,1,1,57,0.0728389359309364,0.02129581746243417,0.06253912268611224,0.8001709335627736,-0.0937968,0.19484387
11,1,1,2,58,0.05313635822063351,0.02129581746243417,0.04686177581693769,0.8029373165692848,-0.17954014,0.26897013
11,1,2,1,45,-0.24222838027971588,0.02129581746243417,-0.17890057057447747,0.7596888246019721,-0.36008787,0.044889282
11,1,2,2,48,0.28564461879082786,0.02129581746243417,0.22518088895202773,0.7712729184510747,-0.0041623255,0.37921456
11,2,1,1,33,0.1870764481801083,0.02129581746243417,0.13711642409412678,0.6986377487544738,-0.021266263,0.2512926
11,2,1,2,39,-0.12072143494115888,0.02129581746243417,-0.08274655667091656,0.7326037673062209,-0.16031757,0.045210857
11,2,2,1,40,0.014328283916714325,0.02129581746243417,0.0161570237862674,0.7375341133913206,-0.13590991,0.19707085
11,2,2,2,40,0.14480953414660766,0.02129581746243417,0.11239139698876283,0.7375341133913206,-0.13692862,0.28766686
11,3,1,1,17,-0.08559389304932541,0.02129581746243417,-0.03688052022438321,0.5442650878955936,-0.14384304,0.08615624
11,3,1,2,25,-0.04481793267278251,0.02129581746243417,-0.020831187588068994,0.6371897670960198,-0.17170157,0.13021709
11,3,2,1,16,0.18189835625411757,0.02129581746243417,0.10628537798571587,0.5291918867703651,0.0012415219,0.17787613
11,3,2,2,11,0.13826061536784937,0.02129581746243417,0.07228151273642121,0.4359063255528997,-0.053998765,0.20936723
11,4,1,1,39,0.30964408104334024,0.02129581746243417,0.23254084165801311,0.7326037673062209,0.04301159,0.36462286
11,4,1,2,43,0.18839824983135034,0.02129581746243417,0.14683844481128985,0.7512914418366582,-0.12567684,0.4438536
11,4,2,1,47,0.011669672856898064,0.02129581746243417,0.013907388855526238,0.7675376705497196,-0.19894093,0.24089482
11,4,2,2,42,0.14643783714222175,0.02129581746243417,0.11476048247926192,0.746868759637925,-0.20106637,0.42954993
11,5,1,1,15,0.25484737985883327,0.02129581746243417,0.1411282053940909,0.5130875028284732,-0.04406976,0.26691163
11,5,1,2,16,-0.09079085831928843,0.02129581746243417,-0.0380195419763138,0.5291918867703651,-0.1889073,0.19037227
11,5,2,1,14,0.060880165934772225,0.02129581746243417,0.04092341465943611,0.49584237089863703,-0.15146238,0.20836316
11,5,2,2,18,0.22526044758613503,0.02129581746243417,0.13519029421268883,0.5584030754801934,-0.06373751,0.3337306
11,6,1,1,20,0.1790346044546261,0.02129581746243417,0.11344700954273892,0.5842012217633336,-0.030032247,0.20899561
11,6,1,2,15,0.03436759769633326,0.02129581746243417,0.02800278454016805,0.5130875028284732,-0.08895366,0.12303802
11,6,2,1,20,0.0719285155388455,0.02129581746243417,0.050875501539847656,0.5842012217633336,-0.05238258,0.17906657
11,6,2,2,19,0.09527194448679654,0.02129581746243417,0.06358724937150874,0.571690268336795,-0.07221671,0.20635913
11,7,1,1,12,-0.3770864509968444,0.02129581746243417,-0.16092744935969983,0.4574080757330702,-0.35064542,0.09108273
11,7,1,2,12,0.09259446664970113,0.02129581746243417,0.05390839538954918,0.4574080757330702,-0.06589929,0.16276559
11,7,2,1,23,-0.052767863125039324,0.02129581746243417,-0.02445347062854769,0.6177020602824255,-0.1779071,0.12655827
11,7,2,2,14,-0.2188819468803434,0.02129581746243417,-0.09779449464642279,0.49584237089863703,-0.3207863,0.09624661
11,8,1,1,79,0.12237806612748024,0.02129581746243417,0.10694516086123648,0.8473232890041512,-0.05303512,0.23565519
11,8,1,2,62,0.028670591053856394,0.02129581746243417,0.02729355190564867,0.8132770950677877,-0.09986578,0.15410344
11,8,2,1,50,0.05807162356477216,0.02129581746243417,0.04992190320530064,0.7783945146765007,-0.096819,0.19396903
11,8,2,2,59,-0.06747925522892877,0.02129581746243417,-0.05022388022574054,0.8056281512358927,-0.21431276,0.13792752
11,9,1,1,42,0.23311493388003282,0.02129581746243417,0.17949689820884732,0.746868759637925,-0.07110275,0.38875827
11,9,1,2,37,-0.05765041219193291,0.02129581746243417,-0.03571644113927666,0.7221656924126088,-0.15030213,0.08663527
11,9,2,1,36,-0.03642843859357022,0.02129581746243417,-0.020071403404409795,0.7166349762344145,-0.11733025,0.1169607
11,9,2,2,39,0.12372523468147587,0.02129581746243417,0.0963359944000848,0.7326037673062209,-0.057663172,0.21508215
11,10,1,1,18,-0.2649121456457209,0.02129581746243417,-0.13852358936408135,0.5584030754801934,-0.20835558,0.0002700414
11,10,1,2,18,0.1273070086480138,0.02129581746243417,0.0804927926557806,0.5584030754801934,-0.022073722,0.16880177
11,10,2,1,14,-0.0614055709600399,0.02129581746243417,-0.019711035049574464,0.49584237089863703,-0.11282407,0.12988594
11,10,2,2,18,-0.07060148965088979,0.02129581746243417,-0.030019921457993787,0.5584030754801934,-0.14248355,0.1482861
11,11,1,1,51,-0.06807261045183066,0.02129581746243417,-0.04857166518778268,0.7817915597356583,-0.18195078,0.09099082
11,11,1,2,57,-0.08197876804301592,0.02129581746243417,-0.06134150403477032,0.8001709335627736,-0.20157325,0.089750156
11,11,2,1,49,0.005056672637203966,0.02129581746243417,0.008712266085193748,0.7748900273178048,-0.11660437,0.12672569
11,11,2,2,64,0.10195234045416597,0.02129581746243417,0.0872769259370753,0.8180504939619693,-0.013189138,0.18958093
11,12,1,1,84,0.03263511924171051,0.02129581746243417,0.030991989780271723,0.8550943000351431,-0.11687848,0.15488298
11,12,1,2,93,-0.16309576431394981,0.02129581746243417,-0.13861887801313386,0.8672559448483953,-0.26356205,0.010314273
11,12,2,1,100,-0.07662289008190452,0.02129581746243417,-0.064421253983426,0.8753901434722933,-0.1824713,0.056616906
11,12,2,2,77,0.12611487766513274,0.02129581746243417,0.10976062969150108,0.8439763918698956,-0.03730349,0.2133047
11,13,1,1,74,-0.20602171578888745,0.02129581746243417,-0.1693489323676374,0.8386715582528131,-0.31873107,0.036306825
11,13,1,2,94,0.08428310800595244,0.02129581746243417,0.0759991701134412,0.8684823903198722,-0.04186525,0.18303838
11,13,2,1,93,0.017057712874707674,0.02129581746243417,0.017620296063839108,0.8672559448483953,-0.122411326,0.15722573
11,13,2,2,93,0.036775513519034346,0.02129581746243417,0.03472067589196693,0.8672559448483953,-0.07643297,0.14245312
11,14,1,1,25,-0.188283593201099,0.02129581746243417,-0.11224603840638361,0.6371897670960198,-0.26087797,0.10498986
11,14,1,2,10,0.2166203658347202,0.02129581746243417,0.10189260957266602,0.4126301214152326,-0.02032937,0.17319316
11,14,2,1,16,0.03971586878643594,0.02129581746243417,0.031043559176989626,0.5291918867703651,-0.10375614,0.17724678
11,14,2,2,20,-0.3526487729034192,0.02129581746243417,-0.19716306910108666,0.5842012217633336,-0.29984352,-0.0076542753
11,15,1,1,21,0.062474655564034295,0.02129581746243417,0.04583848844986142,0.5960020272275135,-0.033875294,0.11906494
11,15,1,2,14,0.1541137485172129,0.02129581746243417,0.08715257529448737,0.49584237089863703,-0.019687904,0.16362932
11,15,2,1,16,0.5153171320745674,0.02129581746243417,0.28272788904680507,0.5291918867703651,0.040614847,0.3816585
11,15,2,2,20,-0.07817150064047075,0.02129581746243417,-0.03681311129880503,0.5842012217633336,-0.12343271,0.064457595
11,16,1,1,50,0.048767781174756365,0.02129581746243417,0.04267984332349764,0.7783945146765007,-0.121645465,0.1958614
11,16,1,2,59,0.07858125516357871,0.02129581746243417,0.06744657873034615,0.8056281512358927,-0.07495601,0.22630802
11,16,2,1,73,0.004824250755244525,0.02129581746243417,0.0075120447886319434,0.8368221990556474,-0.11922285,0.15249285
11,16,2,2,55,0.022326289916552677,0.02129581746243417,0.022114423160333574,0.7943984282429557,-0.1109079,0.15667756
12,1,1,1,54,-0.023192120090601547,-0.007981105304937066,-0.020018878485494156,0.7913852790349009,-0.14927919,0.109237
12,1,1,2,54,-0.1854762566684464,-0.007981105304937066,-0.14844815519408985,0.7913852790349009,-0.28905493,0.054901514
12,1,2,1,48,-0.029237168114207717,-0.007981105304937066,-0.02437533090262259,0.7712729184510747,-0.18409492,0.14886352
12,1,2,2,52,-0.021540612360986165,-0.007981105304937066,-0.018626484853750982,0.785086028924986,-0.1740733,0.14692394
12,2,1,1,42,0.029235802258936436,-0.007981105304937066,0.019815040284852446,0.746868759637925,-0.11658218,0.17950556
12,2,1,2,38,-0.07897803147700218,-0.007981105304937066,-0.059630278926591056,0.7274846448489792,-0.18037334,0.084004045
12,2,2,1,31,0.1255406276026751,-0.007981105304937066,0.08352312589865861,0.6853133883973054,-0.103034735,0.21782857
12,2,2,2,41,-0.02524196987510119,-0.007981105304937066,-0.02079360232253376,0.742285936229605,-0.16494699,0.14607248
12,3,1,1,16,0.20885312937236838,-0.007981105304937066,0.10676581246035434,0.5291918867703651,-0.047946278,0.23533747
12,3,1,2,15,0.06960221599626822,-0.007981105304937066,0.031825927282637445,0.5130875028284732,-0.09191026,0.15580632
12,3,2,1,17,-0.11795242678332353,-0.007981105304937066,-0.06783465625536565,0.5442650878955936,-0.16189818,0.08387053
12,3,2,2,21,0.08359003342586135,-0.007981105304937066,0.04659547901415067,0.5960020272275135,-0.1442796,0.1707187
12,4,1,1,51,-0.13898830009827964,-0.007981105304937066,-0.11040142445901757,0.7817915597356583,-0.25367004,0.059669044
12,4,1,2,36,0.25755221666990785,-0.007981105304937066,0.18230936057795105,0.7166349762344145,-0.075267516,0.36509672
12,4,2,1,35,-0.039650617197552175,-0.007981105304937066,-0.03049431503006252,0.7108795930124588,-0.25333148,0.19435455
12,4,2,2,49,0.03011072033237639,-0.007981105304937066,0.021535870503745815,0.7748900273178048,-0.1889664,0.22022372
12,5,1,1,17,0.295135317462079,-0.007981105304937066,0.15699458117495083,0.5442650878955936,0.038832963,0.20988528
12,5,1,2,15,-0.01978911396917024,-0.007981105304937066,-0.01403964698384544,0.5130875028284732,-0.2224063,0.222139
12,5,2,1,12,0.36833057776873185,-0.007981105304937066,0.1641468975256628,0.4574080757330702,-0.2082499,0.4558484
12,5,2,2,19,-0.20643806291476402,-0.007981105304937066,-0.12143701665420299,0.571690268336795,-0.31690124,0.14559558
12,6,1,1,20,-0.09227354674593603,-0.007981105304937066,-0.05722485258018291,0.5842012217633336,-0.13097161,0.036555804
12,6,1,2,13,-0.07823796814283404,-0.007981105304937066,-0.04151687222777161,0.47733083386047737,-0.13089249,0.07341711
12,6,2,1,20,-0.006570292291138813,-0.007981105304937066,-0.007156906618596515,0.5842012217633336,-0.1001956,0.08213064
12,6,2,2,21,0.16487180882117192,-0.007981105304937066,0.0950395819264072,0.5960020272275135,-0.005266611,0.17076264
12,7,1,1,15,-0.29367607660693174,-0.007981105304937066,-0.1545676247009298,0.5130875028284732,-0.19969405,-0.016720874
12,7,1,2,15,0.09879743961302977,-0.007981105304937066,0.046805631662680494,0.5130875028284732,-0.05702397,0.12997939
12,7,2,1,20,-0.07717085781816757,-0.007981105304937066,-0.048401843256669005,0.5842012217633336,-0.27433226,0.16967222
12,7,2,2,11,0.09394548120220439,-0.007981105304937066,0.03644933849554073,0.4359063255528997,-0.027582899,0.10198743
12,8,1,1,71,0.23579604063931917,-0.007981105304937066,0.19508362328699722,0.8329932972402937,0.032152858,0.34910315
12,8,1,2,60,0.04689010981800322,-0.007981105304937066,0.03636836175569558,0.8082464906466276,-0.12591296,0.18221992
12,8,2,1,58,0.06681742483154672,-0.007981105304937066,0.05207742576617801,0.8029373165692848,-0.15789178,0.24810362
12,8,2,2,61,0.07108577102137502,-0.007981105304937066,0.056125940520577886,0.8107952255625057,-0.11522185,0.20084597
12,9,1,1,38,-0.0031247910186252836,-0.007981105304937066,-0.004448211231084515,0.7274846448489792,-0.19845076,0.19124943
12,9,1,2,39,0.13025714340609865,-0.007981105304937066,0.09329275648658204,0.7326037673062209,-0.069731236,0.21312419
12,9,2,1,40,-0.1672064320945818,-0.007981105304937066,-0.12541521552818097,0.7375341133913206,-0.23452736,0.04070166
12,9,2,2,37,0.09909225687334083,-0.007981105304937066,0.06934360343148502,0.7221656924126088,-0.0902916,0.20805
12,10,1,1,17,-0.23816279053014155,-0.007981105304937066,-0.13326096044598884,0.5442650878955936,-0.2747557,0.027262783
12,10,1,2,17,-0.07273192137981371,-0.007981105304937066,-0.04322271390724122,0.5442650878955936,-0.18344733,0.13990517
12,10,2,1,15,-0.039318143101957324,-0.007981105304937066,-0.02405974777425167,0.5130875028284732,-0.1553809,0.11228237
12,10,2,2,19,-0.3227627399354236,-0.007981105304937066,-0.1879387024743349,0.571690268336795,-0.31713572,-0.008248051
12,11,1,1,50,-0.15836712773630926,-0.007981105304937066,-0.12504076024953437,0.7783945146765007,-0.20429166,-0.027130486
12,11,1,2,60,-0.028090503837386257,-0.007981105304937066,-0.024234456097803565,0.8082464906466276,-0.10854549,0.09914226
12,11,2,1,50,-0.05797355140718943,-0.007981105304937066,-0.046894951126190916,0.7783945146765007,-0.26430193,0.14686036
12,11,2,2,61,0.0360626927418182,-0.007981105304937066,0.027729395867011317,0.8107952255625057,-0.10629929,0.1673269
12,12,1,1,87,-0.07785496816537991,-0.007981105304937066,-0.06802989584888433,0.8593884477788363,-0.19742222,0.073464796
12,12,1,2,84,0.013414207264875877,-0.007981105304937066,0.010313904520980232,0.8550943000351431,-0.11210869,0.11621494
12,12,2,1,97,0.04141585835613034,-0.007981105304937066,0.035094500161718,0.8720294178851611,-0.1268478,0.17447264
12,12,2,2,86,0.004644671122977628,-0.007981105304937066,0.0028516293847126546,0.8579856257948077,-0.15878163,0.16749537
12,13,1,1,79,0.0901744565670288,-0.007981105304937066,0.07518838821446751,0.8473232890041512,-0.07071873,0.18761282
12,13,1,2,90,0.08226661291687233,-0.007981105304937066,0.06994197066213813,0.8634354142401374,-0.05645457,0.17294292
12,13,2,1,88,-0.10471913164645848,-0.007981105304937066,-0.09124969903803902,0.8607638266169777,-0.21522704,0.049161464
12,13,2,2,97,-0.02610623376015496,-0.007981105304937066,-0.023786750520834496,0.8720294178851611,-0.13281246,0.088282384
12,14,1,1,21,-0.4094085455918683,-0.007981105304937066,-0.24723267350069972,0.5960020272275135,-0.33514538,-0.039817136
12,14,1,2,13,-0.0346286775194,-0.007981105304937066,-0.020700813170423944,0.47733083386047737,-0.13814574,0.0987331
12,14,2,1,20,-0.22680222858678994,-0.007981105304937066,-0.13581667287382054,0.5842012217633336,-0.29728168,0.040490936
12,14,2,2,17,0.148885815177746,-0.007981105304937066,0.07739608295948151,0.5442650878955936,-0.0564993,0.18617421
12,15,1,1,22,0.0698126438993374,-0.007981105304937066,0.03925148468112857,0.607151480282048,-0.095721595,0.16541079
12,15,1,2,18,-0.24023694525090783,-0.007981105304937066,-0.1376734806290027,0.5584030754801934,-0.19466256,-0.010340349
12,15,2,1,15,-0.20452802395320346,-0.007981105304937066,-0.10882687298280713,0.5130875028284732,-0.18189076,0.030959308
12,15,2,2,16,-0.2711947244857967,-0.007981105304937066,-0.14727161706291253,0.5291918867703651,-0.28462043,0.07214742
12,16,1,1,66,0.008896896966552801,-0.007981105304937066,0.005902501743208159,0.8225859212969333,-0.14187592,0.1443482
12,16,1,2,56,0.15837228654957328,-0.007981105304937066,0.12465674182152173,0.7973257752535725,-0.0095404005,0.2250968
12,16,2,1,57,-0.023764626804069013,-0.007981105304937066,-0.020610620437805583,0.8001709335627736,-0.13624047,0.1095234
12,16,2,2,58,0.032075884900703074,-0.007981105304937066,0.024182146920621754,0.8029373165692848,-0.12731417,0.17429242
13,1,1,1,38,0.09548378429028503,0.024004528507721366,0.07600458951476903,0.7274846448489792,-0.09954026,0.2686987
13,1,1,2,43,-0.11683914036687597,0.024004528507721366,-0.08181011455463973,0.7512914418366582,-0.22170244,0.121205926
13,1,2,1,31,-0.07230455174570705,0.024004528507721366,-0.04199737361418368,0.6853133883973054,-0.23119059,0.14882922
13,1,2,2,31,-0.006090161644336707,0.024004528507721366,0.003380234426847431,0.6853133883973054,-0.16272789,0.18615907
13,1,3,1,33,0.18725698282696604,0.024004528507721366,0.13805885567196105,0.6986377487544738,-0.03910215,0.2959744
13,1,3,2,32,0.17833041183619858,0.024004528507721366,0.13081650689008376,0.6921196631352943,0.024285447,0.20610195
13,2,1,1,21,0.18913055430103462,0.024004528507721366,0.12241997462855875,0.5960020272275135,-0.00822039,0.19718966
13,2,1,2,27,0.03926975587111985,0.024004528507721366,0.03400000184339917,0.6547870593558273,-0.11644101,0.1707238
13,2,2,1,26,0.0046735558440329505,0.024004528507721366,0.011512716803256622,0.6462070958244924,-0.12679882,0.13732886
13,2,2,2,25,0.020890631472423694,0.024004528507721366,0.022020385181039055,0.6371897670960198,-0.09068436,0.12841518
13,2,3,1,26,0.037294803764735804,0.024004528507721366,0.032592798684264776,0.6462070958244924,-0.09518704,0.14708292
13,2,3,2,27,-0.02619777481795782,0.024004528507721366,-0.008867290059789375,0.6547870593558273,-0.14188178,0.13215747
13,3,1,1,11,0.20992823367007613,0.024004528507721366,0.10504984765822412,0.4359063255528997,-0.049239147,0.22655407
13,3,1,2,13,0.04787350357773593,0.024004528507721366,0.035397926281286365,0.47733083386047737,-0.07047221,0.10980703
13,3,2,1,10,-0.02396170008618615,0.024004528507721366,0.004212217779186506,0.4126301214152326,-0.09923225,0.10320777
13,3,2,2,13,0.15746628578936855,0.024004528507721366,0.08770994039945465,0.47733083386047737,-0.06233462,0.19590682
13,3,3,1,12,-0.10470401419936227,0.024004528507721366,-0.034867798342333445,0.4574080757330702,-0.118811056,0.054202035
13,3,3,2,10,0.4173220543281173,0.024004528507721366,0.18629918694173023,0.4126301214152326,0.0017791203,0.26556736
13,4,1,1,28,0.17235213613408126,0.024004528507721366,0.12235316592251148,0.66296072439873,-0.06762521,0.23018125
13,4,1,2,38,-0.17609758743600615,0.024004528507721366,-0.12156668824313052,0.7274846448489792,-0.33071318,0.13527426
13,4,2,1,22,-0.17984818836960317,0.024004528507721366,-0.09976495030386345,0.607151480282048,-0.32445347,0.13949744
13,4,2,2,25,0.0007170412788870817,0.024004528507721366,0.009165979944128912,0.6371897670960198,-0.1288669,0.13546716
13,4,3,1,36,0.16703533693491998,0.024004528507721366,0.12650540850573594,0.7166349762344145,-0.08604903,0.29682034
13,4,3,2,22,0.1168638891073186,0.024004528507721366,0.08038422675381131,0.607151480282048,-0.094790265,0.23943278
13,5,1,1,9,-0.5260233327545203,0.024004528507721366,-0.18904895690460063,0.3873503515319974,-0.23834167,0.01591258
13,5,1,2,13,-0.28408480078182163,0.024004528507721366,-0.12305600794557138,0.47733083386047737,-0.2720152,0.07505465
13,5,2,1,11,0.01796945785242967,0.024004528507721366,0.021373803033921033,0.4359063255528997,-0.048526086,0.07989756
13,5,2,2,11,0.08520431890968728,0.024004528507721366,0.050681904266449945,0.4359063255528997,-0.08737237,0.18422225
13,5,3,1,9,-0.16420881160410802,0.024004528507721366,-0.04889997494760713,0.3873503515319974,-0.26130968,0.147011
13,5,3,2,10,0.2370292596939954,0.024004528507721366,0.11190494920156091,0.4126301214152326,-0.028901048,0.16826455
13,6,1,1,18,0.15429003603877708,0.024004528507721366,0.09675635660356079,0.5584030754801934,-0.036068007,0.2090143
13,6,1,2,16,0.045142399595047594,0.024004528507721366,0.035190518390732284,0.5291918867703651,-0.0747582,0.102325216
13,6,2,1,10,-0.5819135951925056,0.024004528507721366,-0.22601554044239322,0.4126301214152326,-0.31152606,0.04915126
13,6,2,2,7,0.06662893448883982,0.024004528507721366,0.03805557349856492,0.32964787819137736,-0.025861673,0.09714572
13,6,3,1,12,0.05934235486111283,0.024004528507721366,0.040168335660615534,0.4574080757330702,-0.049446084,0.10548115
13,6,3,2,11,-0.37336782350863407,0.024004528507721366,-0.1492125933360415,0.4359063255528997,-0.27638805,0.015401376
13,7,1,1,11,0.15683770873647335,0.024004528507721366,0.08190735201274273,0.4359063255528997,-0.13175054,0.22541685
13,7,1,2,5,0.13709332003869026,0.024004528507721366,0.05340148406903588,0.25994579271159934,0.012807297,0.069227606
13,7,2,1,12,0.05031931348376295,0.024004528507721366,0.03604112366694205,0.4574080757330702,-0.059993505,0.12835312
13,7,2,2,11,-0.46134554977936526,0.024004528507721366,-0.18756264072521475,0.4359063255528997,-0.43695652,0.08059939
13,7,3,1,12,-0.3281121721732463,0.024004528507721366,-0.1370564939842375,0.4574080757330702,-0.2487714,0.060749415
13,7,3,2,10,-0.2323484505124264,0.024004528507721366,-0.08177443235051877,0.4126301214152326,-0.14358094,0.070885
13,8,1,1,45,-0.06708160136835306,0.024004528507721366,-0.045192586435376186,0.7596888246019721,-0.19845383,0.10507236
13,8,1,2,41,0.10748500629743872,0.024004528507721366,0.08597091312075647,0.742285936229605,-0.05019168,0.2153001
13,8,2,1,44,-0.21108269799500562,0.024004528507721366,-0.1536185012038061,0.7555622325973848,-0.2864217,0.045279913
13,8,2,2,37,0.005772555747547254,0.024004528507721366,0.010838023275322406,0.7221656924126088,-0.12039994,0.13561088
13,8,3,1,40,0.19281922183504502,0.024004528507721366,0.14851112367831668,0.7375341133913206,-0.047890186,0.32394117
13,8,3,2,43,0.3062611744453352,0.024004528507721366,0.23606153100217037,0.7512914418366582,0.0080397595,0.3652465
13,9,1,1,25,-0.3082072109492985,0.024004528507721366,-0.18767739238346073,0.6371897670960198,-0.33426744,0.048216674
13,9,1,2,19,0.1579045663253811,0.024004528507721366,0.10055387705800627,0.571690268336795,-0.06820474,0.20897907
13,9,2,1,27,0.19187770907002666,0.024004528507721366,0.13392571475282308,0.6547870593558273,-0.0801687,0.2950234
13,9,2,2,29,-0.34852129433404677,0.024004528507721366,-0.22586950790287613,0.6707562834287933,-0.2967513,-0.06665169
13,9,3,1,26,-0.030699390584819426,0.024004528507721366,-0.011345532179287424,0.6462070958244924,-0.12503077,0.12049748
13,9,3,2,28,0.06861033388648073,0.024004528507721366,0.053576425554012444,0.66296072439873,-0.07679627,0.18738922
13,10,1,1,9,0.18984417509297535,0.024004528507721366,0.08824257391046172,0.3873503515319974,-0.0029457386,0.12504528
13,10,1,2,12,-0.22185049701359966,0.024004528507721366,-0.08845154562529094,0.4574080757330702,-0.23112534,0.07483861
13,10,2,1,13,0.10462850608558139,0.024004528507721366,0.06248883895410972,0.47733083386047737,-0.09094372,0.222729
13,10,2,2,10,-0.34481900035644775,0.024004528507721366,-0.12818316898829527,0.4126301214152326,-0.23141024,0.029214414
13,10,3,1,10,-0.13555767360347237,0.024004528507721366,-0.041835642322702385,0.4126301214152326,-0.20869948,0.17014033
13,10,3,2,14,-0.04891245816445186,0.024004528507721366,-0.012150803042593325,0.49584237089863703,-0.11851256,0.117522
13,11,1,1,31,-0.09728706183078616,0.024004528507721366,-0.059118222251259095,0.6853133883973054,-0.21982937,0.11411745
13,11,1,2,32,-0.10423361938107949,0.024004528507721366,-0.06475161521016953,0.6921196631352943,-0.19360983,0.11132573
13,11,2,1,40,0.03326739552147498,0.024004528507721366,0.030836208918171848,0.7375341133913206,-0.11195737,0.16554093
13,11,2,2,42,0.05908916358123366,0.024004528507721366,0.05020814638742473,0.746868759637925,-0.0698703,0.16583139
13,11,3,1,29,0.20320598714051974,0.024004528507721366,0.14420503288527586,0.6707562834287933,-0.054927208,0.29303715
13,11,3,2,47,-0.05687793769120866,0.024004528507721366,-0.03807581118692182,0.7675376705497196,-0.15441819,0.09359252
13,12,1,1,68,0.20018221754005203,0.024004528507721366,0.16968598992474032,0.8269007399131266,0.010064274,0.30231383
13,12,1,2,55,0.04324552483113739,0.024004528507721366,0.03928954574487155,0.7943984282429557,-0.14730726,0.22913216
13,12,2,1,64,0.14443234611555747,0.024004528507721366,0.12252056418857364,0.8180504939619693,-0.047033492,0.24775845
13,12,2,2,55,-0.08353544976561156,0.024004528507721366,-0.061425061205895914,0.7943984282429557,-0.210682,0.107919395
13,12,3,1,52,-0.041763941589633986,0.024004528507721366,-0.02762937850948304,0.785086028924986,-0.13235387,0.12711714
13,12,3,2,60,-0.013238196642640261,0.024004528507721366,-0.006096773397175314,0.8082464906466276,-0.15668306,0.14781912
13,13,1,1,48,0.10657744539892743,0.024004528507721366,0.0876907831034199,0.7712729184510747,-0.027469218,0.2031959
13,13,1,2,61,-0.02103219079608628,0.024004528507721366,-0.012511028478804607,0.8107952255625057,-0.123246096,0.09980989
13,13,2,1,62,-0.000236350610060496,0.024004528507721366,0.004289976756922338,0.8132770950677877,-0.14280699,0.14751458
13,13,2,2,65,0.0368146136100722,0.024004528507721366,0.03451324118540664,0.820346827809659,-0.11007533,0.18480031
13,13,3,1,57,0.07556360458426772,0.024004528507721366,0.06526060254552553,0.8001709335627736,-0.07598391,0.20985024
13,13,3,2,61,-0.006829592731670718,0.024004528507721366,-0.0009956297775931865,0.8107952255625057,-0.15470974,0.1594692
13,14,1,1,12,-0.07992286582148735,0.024004528507721366,-0.02353270094835398,0.4574080757330702,-0.14588714,0.14779921
13,14,1,2,11,0.052365826505628196,0.024004528507721366,0.036367397705899744,0.4359063255528997,-0.1255242,0.14059857
13,14,2,1,16,-0.08483203567121017,0.024004528507721366,-0.03359089823973135,0.5291918867703651,-0.1691977,0.11663886
13,14,2,2,9,0.23400169549872707,0.024004528507721366,0.10534700496241099,0.3873503515319974,0.017377704,0.15662014
13,14,3,1,13,0.02583360629479343,0.024004528507721366,0.02487760373302015,0.47733083386047737,-0.14491776,0.1779797
13,14,3,2,10,0.0888286462785108,0.024004528507721366,0.050752912094117544,0.4126301214152326,-0.14379524,0.14655596
13,15,1,1,17,0.044243691254341445,0.024004528507721366,0.03501999819894377,0.5442650878955936,-0.09187022,0.15484399
13,15,1,2,9,0.36213575058562775,0.024004528507721366,0.15497977624354228,0.3873503515319974,-0.06764906,0.26184487
13,15,2,1,8,0.24931528488520913,0.024004528507721366,0.10507059226178037,0.3597966872839402,-0.019625427,0.16253322
13,15,2,2,15,0.2268730395554178,0.024004528507721366,0.12809382624371446,0.5130875028284732,-0.015500368,0.18808174
13,15,3,1,12,0.21309677722116277,0.024004528507721366,0.11049685012777571,0.4574080757330702,-0.026240837,0.18324307
13,15,3,2,10,-0.08267025178523897,0.024004528507721366,-0.02001269903650612,0.4126301214152326,-0.1181291,0.11543564
13,16,1,1,39,0.24426781328363995,0.024004528507721366,0.1853702407338023,0.7326037673062209,0.038178805,0.27468896
13,16,1,2,35,-0.08322945695142012,0.024004528507721366,-0.052225923432577065,0.7108795930124588,-0.16205941,0.09610558
13,16,2,1,37,0.09858964484681718,0.024004528507721366,0.07786734069241948,0.7221656924126088,-0.057595942,0.18648477
13,16,2,2,41,0.20929077788748587,0.024004528507721366,0.16153990559905193,0.742285936229605,-0.016707135,0.3385721
13,16,3,1,47,-0.009389260551211394,0.024004528507721366,-0.0016264625574005966,0.7675376705497196,-0.18792257,0.18709242
13,16,3,2,38,-0.21473949587575245,0.024004528507721366,-0.14967808328070611,0.7274846448489792,-0.22195677,-0.020230154
14,1,0,1,102,-0.030171343485594432,0.01542411163353839,-0.02458746186356855,0.8775342496870315,-0.16748875,0.11990568
14,1,0,2,106,0.059677480926504385,0.01542411163353839,0.054438256835749634,0.8816084701693545,-0.09462046,0.19870844
14,2,0,1,73,0.015906793420083987,0.01542411163353839,0.015828030467599584,0.8368221990556474,-0.16267169,0.18096465
14,2,0,2,79,-0.012389614455206418,0.01542411163353839,-0.008143106235437427,0.8473232890041512,-0.13127477,0.101827964
14,3,0,1,33,-0.1589980029653826,0.01542411163353839,-0.10643376184284661,0.6986377487544738,-0.23961517,0.0579364
14,3,0,2,36,-0.013109270413749291,0.01542411163353839,-0.0050239079318070866,0.7166349762344145,-0.12424953,0.13186622
14,4,0,1,86,0.006879190406035526,0.01542411163353839,0.008092692046792008,0.8579856257948077,-0.197621,0.20051125
14,4,0,2,85,0.08717689825116683,0.01542411163353839,0.07688428612431682,0.8565545310219171,-0.10285807,0.23321417
14,5,0,1,29,-0.2713292413311806,0.01542411163353839,-0.1769175016618215,0.6707562834287933,-0.33806235,0.0338483
14,5,0,2,34,0.06867673438446775,0.01542411163353839,0.052961116943555486,0.7048855694034714,-0.13213792,0.23743838
14,6,0,1,40,0.08952436545286628,0.01542411163353839,0.0700755766362482,0.7375341133913206,-0.0911986,0.25659624
14,6,0,2,34,-0.03000733145485173,0.01542411163353839,-0.016599856996642886,0.7048855694034714,-0.1180561,0.09611363
14,7,0,1,35,0.31903685065997633,0.01542411163353839,0.23125621198605048,0.7108795930124588,-0.07968797,0.39694825
14,7,0,2,26,0.10157168390566416,0.01542411163353839,0.07109328412383936,0.6462070958244924,-0.11700183,0.2248349
14,8,0,1,129,0.13777998010849654,0.01542411163353839,0.12562016241384202,0.9006192522989349,-0.02570904,0.2826592
14,8,0,2,121,-0.010763088140589436,0.01542411163353839,-0.008006629961293346,0.8947402470263587,-0.14603545,0.13154891
14,9,0,1,78,-0.02504407558099087,0.01542411163353839,-0.018798538655987077,0.8456679837944048,-0.16705881,0.13114806
14,9,0,2,76,-0.005881305325778799,0.01542411163353839,-0.0025203184211360164,0.8422473068205797,-0.10517588,0.10933688
14,10,0,1,32,0.1245371203584351,0.01542411163353839,0.09094337047589232,0.6921196631352943,-0.060170125,0.24905507
14,10,0,2,36,0.13736900577275293,0.01542411163353839,0.1028140879469026,0.7166349762344145,-0.057320226,0.26665956
14,11,0,1,100,0.032564410353004294,0.01542411163353839,0.030428560188729612,0.8753901434722933,-0.0758603,0.14342037
14,11,0,2,121,-0.09252023932166158,0.01542411163353839,-0.08115804360521718,0.8947402470263587,-0.1787852,0.03413456
14,12,0,1,184,-0.03685677414455186,0.01542411163353839,-0.0331026050622938,0.9281923206467296,-0.14830497,0.08944861
14,12,0,2,170,0.07219915497289514,0.01542411163353839,0.06781246846195157,0.9227356554406592,-0.054505453,0.18489501
14,13,0,1,167,0.029638419300321836,0.01542411163353839,0.028521980525710342,0.9214566899223358,-0.0729212,0.12523028
14,13,0,2,187,-0.014500980458163119,0.01542411163353839,-0.012384164031143261,0.9292628266428337,-0.098234974,0.08098611
14,14,0,1,41,-0.13434021274298902,0.01542411163353839,-0.09574384010008652,0.742285936229605,-0.23869614,0.0848915
14,14,0,2,30,0.00548778676416023,0.01542411163353839,0.008685302271896813,0.6781993795723497,-0.112976134,0.120411284
14,15,0,1,37,-0.0886038016485561,0.01542411163353839,-0.05970127839206419,0.7221656924126088,-0.22959955,0.12384309
14,15,0,2,34,0.11589322236575327,0.01542411163353839,0.08624333795947609,0.7048855694034714,-0.017202886,0.16780753
14,16,0,1,123,0.12329633622601768,0.01542411163353839,0.11210720956969594,0.8962742568942826,0.0016796184,0.2152766
14,16,0,2,114,-0.04059770442119212,0.01542411163353839,-0.03437896874803086,0.8889943934147749,-0.16905382,0.1088909
15,1,1,1,55,0.03152192265553562,0.02188361861480445,0.02954027219568902,0.7943984282429557,-0.16550593,0.21855816
15,1,1,2,48,-0.0016189535321961808,0.02188361861480445,0.003756721203880333,0.7712729184510747,-0.12199098,0.12769228
15,1,2,1,47,0.3098635982543054,0.02188361861480445,0.24291910135226266,0.7675376705497196,0.021051057,0.40847498
15,1,2,2,58,0.07329562063008642,0.02188361861480445,0.06316423355240962,0.8029373165692848,-0.12553322,0.27161956
15,2,1,1,36,-0.16222535464606685,0.02188361861480445,-0.11005531106254252,0.7166349762344145,-0.35925093,0.12450481
15,2,1,2,46,0.0667413683681712,0.02188361861480445,0.05614051315996018,0.763678399685767,-0.080440685,0.19945025
15,2,2,1,37,0.06384002456889751,0.02188361861480445,0.05218309557178656,0.7221656924126088,-0.15092325,0.24318898
15,2,2,2,33,0.06035361733847224,0.02188361861480445,0.048760211917695195,0.6986377487544738,-0.066463426,0.16712789
15,3,1,1,17,-0.03571292402689729,0.02188361861480445,-0.00946416872856365,0.5442650878955936,-0.110499844,0.1363015
15,3,1,2,17,0.2142397766366168,0.02188361861480445,0.12657635986780486,0.5442650878955936,-0.053958587,0.24183102
15,3,2,1,16,0.2234285751698732,0.02188361861480445,0.12853957444323255,0.5291918867703651,-0.040619746,0.29612964
15,3,2,2,19,-0.221768096078927,0.02188361861480445,-0.1174096955391751,0.571690268336795,-0.21281748,0.032521386
15,4,1,1,46,0.175169474919216,0.02188361861480445,0.1389447160518199,0.763678399685767,-0.040484693,0.28003323
15,4,1,2,38,-0.11506196004162944,0.02188361861480445,-0.07774218703770931,0.7274846448489792,-0.21847135,0.09394231
15,4,2,1,40,0.2999321898250951,0.02188361861480445,0.22695392506210965,0.7375341133913206,-0.06545897,0.42135695
15,4,2,2,47,0.11264322297518871,0.02188361861480445,0.09154503392558795,0.7675376705497196,-0.17970596,0.28542444
15,5,1,1,13,-0.1173012055479015,0.02188361861480445,-0.0445535895635039,0.47733083386047737,-0.15654987,0.105039
15,5,1,2,20,-0.057778696299311316,0.02188361861480445,-0.024655203086517412,0.5842012217633336,-0.17659637,0.19606152
15,5,2,1,16,0.14516467133387595,0.02188361861480445,0.08712295150624676,0.5291918867703651,-0.047939442,0.20183124
15,5,2,2,14,-0.20899596630945236,0.02188361861480445,-0.09259626216613226,0.49584237089863703,-0.1662833,0.015504959
15,6,1,1,18,-0.036981326062239396,0.02188361861480445,-0.010986747530828275,0.5584030754801934,-0.14799562,0.14838484
15,6,1,2,17,-0.2502831769053801,0.02188361861480445,-0.12624726627125082,0.5442650878955936,-0.2925074,0.09552025
15,6,2,1,22,-0.20570776654282402,0.02188361861480445,-0.11629882778309142,0.607151480282048,-0.31421566,0.10188136
15,6,2,2,17,0.08228044103173966,0.02188361861480445,0.054755500476172246,0.5442650878955936,-0.09402911,0.14501944
15,7,1,1,12,-0.03875957123532461,0.02188361861480445,-0.005855066160858334,0.4574080757330702,-0.17949983,0.1811972
15,7,1,2,14,0.19723400425919502,0.02188361861480445,0.1088297695707094,0.49584237089863703,-0.037280537,0.27610558
15,7,2,1,23,0.13551493780845192,0.02188361861480445,0.0920739185933304,0.6177020602824255,-0.04845595,0.22317937
15,7,2,2,12,0.050798516599320394,0.02188361861480445,0.035109526461919914,0.4574080757330702,-0.10986235,0.13278955
15,8,1,1,61,0.3400718277170039,0.02188361861480445,0.279869099385152,0.8107952255625057,0.0242573,0.49244255
15,8,1,2,54,0.014933432570950193,0.02188361861480445,0.016383343693144377,0.7913852790349009,-0.12598996,0.18166262
15,8,2,1,68,0.15591586609812547,0.02188361861480445,0.1327149832309819,0.8269007399131266,-0.00879237,0.2402942
15,8,2,2,67,-0.02996774570544394,0.02188361861480445,-0.020881825344328774,0.8247698883100162,-0.14918153,0.09016539
15,9,1,1,44,0.10042233780063872,0.02188361861480445,0.08122450862819244,0.7555622325973848,-0.07737801,0.2095033
15,9,1,2,39,-0.1434183568212643,0.02188361861480445,-0.0992172313328199,0.7326037673062209,-0.2818403,0.10250163
15,9,2,1,34,-0.035511011693339284,0.02188361861480445,-0.01857302805065318,0.7048855694034714,-0.19414543,0.16636893
15,9,2,2,37,-0.0023023373242983015,0.02188361861480445,0.004417350997381465,0.7221656924126088,-0.12210222,0.16909918
15,10,1,1,13,0.035250553431204514,0.02188361861480445,0.02826406875687534,0.47733083386047737,-0.087836646,0.186237
15,10,1,2,20,-0.15130937208252893,0.02188361861480445,-0.07929593815142337,0.5842012217633336,-0.17856482,0.03581421
15,10,2,1,19,-0.21144157921429285,0.02188361861480445,-0.11150612634184798,0.571690268336795,-0.24942987,0.078319155
15,10,2,2,16,0.29101857694845756,0.02188361861480445,0.16430765501125394,0.5291918867703651,-0.017474884,0.28932557
15,11,1,1,49,0.15802996644895512,0.02188361861480445,0.12738206580722883,0.7748900273178048,-0.03601628,0.26736632
15,11,1,2,54,-0.09921552575193404,0.02188361861480445,-0.07395246154075463,0.7913852790349009,-0.20932725,0.07681522
15,11,2,1,51,0.10343188639916433,0.02188361861480445,0.0856373660796803,0.7817915597356583,-0.04716287,0.20054713
15,11,2,2,67,-0.040969515365139125,0.02188361861480445,-0.029955753677768097,0.8247698883100162,-0.13584928,0.08462666
15,12,1,1,86,-0.1483419590238793,0.02188361861480445,-0.12416748014180426,0.8579856257948077,-0.27663553,0.033199307
15,12,1,2,74,0.004906339319435899,0.02188361861480445,0.007645257333264486,0.8386715582528131,-0.108796984,0.13430046
15,12,2,1,98,0.028433680800949573,0.02188361861480445,0.027602933939400054,0.8731696222202685,-0.08344097,0.14753975
15,12,2,2,96,-0.063583555194694,0.02188361861480445,-0.052547053123191634,0.870868526715273,-0.15847519,0.07368006
15,13,1,1,95,0.03796413034955468,0.02188361861480445,0.035868620663143606,0.8696863805719162,-0.07491701,0.15755373
15,13,1,2,99,0.04873573994646604,0.02188361861480445,0.045360151390358774,0.8742896877898777,-0.06166954,0.14379996
15,13,2,1,72,-0.0418765787196666,0.02188361861480445,-0.03135167966826009,0.8349299485979419,-0.20672324,0.12785307
15,13,2,2,88,0.07666795639184627,0.02188361861480445,0.06903999483844801,0.8607638266169777,-0.06281285,0.2079053
15,14,1,1,25,0.4098762406794859,0.02188361861480445,0.2691085471031729,0.6371897670960198,-0.030728782,0.43557858
15,14,1,2,12,-0.299515853255419,0.02188361861480445,-0.12512709535497948,0.4574080757330702,-0.19969453,0.10978666
15,14,2,1,16,0.030961839197851483,0.02188361861480445,0.026687739293664678,0.5291918867703651,-0.10956642,0.15068653
15,14,2,2,18,0.056028650131147155,0.02188361861480445,0.040950309225898346,0.5584030754801934,-0.11818877,0.1967071
15,15,1,1,19,-0.2965863803795619,0.02188361861480445,-0.1601825805675037,0.571690268336795,-0.29772374,0.10705374
15,15,1,2,20,0.37612844140734475,0.02188361861480445,0.2288338768935421,0.5842012217633336,0.032900207,0.30715978
15,15,2,1,18,-0.07345274071223415,0.02188361861480445,-0.031352497638498726,0.5584030754801934,-0.10413297,0.06541003
15,15,2,2,14,-0.03447028165433315,0.02188361861480445,-0.006059032904030074,0.49584237089863703,-0.079667896,0.07756808
15,16,1,1,66,0.10689025981173804,0.02188361861480445,0.09180888488014192,0.8225859212969333,-0.043802593,0.23251514
15,16,1,2,62,-0.14106514370173415,0.02188361861480445,-0.11063887744688145,0.8132770950677877,-0.2268925,0.035457157
15,16,2,1,57,0.06849716429940048,0.02188361861480445,0.05918242298191865,0.8001709335627736,-0.110606685,0.21211067
15,16,2,2,52,0.016131391739844587,0.02188361861480445,0.017367625660066627,0.785086028924986,-0.15268913,0.1756187
16,1,1,1,30,0.09102320006336644,0.0241570845458387,0.06950564260423907,0.6781993795723497,-0.08166101,0.23919556
16,1,1,2,37,-0.14242382815252994,0.0241570845458387,-0.09614193561570301,0.7221656924126088,-0.23909152,0.11380016
16,1,2,1,35,0.23933955443687116,0.0241570845458387,0.17712591116539153,0.7108795930124588,-0.010120876,0.27833447
16,1,2,2,37,0.04129385123698992,0.0241570845458387,0.03653266952906725,0.7221656924126088,-0.16539486,0.23173296
16,1,3,1,37,0.09157262182053379,0.0241570845458387,0.07284227270118691,0.7221656924126088,-0.11533074,0.23326755
16,1,3,2,32,0.052525128496836986,0.0241570845458387,0.04379116556901085,0.6921196631352943,-0.122302346,0.19044556
16,2,1,1,26,0.0371625634750177,0.0241570845458387,0.032561317314470095,0.6462070958244924,-0.12293984,0.20392023
16,2,1,2,24,0.06497750454063925,0.0241570845458387,0.04978009305160085,0.627700756362278,-0.07032145,0.15479164
16,2,2,1,24,-0.25976538085741574,0.0241570845458387,-0.1540612617360268,0.627700756362278,-0.26911914,0.032608707
16,2,2,2,27,-0.15921106692570045,0.0241570845458387,-0.09591000813572433,0.6547870593558273,-0.19579333,0.036523942
16,2,3,1,23,-0.09349282288218248,0.0241570845458387,-0.04851550566448662,0.6177020602824255,-0.15896931,0.0878315
16,2,3,2,28,-0.05447865753414188,0.0241570845458387,-0.027975323987136924,0.66296072439873,-0.16512091,0.120425485
16,3,1,1,13,-0.059699834146481924,0.0241570845458387,-0.015870408378536954,0.47733083386047737,-0.09791815,0.100313455
16,3,1,2,15,-0.1066498035768697,0.0241570845458387,-0.042958295033805216,0.5130875028284732,-0.18871805,0.08486367
16,3,2,1,6,-0.324910334765438,0.0241570845458387,-0.07934809660837769,0.29651916915774046,-0.096574716,0.02114807
16,3,2,2,10,0.204421165708167,0.0241570845458387,0.09853947424265556,0.4126301214152326,-0.02034161,0.1864884
16,3,3,1,14,-0.14922450262730483,0.0241570845458387,-0.0618128527082615,0.49584237089863703,-0.16473807,0.08431445
16,3,3,2,11,-0.1644211459012757,0.0241570845458387,-0.058045358967630904,0.4359063255528997,-0.13723709,0.086530246
16,4,1,1,24,0.0712243661514422,0.0241570845458387,0.05370125280959235,0.627700756362278,-0.1547637,0.26823735
16,4,1,2,20,-0.0948215168781227,0.0241570845458387,-0.04535035976973224,0.5842012217633336,-0.20956102,0.12892331
16,4,2,1,34,0.05915322114993541,0.0241570845458387,0.04882535622293908,0.7048855694034714,-0.18374486,0.246981
16,4,2,2,30,0.20281871943959212,0.0241570845458387,0.14532529448416392,0.6781993795723497,-0.089881405,0.34127116
16,4,3,1,28,0.13764661552069876,0.0241570845458387,0.09939618621260403,0.66296072439873,-0.1247023,0.27211183
16,4,3,2,35,0.003302973867497643,0.0241570845458387,0.009332322834182838,0.7108795930124588,-0.20767161,0.19242856
16,5,1,1,15,-0.2673819846033391,0.0241570845458387,-0.12542796842085052,0.5130875028284732,-0.23163018,0.023326742
16,5,1,2,12,0.051982881025045,0.0241570845458387,0.03688482856913249,0.4574080757330702,-0.030989992,0.08415136
16,5,2,1,10,0.06460941548261806,0.0241570845458387,0.04084893477181113,0.4126301214152326,-0.044124797,0.11733048
16,5,2,2,8,0.19218566170569484,0.0241570845458387,0.08461320997698889,0.3597966872839402,-0.09222304,0.20870791
16,5,3,1,4,0.1572629503563571,0.0241570845458387,0.05335532430392151,0.21936102951050776,-0.011021008,0.09581096
16,5,3,2,14,-0.10492708418373459,0.0241570845458387,-0.03984831572251262,0.49584237089863703,-0.17076369,0.1716525
16,6,1,1,14,-0.1379308192350263,0.0241570845458387,-0.05621296595885555,0.49584237089863703,-0.2759746,0.13649394
16,6,1,2,14,0.0655511424138847,0.0241570845458387,0.044682012340246005,0.49584237089863703,-0.047854953,0.13120882
16,6,2,1,16,0.05084316324685741,0.0241570845458387,0.03827914088413325,0.5291918867703651,-0.06665224,0.13893594
16,6,2,2,7,-0.5162181768244487,0.0241570845458387,-0.15397647379198753,0.32964787819137736,-0.2722539,0.12665874
16,6,3,1,10,0.37231141995460976,0.0241570845458387,0.16781605023679952,0.4126301214152326,-0.049311247,0.2502491
16,6,3,2,13,0.17682950299514133,0.0241570845458387,0.09703233735174005,0.47733083386047737,0.015977245,0.13760196
16,7,1,1,11,-0.2399783938560688,0.0241570845458387,-0.0909812412924941,0.4359063255528997,-0.20185673,0.052920762
16,7,1,2,11,0.19319268942351583,0.0241570845458387,0.09784077395567875,0.4359063255528997,0.027391134,0.13788739
16,7,2,1,16,0.34848654545716,0.0241570845458387,0.1957896039007162,0.5291918867703651,0.009560772,0.31112415
16,7,2,2,8,-0.15637400903127577,0.0241570845458387,-0.040797404874954105,0.3597966872839402,-0.13388605,0.09717231
16,7,3,1,8,0.5272597272419057,0.0241570845458387,0.20517174875167943,0.3597966872839402,0.038095042,0.26523712
16,7,3,2,7,0.03340143223679416,0.0241570845458387,0.027204464147425524,0.32964787819137736,-0.043484434,0.20994261
16,8,1,1,48,0.032394175917829976,0.0241570845458387,0.03051013004786258,0.7712729184510747,-0.124289244,0.1737897
16,8,1,2,35,0.0212857327977593,0.0241570845458387,0.022115899183768405,0.7108795930124588,-0.21553943,0.24657854
16,8,2,1,40,-0.3642253219280273,0.0241570845458387,-0.26228818926965153,0.7375341133913206,-0.49487936,0.009693767
16,8,2,2,42,-0.030287342062982055,0.0241570845458387,-0.016505756824689296,0.746868759637925,-0.124229655,0.13921042
16,8,3,1,41,0.06366727294310422,0.0241570845458387,0.05348494173091101,0.742285936229605,-0.20907925,0.24255337
16,8,3,2,44,0.27009711297464045,0.0241570845458387,0.2099800815105684,0.7555622325973848,0.024018353,0.3812959
16,9,1,1,29,0.06622502213195017,0.0241570845458387,0.05237441801261328,0.6707562834287933,-0.14402388,0.24161613
16,9,1,2,24,-0.15178729095699295,0.0241570845458387,-0.08628333303497737,0.627700756362278,-0.20011911,0.07450585
16,9,2,1,21,0.3379336279839046,0.0241570845458387,0.2111685405313679,0.5960020272275135,0.07260028,0.25848123
16,9,2,2,27,0.09322127605172745,0.0241570845458387,0.0693794234087673,0.6547870593558273,-0.09948302,0.18709767
16,9,3,1,28,0.010762130900759354,0.0241570845458387,0.015276756374009489,0.66296072439873,-0.10231788,0.12502229
16,9,3,2,25,-0.0928106711275607,0.0241570845458387,-0.05037357244943881,0.6371897670960198,-0.16301641,0.07905444
16,10,1,1,11,0.24990066272132352,0.0241570845458387,0.12256013822547807,0.4359063255528997,0.027574433,0.1616748
16,10,1,2,7,-0.31216653360640595,0.0241570845458387,-0.08671128256369576,0.32964787819137736,-0.21641536,0.057850424
16,10,2,1,9,-0.2809226178126557,0.0241570845458387,-0.09401564540800125,0.3873503515319974,-0.25962433,0.16168074
16,10,2,2,15,-0.21602638940041016,0.0241570845458387,-0.09907805432190978,0.5130875028284732,-0.33493477,0.120147265
16,10,3,1,12,0.06674272073801037,0.0241570845458387,0.04363609845036853,0.4574080757330702,-0.12840924,0.23204651
16,10,3,2,14,0.2808520650102444,0.0241570845458387,0.15143733225708894,0.49584237089863703,0.0072265943,0.2241941
16,11,1,1,30,0.06016105437927054,0.0241570845458387,0.04857495454901376,0.6781993795723497,-0.09275856,0.18317951
16,11,1,2,36,-0.0335608954405249,0.0241570845458387,-0.01720563866998739,0.7166349762344145,-0.1296102,0.07791466
16,11,2,1,37,0.05318448333518779,0.0241570845458387,0.045119676091485914,0.7221656924126088,-0.1753555,0.27838328
16,11,2,2,39,-0.02791081937011366,0.0241570845458387,-0.01398805801872633,0.7326037673062209,-0.13185821,0.13992657
16,11,3,1,33,0.2900156396770173,0.0241570845458387,0.2098959069898025,0.6986377487544738,0.050193768,0.30571944
16,11,3,2,46,-0.1748013274812618,0.0241570845458387,-0.12778315715503885,0.763678399685767,-0.2335608,0.021344094
16,12,1,1,66,0.162415351032695,0.0241570845458387,0.1378863880608463,0.8225859212969333,-0.058115423,0.3322827
16,12,1,2,48,-0.014476430174206498,0.0241570845458387,-0.005639899102313115,0.7712729184510747,-0.13953725,0.13252857
16,12,2,1,57,-0.031166505055538956,0.0241570845458387,-0.020111243793539412,0.8001709335627736,-0.15010808,0.13924001
16,12,2,2,64,-0.035003097332628894,0.0241570845458387,-0.024238931462721658,0.8180504939619693,-0.13405865,0.09433217
16,12,3,1,61,0.01643458280248078,0.0241570845458387,0.01789571700292597,0.8107952255625057,-0.11572176,0.153338
16,12,3,2,58,-0.14223865900608434,0.0241570845458387,-0.10944826727029326,0.8029373165692848,-0.2492689,0.044052005
16,13,1,1,64,0.11079143261454148,0.0241570845458387,0.09502835577751419,0.8180504939619693,-0.07234142,0.23291308
16,13,1,2,71,0.1074287374816224,0.0241570845458387,0.09352181329146655,0.8329932972402937,-0.05275672,0.1995949
16,13,2,1,54,0.11162408033117868,0.0241570845458387,0.09337717741176449,0.7913852790349009,-0.04658686,0.24670084
16,13,2,2,59,-0.04954487270833945,0.0241570845458387,-0.03521928701931164,0.8056281512358927,-0.18264423,0.13110891
16,13,3,1,49,-0.022186001942018658,0.0241570845458387,-0.011753711008728476,0.7748900273178048,-0.17709848,0.15609133
16,13,3,2,57,0.07117087413695886,0.0241570845458387,0.06177615245328912,0.8001709335627736,-0.07065723,0.19349925
16,14,1,1,14,-0.0689689206083109,0.0241570845458387,-0.022018734642113534,0.49584237089863703,-0.19061579,0.13007696
16,14,1,2,10,0.22638963736931322,0.0241570845458387,0.10760432737150143,0.4126301214152326,-0.014065889,0.17110935
16,14,2,1,14,0.2878296763504679,0.0241570845458387,0.15489712760723456,0.49584237089863703,-0.12062453,0.3087527
16,14,2,2,8,0.4617627108904626,0.0241570845458387,0.18160613924144814,0.3597966872839402,0.017866023,0.20575388
16,14,3,1,13,-0.24173571432599475,0.0241570845458387,-0.10276174685714975,0.47733083386047737,-0.17038243,0.058137987
16,14,3,2,12,0.1019496576565041,0.0241570845458387,0.05974003571871234,0.4574080757330702,-0.08836964,0.19635528
16,15,1,1,12,0.32328096055864264,0.0241570845458387,0.16097876107867282,0.4574080757330702,0.026126593,0.21384175
16,15,1,2,15,0.21554852944675926,0.0241570845458387,0.12235764307278534,0.5130875028284732,-0.010841048,0.2097282
16,15,2,1,14,-0.08772115056206581,0.0241570845458387,-0.0313168848020198,0.49584237089863703,-0.124787755,0.09957767
16,15,2,2,11,0.24078484156629457,0.0241570845458387,0.118586494121392,0.4359063255528997,-0.0016215211,0.17603643
16,15,3,1,11,-0.21376657138291177,0.0241570845458387,-0.0795553420721753,0.4359063255528997,-0.2713796,0.16759881
16,15,3,2,8,-0.16729164783731756,0.0241570845458387,-0.044725535150330537,0.3597966872839402,-0.117305145,0.12169137
16,16,1,1,43,-0.09538546550741656,0.0241570845458387,-0.06565421024450233,0.7512914418366582,-0.19226745,0.07740232
16,16,1,2,30,-0.06681363732558654,0.0241570845458387,-0.03753920258661068,0.6781993795723497,-0.19842798,0.15567759
16,16,2,1,39,0.23456686162743437,0.0241570845458387,0.17830407991387784,0.7326037673062209,-0.035052307,0.35052347
16,16,2,2,42,0.0745696917285763,0.0241570845458387,0.06180868594252388,0.746868759637925,-0.07894666,0.19141476
16,16,3,1,41,0.18632278232199415,0.0241570845458387,0.14453040134393944,0.742285936229605,-0.0055575683,0.25670218
16,16,3,2,42,-0.10254460979080787,0.0241570845458387,-0.07047245274739604,0.746868759637925,-0.2097273,0.11095823
17,1,0,1,102,-0.10788892565395558,-0.008531553329506772,-0.095721050503117,0.8775342496870315,-0.21734382,0.032421697
17,1,0,2,106,-0.12468081606073089,-0.008531553329506772,-0.11092972715727968,0.8816084701693545,-0.22041002,0.01390287
17,2,0,1,73,0.13679954046231926,-0.008531553329506772,0.11308473216853164,0.8368221990556474,-0.063114434,0.25693396
17,2,0,2,79,-0.05499424362806138,-0.008531553329506772,-0.04790047288925933,0.8473232890041512,-0.16542144,0.056280166
17,3,0,1,33,0.06512285485304153,-0.008531553329506772,0.04292619658899187,0.6986377487544738,-0.11432933,0.19313037
17,3,0,2,36,-0.002781560595485351,-0.008531553329506772,-0.004410907423213275,0.7166349762344145,-0.11818104,0.10019779
17,4,0,1,86,-0.10359951470449329,-0.008531553329506772,-0.0900984976628612,0.8579856257948077,-0.2578811,0.0814616
17,4,0,2,85,-0.14404698508279906,-0.008531553329506772,-0.12460791042118066,0.8565545310219171,-0.28192434,0.048817843
17,5,0,1,29,0.08778501130594148,-0.008531553329506772,0.05607338759799565,0.6707562834287933,-0.0914283,0.18105341
17,5,0,2,34,0.027461349811550382,-0.008531553329506772,0.016839324695561292,0.7048855694034714,-0.15658197,0.15121667
17,6,0,1,40,-0.0612049525465708,-0.008531553329506772,-0.04737998212037117,0.7375341133913206,-0.17843913,0.06771111
17,6,0,2,34,0.021777674580221954,-0.008531553329506772,0.012832984043821948,0.7048855694034714,-0.091602966,0.12208316
17,7,0,1,35,0.06592492985735032,-0.008531553329506772,0.04439804113550518,0.7108795930124588,-0.15962425,0.2283048
17,7,0,2,26,0.17593296536994996,-0.008531553329506772,0.11067072758193194,0.6462070958244924,-0.117912546,0.3540463
17,8,0,1,129,-0.15278128957344375,-0.008531553329506772,-0.13844564292983985,0.9006192522989349,-0.26729223,0.032944415
17,8,0,2,121,0.09439713430403614,-0.008531553329506772,0.08356288606982833,0.8947402470263587,-0.035045464,0.1800826
17,9,0,1,78,0.022110057275345513,-0.008531553329506772,0.01738107573091191,0.8456679837944048,-0.10895625,0.14647932
17,9,0,2,76,-0.08414436679448285,-0.008531553329506772,-0.07221624183150974,0.8422473068205797,-0.1803304,0.043827377
17,10,0,1,32,-0.011184195061191431,-0.008531553329506772,-0.010367498831258983,0.6921196631352943,-0.16849338,0.1401791
17,10,0,2,36,-0.11144932192262987,-0.008531553329506772,-0.08228602597933853,0.7166349762344145,-0.28637102,0.14417891
17,11,0,1,100,-0.05635199279736095,-0.008531553329506772,-0.05039309469617976,0.8753901434722933,-0.16623823,0.062990695
17,11,0,2,121,0.1564716661521298,-0.008531553329506772,0.1391034680296372,0.8947402470263587,0.033253275,0.23142369
17,12,0,1,184,0.03888813615685936,-0.008531553329506772,0.03548303829919074,0.9281923206467296,-0.07491184,0.14142561
17,12,0,2,170,-0.0480879725176256,-0.008531553329506772,-0.04503167171594107,0.9227356554406592,-0.1429548,0.060635176
17,13,0,1,167,0.04102417771082241,-0.008531553329506772,0.037131906561596505,0.9214566899223358,-0.084559545,0.15284425
17,13,0,2,187,-0.06605432949371155,-0.008531553329506772,-0.06198533090419872,0.9292628266428337,-0.1452015,0.029856207
17,14,0,1,41,-0.025756285251834415,-0.008531553329506772,-0.02131722959077571,0.742285936229605,-0.21429093,0.21497224
17,14,0,2,30,0.36004692621063805,-0.008531553329506772,0.24143814281833942,0.6781993795723497,0.05092718,0.34205362
17,15,0,1,37,0.04371496400693177,-0.008531553329506772,0.029199089038909738,0.7221656924126088,-0.11139272,0.17400706
17,15,0,2,34,-0.08736499127886821,-0.008531553329506772,-0.06410010612647564,0.7048855694034714,-0.15357214,0.032757636
17,16,0,1,123,0.06358996611354094,-0.008531553329506772,0.05610910791539737,0.8962742568942826,-0.07891967,0.19277142
17,16,0,2,114,-0.005984886871541155,-0.008531553329506772,-0.0062675811264778745,0.8889943934147749,-0.10896586,0.09472867
